timestamp,gaze_x,gaze_y,eye_aspect_ratio,blink,saccade_velocity,fixation,pupil_size,left_pupil_x,left_pupil_y,left_pupil_diameter,right_pupil_x,right_pupil_y,right_pupil_diameter,por_binocular_x,por_binocular_y,point_of_regard_right_x,point_of_regard_right_y,point_of_regard_left_x,point_of_regard_left_y,category_binocular,index_binocular,gx_med,gy_med,sv_grp,RecordingTime [ms]
0.0,1391.6666666666667,704.9166666666666,0.2620799699604701,0,0.0,0,84.96608382530141,1491.5,690.0,82.56512580987206,1290.5,726.0,87.36704184073076,1391.0,708.0,1290.5,726.0,1491.5,690.0,blink,0,1400.0,706.75,1,0.0
0.004,1400.4166666666667,704.5833333333334,0.2312045268453555,0,0.0,0,80.35084959307436,1505.5,697.0,65.27633568147036,1296.5,716.5,95.42536350467836,1401.0,706.75,1296.5,716.5,1505.5,697.0,blink,1,1398.5,702.375,2,0.004
0.008,1399.9166666666667,696.3333333333334,0.2291196947017022,0,0.0,0,79.05806520989418,1505.0,696.5,68.06614430096654,1295.0,699.5,90.0499861188218,1400.0,698.0,1295.0,699.5,1505.0,696.5,blink,2,1400.0,706.75,2,0.008
0.012,1397.0,693.0833333333333,0.2177453539238366,0,0.0,0,79.00301193889428,1498.5,699.0,75.0,1295.5,691.5,83.00602387778854,1397.0,695.25,1295.5,691.5,1498.5,699.0,blink,3,1401.0,706.75,3,0.012
0.016,1442.6666666666663,718.6666666666666,0.2115976444564556,0,0.0,0,79.06416840467556,1543.5,725.0,65.12296062065974,1343.5,713.5,93.00537618869136,1443.5,719.25,1343.5,713.5,1543.5,725.0,blink,4,1412.5,719.25,4,0.016
0.02,1424.4166666666663,725.25,0.1962455690204863,0,0.0,0,81.58944832134608,1529.0,729.5,72.17340230306452,1320.5,722.5,91.00549433962765,1424.75,726.0,1320.5,722.5,1529.0,729.5,blink,5,1419.5,726.0,4,0.02
0.024,1410.8333333333337,736.8333333333333,0.2043394937631969,0,0.0,0,76.04595273960601,1507.5,731.0,65.0,1317.5,744.0,87.09190547921202,1412.5,737.5,1317.5,744.0,1507.5,731.0,blink,6,1419.5,737.5,4,0.024
0.028,1417.9166666666663,737.4166666666667,0.196171025478734,1,0.0,0,76.07342293915485,1517.0,728.5,62.00806399170998,1322.0,746.5,90.13878188659972,1419.5,737.5,1322.0,746.5,1517.0,728.5,blink,7,1419.5,737.5,5,0.028
0.032,1418.1666666666667,740.8333333333333,0.1721129886416999,0,0.0,0,72.23463944376626,1514.0,729.5,64.07027391856539,1324.0,752.0,80.39900496896712,1419.0,740.75,1324.0,752.0,1514.0,729.5,blink,8,1419.5,737.5,5,0.032
0.036,1418.75,733.3333333333333,0.1887992926122347,0,690.3350635742044,0,79.14320209041759,1522.5,720.5,77.78174593052023,1317.0,749.5,80.50465825031493,1419.75,735.0,1317.0,749.5,1522.5,720.5,saccade,9,1419.75,740.25,6,0.036
0.04,1444.9166666666667,740.5833333333334,0.1963291404173757,0,6688.668122279645,0,77.52301676262616,1545.5,730.5,73.824115301167,1347.5,755.0,81.2219182240853,1446.5,742.75,1347.5,755.0,1545.5,730.5,saccade,10,1446.5,740.75,6,0.04
0.044,1464.25,737.8333333333333,0.2540046360811142,0,5024.937810560449,0,78.57639698020253,1565.0,720.0,82.60750571225353,1368.0,760.5,74.54528824815154,1466.5,740.25,1368.0,760.5,1565.0,720.0,saccade,11,1466.5,742.75,6,0.044
0.048,1536.5833333333333,758.0,0.206523142661239,0,17958.39375473206,0,71.43328220469631,1622.0,746.5,58.69412236331676,1451.5,769.0,84.17244204607586,1536.75,757.75,1451.5,769.0,1622.0,746.5,saccade,12,1536.75,757.75,6,0.048
0.052,1550.0833333333337,766.3333333333334,0.2090283157994043,0,4056.2451848969913,0,68.03537309955851,1636.5,753.5,67.60177512462228,1464.0,780.0,68.46897107449476,1550.25,766.75,1464.0,780.0,1636.5,753.5,saccade,13,1550.25,766.75,6,0.052
0.056,1576.5833333333337,770.9166666666667,0.2157014697058368,0,6647.9555127873655,0,62.98026246388716,1661.5,758.5,56.08921464952064,1491.5,783.5,69.87131027825369,1576.5,771.0,1491.5,783.5,1661.5,758.5,saccade,14,1576.5,771.0,6,0.056
0.06,1596.1666666666663,781.0833333333333,0.2350945297504195,0,2500.0000000000023,0,67.27635109686659,1686.0,773.5,61.0,1503.5,788.5,73.55270219373317,1594.75,781.0,1503.5,788.5,1686.0,773.5,saccade,15,1576.5,781.0,6,0.06
0.064,1602.4166666666667,785.5833333333334,0.1896129017934928,0,1124.999999999999,0,70.70049638508148,1693.5,779.5,73.33484846919642,1511.0,791.5,68.06614430096654,1602.25,785.5,1511.0,791.5,1693.5,779.5,saccade,16,1576.5,785.5,6,0.064
0.172,1100.4166666666667,818.8333333333333,0.211779279488713,0,4417.512196804479,0,221.0438895631373,1375.5,791.5,202.05444810743464,826.0,851.0,240.03333101884,1100.75,821.25,826.0,851.0,1375.5,791.5,saccade,17,1100.75,821.25,6,0.172
0.176,1059.0,818.5,0.2159633733440556,0,10626.654282981064,0,225.11081610908585,1338.5,792.5,214.2195135836136,778.0,851.5,236.00211863455803,1058.25,822.0,778.0,851.5,1338.5,792.5,saccade,18,1058.25,822.0,6,0.176
0.18,1009.0,828.5,0.2163375462570877,0,13054.124108878377,0,228.8623500202152,1285.5,800.5,228.70505022845472,728.5,863.5,229.0196498119757,1007.0,832.0,728.5,863.5,1285.5,800.5,saccade,19,1007.0,832.0,6,0.18
0.184,958.25,846.75,0.2125804793775007,0,12986.92250881631,0,226.99643128831104,1240.0,810.0,225.93804460515275,676.0,888.5,228.0548179714693,958.0,849.25,676.0,888.5,1240.0,810.0,saccade,20,958.0,849.25,6,0.184
0.188,898.5,857.75,0.2185333937020796,0,15199.712168327385,0,233.2658640408631,1189.5,817.0,241.42286552851616,607.5,906.5,225.10886255321003,898.5,861.75,607.5,906.5,1189.5,817.0,saccade,21,898.5,861.75,6,0.188
0.192,833.1666666666667,876.0,0.2461851328837613,0,16444.27141894707,0,239.499178640372,1137.0,837.5,259.8865136939584,535.5,928.5,219.1118435867856,836.25,883.0,535.5,928.5,1137.0,837.5,saccade,22,836.25,883.0,6,0.192
0.196,766.6666666666666,902.4166666666669,0.2586197250833189,0,0.0,0,244.6510730971025,1072.0,859.0,271.7130839691015,465.5,954.0,217.5890622251036,768.75,906.5,465.5,954.0,1072.0,859.0,blink,23,836.25,883.0,7,0.196
0.2,685.6666666666667,933.25,0.2688882552026578,0,0.0,0,255.17867704441764,1006.0,887.0,297.3550066839299,375.5,993.5,213.00234740490535,690.75,940.25,375.5,993.5,1006.0,887.0,blink,24,836.25,883.0,7,0.2
0.312,988.9166666666669,696.8333333333334,0.2354087812362333,0,0.0,0,99.15671231220232,1116.0,673.0,98.48857801796105,859.0,726.5,99.82484660644364,987.5,699.75,859.0,726.5,1116.0,673.0,blink,25,987.5,699.75,8,0.312
0.316,1037.75,648.6666666666667,0.1961419061018374,0,0.0,0,87.37801862749224,1158.0,619.5,87.09190547921202,918.0,684.5,87.66413177577246,1038.0,652.0,918.0,684.5,1158.0,619.5,blink,26,1038.0,652.0,8,0.316
0.32,1080.75,624.5833333333333,0.1635472955380578,0,0.0,0,81.61770974118551,1188.5,589.0,85.86617494683223,974.5,662.5,77.3692445355388,1081.5,625.75,974.5,662.5,1188.5,589.0,blink,27,1081.5,625.75,8,0.32
0.324,1146.75,612.6666666666667,0.1843356550943162,0,0.0,0,83.56652797538956,1257.5,582.0,83.93449827097318,1035.5,649.5,83.19855767980596,1146.5,615.75,1035.5,649.5,1257.5,582.0,blink,28,1146.5,615.75,8,0.324
0.328,1172.4166666666663,607.3333333333334,0.1766895213605189,0,0.0,0,91.07828023031747,1281.5,579.5,93.86160024205851,1060.0,640.0,88.29496021857646,1170.75,609.75,1060.0,640.0,1281.5,579.5,blink,29,1170.75,615.75,8,0.328
0.332,1225.8333333333337,602.5,0.2207969251966637,0,0.0,0,84.70195758889362,1337.5,583.5,79.30952023559341,1113.5,627.0,90.09439494219384,1225.5,605.25,1113.5,627.0,1337.5,583.5,blink,30,1170.75,615.75,9,0.332
0.34,1296.5833333333333,648.0833333333334,0.2636277430212194,0,0.0,0,75.4892257298693,1390.0,618.0,61.35144660071187,1204.0,680.5,89.62700485902673,1297.0,649.25,1204.0,680.5,1390.0,618.0,blink,31,1170.75,649.25,10,0.34
0.348,1024.8333333333333,733.0,0.2346858978564518,0,0.0,0,199.16275354508667,1263.0,696.0,195.96938536414305,786.0,778.0,202.35612172603032,1024.5,737.0,786.0,778.0,1263.0,696.0,blink,32,1072.0,732.75,10,0.348
0.352,1046.1666666666667,729.4166666666667,0.2358259986109132,0,0.0,0,194.15672891126476,1282.5,696.0,189.19038030513076,810.5,769.5,199.1230775173988,1046.5,732.75,810.5,769.5,1282.5,696.0,blink,33,1072.0,736.25,10,0.352
0.356,1070.6666666666667,731.4166666666667,0.2495934159860978,0,0.0,0,195.8907613716005,1304.5,703.0,188.692872149427,839.5,770.0,203.088650593774,1072.0,736.5,839.5,770.0,1304.5,703.0,blink,34,1072.0,736.25,11,0.356
0.36,1088.1666666666663,731.9166666666666,0.2507868613732836,0,0.0,0,194.86797075808732,1319.5,706.0,180.44666802132977,860.5,766.5,209.2892734948449,1090.0,736.25,860.5,766.5,1319.5,706.0,blink,35,1090.0,735.75,12,0.36
0.364,1098.5833333333337,731.6666666666666,0.2425008516510882,0,0.0,0,198.27952952186456,1332.5,705.0,185.3672031401456,867.5,766.5,211.1918559035836,1100.0,735.75,867.5,766.5,1332.5,705.0,blink,36,1100.0,735.75,12,0.364
0.368,1108.3333333333333,725.3333333333333,0.2729748301761331,0,0.0,0,192.3032138768376,1332.0,702.0,181.60396471443016,882.5,758.5,203.00246303924493,1107.25,730.25,882.5,758.5,1332.0,702.0,blink,37,1107.25,730.25,12,0.368
0.372,1119.6666666666663,719.0833333333333,0.2689489191728703,0,0.0,0,188.84454712947095,1343.5,700.5,181.6865432551349,895.0,747.5,196.0025510038071,1119.25,724.0,895.0,747.5,1343.5,700.5,blink,38,1119.25,729.0,12,0.372
0.376,1120.1666666666667,723.0833333333333,0.2706874709283294,0,0.0,0,190.26377734417468,1342.5,703.5,178.46568297574746,898.0,754.5,202.06187171260197,1120.25,729.0,898.0,754.5,1342.5,703.5,blink,39,1120.25,729.0,13,0.376
0.38,1130.5833333333337,721.0,0.2556594623393129,0,0.0,0,186.1477280225008,1343.0,706.0,179.25400971805345,915.5,745.0,193.04144632694812,1129.25,725.5,915.5,745.0,1343.0,706.0,blink,40,1129.25,725.75,14,0.38
0.384,1132.3333333333337,723.75,0.2825857811541846,0,0.0,0,187.5217275703626,1348.5,705.0,181.0331461362808,914.0,753.0,194.0103090044444,1131.25,729.0,914.0,753.0,1348.5,705.0,blink,41,1131.25,727.0,14,0.384
0.388,1135.0833333333333,720.8333333333334,0.2590562856876148,0,0.0,0,186.2934293499357,1355.5,704.0,182.58422713914803,913.0,747.5,190.0026315607234,1134.25,725.75,913.0,747.5,1355.5,704.0,blink,42,1134.25,726.25,14,0.388
0.392,1137.0,723.75,0.2637546317193604,0,0.0,0,183.648279047372,1351.0,705.0,179.25400971805345,919.0,749.0,188.04254837669052,1135.0,727.0,919.0,749.0,1351.0,705.0,blink,43,1135.0,726.25,15,0.392
0.396,1139.9166666666667,722.6666666666667,0.2601959592418951,0,0.0,0,185.35342464240543,1351.5,706.5,181.6645259812713,924.5,746.0,189.04232330353963,1138.0,726.25,924.5,746.0,1351.5,706.5,blink,44,1138.0,725.75,16,0.396
0.4,1146.5833333333337,719.8333333333333,0.2476966905922951,0,0.0,0,177.88331138639967,1359.5,704.5,175.75551200460256,931.0,740.0,180.01111076819674,1145.25,722.25,931.0,740.0,1359.5,704.5,blink,45,1144.5,723.75,16,0.4
0.404,1146.0833333333333,719.8333333333333,0.2580744286313284,0,187.49999999999983,0,179.95514918558814,1357.0,707.0,178.88543819998318,933.5,740.5,181.02486017119307,1145.25,723.75,933.5,740.5,1357.0,707.0,visual intake,46,1145.25,723.75,17,0.404
0.408,1145.4166666666667,720.9166666666666,0.2517454874247589,0,250.00000000000324,0,175.4403088984604,1356.0,704.5,170.83617883809038,933.0,743.0,180.0444389588304,1144.5,723.75,933.0,743.0,1356.0,704.5,visual intake,47,1145.25,722.75,17,0.408
0.412,1145.6666666666667,718.5,0.2669935508360122,0,249.99999999999977,0,179.97724290168838,1360.0,706.0,178.88543819998318,930.5,739.5,181.0690476033936,1145.25,722.75,930.5,739.5,1360.0,706.0,visual intake,48,1145.25,723.75,17,0.412
0.416,1145.75,718.0833333333334,0.2376996174184733,0,249.99999999999977,0,176.79554998842934,1356.0,705.5,172.45579143653018,934.5,738.5,181.13530854032848,1145.25,722.0,934.5,738.5,1356.0,705.5,visual intake,49,1145.25,722.75,17,0.416
0.42,1147.75,720.6666666666667,0.2529956671550796,0,187.49999999999983,0,177.54785068695597,1357.5,705.5,180.0499930574839,933.5,743.0,175.04570831642803,1145.5,724.25,933.5,743.0,1357.5,705.5,visual intake,50,1145.25,722.0,17,0.42
0.424,1145.8333333333333,718.1666666666667,0.2443899516742812,0,62.49999999999994,0,178.65325590552612,1357.5,705.0,171.30382365843442,933.0,737.5,186.00268815261785,1145.25,721.25,933.0,737.5,1357.5,705.0,visual intake,51,1145.5,722.0,17,0.424
0.428,1147.8333333333333,719.0,0.245467591123576,0,265.1650429449551,0,176.86367339674007,1357.5,705.5,177.72450590731714,935.0,738.5,176.00284088616297,1146.25,722.0,935.0,738.5,1357.5,705.5,visual intake,52,1146.25,721.25,17,0.428
0.432,1146.5833333333333,714.3333333333334,0.2515701403322181,0,0.0,0,177.78395705478405,1354.5,704.5,171.47011401407536,938.0,731.0,184.09780009549272,1146.25,717.75,938.0,731.0,1354.5,704.5,blink,53,1146.25,721.25,17,0.432
0.436,1147.9166666666667,717.5833333333333,0.2660446931554632,0,187.49999999999983,0,176.38340553949183,1358.5,706.5,175.75551200460256,935.5,736.0,177.01129907438113,1147.0,721.25,935.5,736.0,1358.5,706.5,visual intake,54,1146.25,720.5,17,0.436
0.44,1147.5833333333333,716.9166666666667,0.2459880540217766,0,176.77669529663675,0,175.64834844485551,1354.5,706.0,175.2512482123879,939.0,735.0,176.0454486773231,1146.75,720.5,939.0,735.0,1354.5,706.0,visual intake,55,1146.75,720.0,17,0.44
0.444,1146.1666666666667,716.4166666666666,0.2631998202625882,0,62.49999999999994,0,173.93760643445677,1353.0,709.5,169.84993376507393,938.0,730.5,178.02527910383964,1145.5,720.0,938.0,730.5,1353.0,709.5,visual intake,56,1147.0,720.0,17,0.444
0.448,1149.4166666666663,714.3333333333333,0.2517530035416405,0,437.4999999999996,0,171.42904382366623,1355.5,705.0,169.6732153287607,942.5,730.0,173.18487231857176,1149.0,717.5,942.5,730.0,1355.5,705.0,visual intake,57,1148.75,720.0,17,0.448
0.452,1149.4166666666663,716.1666666666666,0.2490937884755101,0,318.68871959954873,0,175.47467698698733,1354.0,707.5,169.84993376507393,943.5,730.0,181.0994202089007,1148.75,718.75,943.5,730.0,1354.0,707.5,visual intake,58,1149.0,718.75,17,0.452
0.456,1151.6666666666663,716.8333333333333,0.2550102515827698,0,318.68871959954873,0,175.1100611363937,1357.5,706.5,173.11845655504212,945.5,734.0,177.1016657177453,1151.5,720.25,945.5,734.0,1357.5,706.5,visual intake,59,1150.25,718.5,17,0.456
0.46,1150.1666666666667,715.0833333333334,0.2389160744518859,0,0.0,0,175.67843920746117,1357.0,707.5,172.13076424625552,943.5,729.5,179.22611416866684,1150.25,718.5,943.5,729.5,1357.0,707.5,blink,60,1150.25,718.5,17,0.46
0.464,1151.75,715.1666666666666,0.2351069129864698,0,312.4999999999997,0,173.25653976242515,1357.5,703.0,168.44286865284622,946.0,732.5,178.07021087200408,1151.75,717.75,946.0,732.5,1357.5,703.0,visual intake,61,1151.5,718.5,17,0.464
0.468,1150.0,713.8333333333333,0.2378937732693831,0,0.0,0,174.83324371129302,1358.5,704.0,168.44286865284622,941.5,729.5,181.22361876973983,1150.0,716.75,941.5,729.5,1358.5,704.0,blink,62,1151.5,718.5,17,0.468
0.472,1151.6666666666667,716.6666666666666,0.2432330246016936,0,0.0,0,172.0461593336068,1353.5,708.0,170.98830369355676,949.5,731.0,173.1040149736568,1151.5,719.5,949.5,731.0,1353.5,708.0,blink,63,1151.5,718.5,17,0.472
0.476,1152.3333333333333,716.5,0.2349978538831485,0,124.99999999999989,0,170.4149909777584,1353.0,705.0,167.72596698186004,951.5,733.0,173.1040149736568,1152.25,719.0,951.5,733.0,1353.0,705.0,visual intake,64,1151.5,719.0,17,0.476
0.48,1149.6666666666667,715.25,0.2414743433290225,0,124.99999999999989,0,172.78036794188952,1354.5,707.0,166.4602054546371,944.5,730.0,179.10053042914194,1149.5,718.5,944.5,730.0,1354.5,707.0,visual intake,65,1151.5,719.5,17,0.48
0.484,1152.25,717.5,0.2457596739571256,0,499.99999999999955,0,169.65035961928413,1352.0,707.5,170.1558109498468,951.5,733.5,169.14490828872147,1151.75,720.5,951.5,733.5,1352.0,707.5,visual intake,66,1149.5,719.5,17,0.484
0.488,1146.0,716.4166666666667,0.2454517196236313,0,249.99999999999977,0,171.83234630718488,1350.0,707.0,163.48700254148645,942.0,732.0,180.1776900728833,1146.0,719.5,942.0,732.0,1350.0,707.0,visual intake,67,1149.5,720.5,17,0.488
0.492,1149.8333333333333,718.6666666666667,0.2429537808510957,0,0.0,0,168.1486366240335,1350.5,709.0,165.0605949341029,948.5,734.5,171.23667831396403,1149.5,721.75,948.5,734.5,1350.5,709.0,blink,68,1147.0,721.25,18,0.492
0.496,1146.0833333333333,718.25,0.2572231193849081,0,279.5084971874735,0,172.57237574363765,1348.5,710.5,168.86088949191284,943.0,732.0,176.28386199536246,1145.75,721.25,943.0,732.0,1348.5,710.5,visual intake,69,1146.0,721.75,19,0.496
0.5,1147.0833333333333,721.4166666666666,0.2463629427298441,0,257.69410160110357,0,174.98796240640755,1346.5,713.5,170.8391055935379,947.5,735.5,179.1368192192772,1147.0,724.5,947.5,735.5,1346.5,713.5,visual intake,70,1145.75,722.75,19,0.5
0.504,1145.8333333333333,721.6666666666667,0.2470077106582527,0,139.75424859373675,0,175.87141759677417,1346.0,713.5,169.5670958647343,945.0,735.0,182.17573932881405,1145.5,724.25,945.0,735.0,1346.0,713.5,visual intake,71,1145.5,723.25,19,0.504
0.508,1145.9166666666663,719.75,0.2523765934700842,0,257.69410160110357,0,169.4753924537726,1345.5,711.0,166.4602054546371,945.0,734.5,172.4905794529081,1145.25,722.75,945.0,734.5,1345.5,711.0,visual intake,72,1145.25,724.25,19,0.508
0.512,1144.5833333333333,720.4166666666666,0.2487958452619488,0,0.0,0,171.89669170987003,1346.5,712.5,164.61470165206995,942.5,734.0,179.17868176767013,1144.5,723.25,942.5,734.0,1346.5,712.5,blink,73,1145.25,724.25,19,0.512
0.516,1144.5833333333337,723.5,0.2385127585284663,0,265.1650429449551,0,173.2023395726819,1344.0,714.0,163.22989922192565,946.5,739.0,183.1747799234381,1145.25,726.5,946.5,739.0,1344.0,714.0,visual intake,74,1144.5,725.0,19,0.516
0.52,1141.0833333333337,722.25,0.2513393449050545,0,0.0,0,168.93070618983052,1344.5,715.0,164.7573974060042,938.5,735.0,173.1040149736568,1141.5,725.0,938.5,735.0,1344.5,715.0,blink,75,1142.0,726.5,20,0.52
0.524,1142.4166666666663,723.8333333333334,0.2458724811904728,0,0.0,0,166.98562791978765,1341.0,716.0,165.46903033498444,943.0,738.5,168.50222550459088,1142.0,727.25,943.0,738.5,1341.0,716.0,blink,76,1141.5,727.25,21,0.524
0.528,1139.5,724.8333333333333,0.2488912750297178,0,0.0,0,168.0571524479958,1342.5,719.5,162.92943257741985,936.5,737.0,173.18487231857176,1139.5,728.25,936.5,737.0,1342.5,719.5,blink,77,1141.5,727.5,21,0.528
0.532,1141.5833333333333,724.4166666666666,0.2391168154448922,0,0.0,0,165.92883309266733,1339.0,717.5,163.35544068074378,944.0,737.5,168.50222550459088,1141.5,727.5,944.0,737.5,1339.0,717.5,blink,78,1139.5,728.25,22,0.532
0.536,1137.6666666666663,725.9166666666667,0.2354143010323869,0,0.0,0,166.8664160573001,1338.5,719.0,162.49615380063616,936.5,738.5,171.23667831396403,1137.5,728.75,936.5,738.5,1338.5,719.0,blink,79,1137.5,728.75,22,0.536
0.54,1137.6666666666663,725.9166666666667,0.2451082160746151,0,0.0,0,162.91757081977863,1334.0,719.5,157.40711546813887,941.0,739.0,168.4280261714184,1137.5,729.25,941.0,739.0,1334.0,719.5,blink,80,1137.5,729.25,23,0.54
0.544,1137.6666666666667,728.4166666666666,0.2422799443297991,0,0.0,0,165.96082682617043,1336.5,722.0,162.49615380063616,937.5,741.0,169.42549985170473,1137.0,731.5,937.5,741.0,1336.5,722.0,blink,81,1137.0,731.5,24,0.544
0.548,1132.9166666666667,732.3333333333334,0.2476515578969788,0,0.0,0,165.71678820669368,1333.0,726.5,160.29036153181514,933.5,746.5,171.14321488157222,1133.25,736.5,933.5,746.5,1333.0,726.5,blink,82,1136.25,734.5,24,0.548
0.552,1136.4166666666667,730.8333333333333,0.2516231683589474,0,0.0,0,164.7371600844316,1335.5,723.5,158.97798589741913,937.0,745.5,170.49633427144408,1136.25,734.5,937.0,745.5,1335.5,723.5,blink,83,1133.5,734.75,24,0.552
0.556,1133.75,731.5833333333333,0.2341531863786596,0,0.0,0,162.66548195636665,1332.0,725.5,159.13830462839547,935.0,744.0,166.19265928433782,1133.5,734.75,935.0,744.0,1332.0,725.5,blink,84,1133.25,735.75,25,0.556
0.56,1129.5833333333333,733.75,0.2504100034351492,0,0.0,0,168.83880534423798,1330.0,726.5,165.60495161679194,928.0,748.5,172.07265907168403,1129.0,737.5,928.0,748.5,1330.0,726.5,blink,85,1130.5,735.75,26,0.56
0.5640000000000001,1130.9166666666663,733.0,0.2499573100152848,0,0.0,0,162.02957778857754,1329.0,726.0,159.81239000778382,932.0,745.5,164.24676556937126,1130.5,735.75,932.0,745.5,1329.0,726.0,blink,86,1129.0,737.25,26,0.5640000000000001
0.5680000000000001,1128.5833333333333,734.1666666666666,0.2519938557041893,0,0.0,0,166.83134646094598,1328.0,727.5,161.37224048763778,928.0,747.0,172.29045243425418,1128.0,737.25,928.0,747.0,1328.0,727.5,blink,87,1128.0,737.5,27,0.5680000000000001
0.5720000000000001,1126.75,734.1666666666667,0.2501578957505084,0,0.0,0,165.39675484596378,1325.5,730.0,162.49615380063616,926.0,746.0,168.2973558912914,1125.75,738.0,926.0,746.0,1325.5,730.0,blink,88,1125.75,738.0,28,0.5720000000000001
0.5760000000000001,1125.4166666666667,737.0,0.2535726544964581,0,0.0,0,165.89906227411194,1324.5,732.5,160.65490966665163,926.5,749.5,171.14321488157222,1125.5,741.0,926.5,749.5,1324.5,732.5,blink,89,1125.5,738.0,29,0.5760000000000001
0.58,1124.0,735.0,0.2501666402778142,0,0.0,0,162.402251161412,1319.5,729.0,162.49615380063616,927.0,747.0,162.30834852218786,1123.25,738.0,927.0,747.0,1319.5,729.0,blink,90,1123.25,738.0,30,0.58
0.584,1123.75,737.0833333333333,0.2494212153466376,0,441.94173824159185,0,162.89227173009164,1320.0,730.0,157.54364474646383,926.0,749.5,168.24089871371942,1123.0,739.75,926.0,749.5,1320.0,730.0,visual intake,91,1123.0,739.75,31,0.584
0.588,1123.75,734.0,0.2637163428302052,0,62.49999999999994,0,163.2194902582218,1321.0,729.0,161.24515496597098,923.5,746.0,165.19382555047267,1122.25,737.5,923.5,746.0,1321.0,729.0,visual intake,92,1122.75,739.75,31,0.588
0.592,1121.25,736.5,0.2544281546293444,0,124.99999999999989,0,163.38059157188778,1314.5,731.0,160.25292509030842,927.0,748.5,166.50825805346713,1120.75,739.75,927.0,748.5,1314.5,731.0,visual intake,93,1122.25,739.75,31,0.592
0.596,1122.6666666666667,737.9166666666667,0.2390451675064397,0,257.69410160110357,0,162.19756551535164,1321.0,732.5,157.15279189374905,924.5,750.5,167.2423391369542,1122.75,741.5,924.5,750.5,1321.0,732.5,visual intake,94,1121.25,740.0,31,0.596
0.6,1122.25,737.3333333333333,0.2476008254329957,0,176.77669529663675,0,160.05011084916077,1317.0,732.5,152.73833834371774,925.5,748.5,167.36188335460378,1121.25,740.5,925.5,748.5,1317.0,732.5,visual intake,95,1120.75,740.5,31,0.6
0.604,1119.25,736.25,0.2383948595159639,0,187.49999999999983,0,163.30246981040273,1311.5,735.0,160.01562423713506,925.0,745.0,166.5893153836704,1118.25,740.0,925.0,745.0,1311.5,735.0,visual intake,96,1120.0,740.5,31,0.604
0.608,1120.0833333333333,736.9166666666667,0.2561796950149586,0,0.0,0,163.7821791160365,1317.5,733.0,158.26875876179733,921.5,748.0,169.29559947027565,1119.5,740.5,921.5,748.0,1317.5,733.0,blink,97,1120.0,740.5,31,0.608
0.612,1120.5833333333333,737.6666666666666,0.2382245071657115,0,225.3469547164991,0,159.76597335349066,1312.0,734.5,154.93547043850222,928.0,748.0,164.59647626847908,1120.0,741.25,928.0,748.0,1312.0,734.5,visual intake,98,1119.5,741.25,31,0.612
0.616,1125.0833333333333,738.9166666666667,0.243916960313261,0,124.99999999999989,0,163.68883161224755,1317.5,734.5,161.69724796668618,930.5,750.5,165.6804152578089,1124.0,742.5,930.5,750.5,1317.5,734.5,visual intake,99,1120.0,741.25,31,0.616
0.62,1119.3333333333337,739.3333333333333,0.2292410901902818,0,62.49999999999994,0,159.8371008961676,1318.0,735.0,153.3101431738944,921.0,750.5,166.3640586184408,1119.5,742.75,921.0,750.5,1318.0,735.0,visual intake,100,1120.25,741.25,31,0.62
0.624,1123.9166666666667,737.3333333333333,0.236619634403342,0,0.0,0,157.81772554333548,1316.5,732.5,155.92947123619703,931.5,748.5,159.70597985047397,1124.0,740.5,931.5,748.5,1316.5,732.5,blink,101,1124.0,742.25,32,0.624
0.628,1119.5833333333333,737.6666666666666,0.2359884475604597,0,0.0,0,159.46711793799778,1316.0,735.0,155.56349186104046,924.5,747.5,163.37074401495514,1120.25,741.25,924.5,747.5,1316.0,735.0,blink,102,1124.0,742.25,33,0.628
0.632,1126.0833333333333,739.75,0.2298263487972285,0,0.0,0,156.98911435706876,1317.5,737.5,154.17522498767434,935.5,747.0,159.80300372646315,1126.5,742.25,935.5,747.0,1317.5,737.5,blink,103,1126.5,741.25,34,0.632
0.636,1126.75,739.6666666666666,0.2265637452431207,0,249.99999999999977,0,159.86519504934907,1322.5,737.0,156.0416611036937,931.5,748.5,163.68872899500442,1127.0,742.75,931.5,748.5,1322.5,737.0,visual intake,104,1126.5,742.25,35,0.636
0.64,1129.25,736.8333333333333,0.2333739627225836,0,124.99999999999989,0,161.21475422218083,1324.0,733.5,158.91192529196795,936.5,745.5,163.51758315239374,1130.25,739.5,936.5,745.5,1324.0,733.5,visual intake,105,1127.0,742.25,35,0.64
0.644,1126.75,739.0,0.2409460829206223,0,176.77669529663675,0,163.9492447531137,1324.0,736.5,159.13830462839547,929.0,748.0,168.7601848778319,1126.5,742.25,929.0,748.0,1324.0,736.5,visual intake,106,1127.5,742.75,35,0.644
0.648,1127.0833333333333,740.1666666666666,0.2400185784980394,0,441.94173824159185,0,159.72084605526098,1319.5,740.5,157.91770008456936,935.5,747.5,161.5239920259526,1127.5,744.0,935.5,747.5,1319.5,740.5,visual intake,107,1129.25,743.0,35,0.648
0.652,1128.5833333333337,740.75,0.2299161616822538,0,249.99999999999977,0,159.2251195699357,1323.5,739.5,155.92947123619703,935.0,748.5,162.5207679036744,1129.25,744.0,935.0,748.5,1323.5,739.5,visual intake,108,1129.25,744.0,35,0.652
0.656,1131.4166666666667,739.4166666666667,0.2172059370615013,0,0.0,0,165.1093942957654,1329.0,737.0,162.78820596099706,934.5,749.0,167.4305826305338,1131.75,743.0,934.5,749.0,1329.0,737.0,blink,109,1129.25,744.0,35,0.656
0.66,1129.8333333333333,742.1666666666666,0.2088311615333015,0,0.0,0,163.60265742057257,1327.0,740.5,164.68454693747074,933.0,749.5,162.5207679036744,1130.0,745.0,933.0,749.5,1327.0,740.5,blink,110,1129.25,744.0,35,0.66
0.664,1128.6666666666663,742.0833333333334,0.2219481704756859,0,312.4999999999997,0,159.11822812551037,1323.0,743.5,154.5477272560163,934.5,748.5,163.68872899500442,1128.75,746.0,934.5,748.5,1323.0,743.5,visual intake,111,1130.0,745.0,35,0.664
0.668,1127.8333333333333,739.0833333333333,0.2254768986012091,0,0.0,0,156.22668346981573,1321.5,740.0,153.83432646844463,936.0,745.0,158.61904047118682,1128.75,742.5,936.0,745.0,1321.5,740.0,blink,112,1130.0,745.0,35,0.668
0.672,1130.5,742.3333333333334,0.2105508788808827,0,279.5084971874735,0,159.75449178846856,1326.5,740.0,159.80300372646315,935.5,750.5,159.70597985047397,1131.0,745.25,935.5,750.5,1326.5,740.0,visual intake,113,1131.0,744.5,35,0.672
0.676,1130.6666666666663,741.4166666666666,0.2162179146831623,0,0.0,0,162.73786022177654,1323.5,739.0,154.05518491761322,939.5,750.0,171.42053552593984,1131.5,744.5,939.5,750.0,1323.5,739.0,blink,114,1131.0,744.5,35,0.676
0.68,1134.75,740.3333333333334,0.2210914511040272,0,124.99999999999989,0,156.1746775376057,1326.0,740.0,152.64337522473747,944.5,747.5,159.70597985047397,1135.25,743.75,944.5,747.5,1326.0,740.0,visual intake,115,1131.5,744.5,35,0.68
0.684,1128.9166666666667,742.6666666666667,0.2124920628355693,0,249.99999999999977,0,160.48793742039084,1322.5,740.5,153.73353570382747,937.5,751.5,167.2423391369542,1130.0,746.0,937.5,751.5,1322.5,740.5,visual intake,116,1132.5,744.5,35,0.684
0.6880000000000001,1133.4166666666663,741.4166666666666,0.2071435665700749,0,62.49999999999994,0,153.1477451114274,1324.0,739.5,148.75819305167698,943.5,748.5,157.53729717117784,1133.75,744.0,943.5,748.5,1324.0,739.5,visual intake,117,1132.5,744.75,35,0.6880000000000001
0.6920000000000001,1131.75,742.0,0.2115286853674222,0,312.4999999999997,0,154.53364261826243,1322.5,740.5,149.75313018431368,942.5,749.0,159.31415505221122,1132.5,744.75,942.5,749.0,1322.5,740.5,visual intake,118,1132.5,746.0,35,0.6920000000000001
0.6960000000000001,1131.5,743.25,0.2087452163656494,0,88.38834764831837,0,151.6146914805163,1320.0,741.5,146.76852523616907,944.0,751.0,156.46085772486356,1132.0,746.25,944.0,751.0,1320.0,741.5,visual intake,119,1132.75,745.75,35,0.6960000000000001
0.7000000000000001,1131.75,743.0,0.2209284403991935,0,124.99999999999989,0,151.21172969068826,1321.0,744.0,144.88616221019868,944.5,749.5,157.53729717117784,1132.75,746.75,944.5,749.5,1321.0,744.0,visual intake,120,1132.75,746.25,35,0.7000000000000001
0.704,1132.75,742.8333333333333,0.2120573589240145,0,0.0,0,149.62183206013822,1316.5,742.5,145.7737973711325,949.5,749.0,153.46986674914396,1133.0,745.75,949.5,749.0,1316.5,742.5,blink,121,1132.75,746.25,35,0.704
0.708,1132.5833333333333,744.1666666666667,0.2194603220098363,0,139.75424859373675,0,150.3620575119872,1320.0,744.5,145.0,946.5,750.5,155.72411502397438,1133.25,747.5,946.5,750.5,1320.0,744.5,visual intake,122,1133.0,746.75,35,0.708
0.712,1132.1666666666667,743.1666666666667,0.2131608899321715,0,62.49999999999994,0,147.2285674799173,1315.0,743.0,142.89856542317,949.5,748.5,151.5585695366646,1132.25,745.75,949.5,748.5,1315.0,743.0,visual intake,123,1133.25,746.75,35,0.712
0.716,1133.0,744.1666666666667,0.2074489420477894,0,139.75424859373675,0,150.0752229433561,1319.0,743.0,140.69825869569246,948.5,751.0,159.45218719101973,1133.75,747.0,948.5,751.0,1319.0,743.0,visual intake,124,1133.75,747.0,35,0.716
0.72,1135.0,743.8333333333334,0.2166738208597952,0,62.49999999999994,0,147.81636408873618,1318.5,743.0,139.70325694127536,953.5,750.5,155.92947123619703,1136.0,746.75,953.5,750.5,1318.5,743.0,visual intake,125,1134.0,747.0,35,0.72
0.724,1136.25,745.25,0.2168333330058862,0,0.0,0,149.86552965048895,1322.5,745.5,144.00694427700353,951.5,751.5,155.72411502397438,1137.0,748.5,951.5,751.5,1322.5,745.5,blink,126,1136.0,748.5,36,0.724
0.728,1132.8333333333337,746.0833333333334,0.2193775947710136,0,62.49999999999994,0,145.91284366736116,1316.5,745.0,136.194713553794,951.5,753.0,155.63097378092831,1134.0,749.0,951.5,753.0,1316.5,745.0,visual intake,127,1136.0,748.75,37,0.728
0.732,1135.25,746.4166666666667,0.2325242169355939,0,139.75424859373675,0,144.8730039574972,1316.5,745.0,136.194713553794,955.5,752.5,153.55129436120035,1136.0,748.75,955.5,752.5,1316.5,745.0,visual intake,128,1136.5,749.0,37,0.732
0.736,1136.75,746.8333333333333,0.2137953345113752,0,197.64235376052355,0,145.72319650625292,1316.0,748.0,140.69825869569246,958.0,751.5,150.74813431681335,1137.0,749.75,958.0,751.5,1316.0,748.0,visual intake,129,1136.25,749.75,37,0.736
0.74,1136.1666666666667,747.5833333333333,0.2271767486112103,0,312.4999999999997,0,145.7751069848764,1315.5,748.5,139.8070098385628,957.5,753.5,151.74320413119,1136.5,751.0,957.5,753.5,1315.5,748.5,visual intake,130,1136.25,751.0,37,0.74
0.744,1135.6666666666667,748.8333333333334,0.2182205591821009,0,197.64235376052355,0,146.22519253165012,1315.5,748.5,139.8070098385628,957.0,755.0,152.64337522473747,1136.25,751.75,957.0,755.0,1315.5,748.5,visual intake,131,1136.5,751.75,37,0.744
0.748,1135.8333333333333,749.0833333333333,0.2415299995823482,0,124.99999999999989,0,149.25756110823272,1316.5,749.5,141.7956275771577,956.0,756.5,156.71949463930773,1136.25,753.0,956.0,756.5,1316.5,749.5,visual intake,132,1136.5,752.25,37,0.748
0.752,1138.6666666666663,749.5833333333334,0.2265869829111203,0,0.0,0,143.35416026772197,1316.0,753.5,139.04315876734103,962.5,751.0,147.6651617681029,1139.25,752.25,962.5,751.0,1316.0,753.5,blink,133,1139.0,753.0,38,0.752
0.756,1140.9166666666663,749.9166666666667,0.2241234507106166,0,0.0,0,141.74588927318294,1316.0,752.5,138.81282361511128,967.0,754.0,144.6789549312546,1141.5,753.25,967.0,754.0,1316.0,752.5,blink,134,1139.25,753.25,39,0.756
0.76,1138.75,753.3333333333334,0.2221418353984303,0,0.0,0,144.80872736957883,1316.5,755.5,136.06616037795732,961.5,758.5,153.55129436120035,1139.0,757.0,961.5,758.5,1316.5,755.5,blink,135,1141.0,754.25,40,0.76
0.764,1140.8333333333333,750.8333333333333,0.2273774143473612,0,395.2847075210471,0,144.9524119584161,1318.0,755.0,143.13629868066312,964.0,753.5,146.76852523616907,1141.0,754.25,964.0,753.5,1318.0,755.0,visual intake,136,1141.5,755.75,41,0.764
0.768,1142.8333333333333,752.6666666666667,0.2241203772417231,0,400.1952648395527,0,142.24119954271958,1317.5,755.0,139.70325694127536,969.0,756.5,144.77914214416384,1143.25,755.75,969.0,756.5,1317.5,755.0,visual intake,137,1142.5,757.0,41,0.768
0.772,1143.0833333333337,754.8333333333333,0.2273939468054825,0,62.49999999999994,0,143.34164936731872,1319.0,757.0,134.72935834479432,966.5,758.5,151.95394038984313,1142.75,757.75,966.5,758.5,1319.0,757.0,visual intake,138,1142.75,757.0,41,0.772
0.776,1142.5,753.5833333333334,0.2465182246114215,0,139.75424859373675,0,146.72928569958327,1320.5,755.0,139.51702405083043,964.5,759.5,153.9415473483361,1142.5,757.25,964.5,759.5,1320.5,755.0,visual intake,139,1143.25,757.25,41,0.776
0.78,1143.25,753.75,0.2359077926115171,0,62.49999999999994,0,141.60144645849053,1319.0,757.5,130.4645545732633,968.0,756.5,152.73833834371774,1143.5,757.0,968.0,756.5,1319.0,757.5,visual intake,140,1143.5,757.25,41,0.78
0.784,1147.1666666666667,754.3333333333333,0.2157623414694037,0,374.99999999999966,0,142.32588721439288,1325.0,756.5,136.2974687952788,969.5,758.0,148.35430563350698,1147.25,757.25,969.5,758.0,1325.0,756.5,visual intake,141,1145.0,757.25,41,0.784
0.788,1145.0,756.25,0.2499201675916135,0,0.0,0,146.71951217488868,1323.5,759.5,137.6154061142865,966.5,761.0,155.82361823549087,1145.0,760.25,966.5,761.0,1323.5,759.5,blink,142,1147.25,757.75,42,0.788
0.792,1147.5833333333333,754.1666666666666,0.2259887213358482,0,0.0,0,146.20646135752426,1327.5,758.0,139.2300254973761,967.0,757.5,153.18289721767243,1147.25,757.75,967.0,757.5,1327.5,758.0,blink,143,1147.25,758.75,43,0.792
0.796,1148.5833333333333,755.6666666666667,0.2182262739277916,0,0.0,0,146.76232642460417,1328.5,759.0,137.3644786689776,968.5,758.5,156.16017418023074,1148.5,758.75,968.5,758.5,1328.5,759.0,blink,144,1148.5,759.25,43,0.796
0.8,1151.8333333333337,755.75,0.2370104017187771,0,0.0,0,145.7474460621907,1329.5,760.5,139.17614738165446,973.5,758.0,152.31874474272692,1151.5,759.25,973.5,758.0,1329.5,760.5,blink,145,1148.75,759.25,43,0.8
0.804,1149.25,756.5833333333333,0.235982130052709,0,0.0,0,146.27635504898063,1326.5,761.0,141.35416513141735,971.0,759.5,151.19854496654392,1148.75,760.25,971.0,759.5,1326.5,761.0,blink,146,1148.75,759.25,43,0.804
0.808,1152.5,756.0833333333333,0.2412744896943111,0,0.0,0,147.1452736894434,1331.0,760.0,138.13037319865606,972.5,758.5,156.16017418023074,1151.75,759.25,972.5,758.5,1331.0,760.0,blink,147,1151.5,760.25,44,0.808
0.812,1149.0,757.3333333333334,0.2317130725176233,0,318.68871959954873,0,144.26682760543375,1326.5,762.0,133.24038426843418,971.0,761.0,155.2932709424333,1148.75,761.5,971.0,761.0,1326.5,762.0,visual intake,148,1151.75,761.5,45,0.812
0.8160000000000001,1155.0,758.6666666666666,0.232225937081815,0,318.68871959954873,0,146.33469558134027,1333.5,765.0,139.35924798878617,975.0,759.0,153.3101431738944,1154.25,762.0,975.0,759.0,1333.5,765.0,visual intake,149,1153.0,761.75,45,0.8160000000000001
0.8200000000000001,1153.3333333333333,758.1666666666667,0.2315635429989112,0,312.4999999999997,0,144.70899407254183,1329.0,763.0,136.23509092741122,977.0,760.5,153.18289721767243,1153.0,761.75,977.0,760.5,1329.0,763.0,visual intake,150,1154.25,761.75,45,0.8200000000000001
0.8240000000000001,1155.0,759.0833333333334,0.2260737324096711,0,0.0,0,146.3000993305496,1332.5,764.5,135.44740676735012,976.0,760.5,157.15279189374905,1154.25,762.5,976.0,760.5,1332.5,764.5,blink,151,1154.25,761.75,45,0.8240000000000001
0.8280000000000001,1156.1666666666667,758.8333333333334,0.2163214200483507,0,437.4999999999996,0,147.66189031179653,1332.5,764.5,137.2953021774598,979.5,759.0,158.02847844613325,1156.0,761.75,979.5,759.0,1332.5,764.5,visual intake,152,1156.0,761.75,45,0.8280000000000001
0.8320000000000001,1156.5833333333333,755.5833333333334,0.2403450167026525,0,187.49999999999983,0,144.70101195079258,1333.0,763.5,136.09188072769072,979.0,754.0,153.3101431738944,1156.0,758.75,979.0,754.0,1333.0,763.5,visual intake,153,1156.0,761.0,45,0.8320000000000001
0.836,1158.75,756.75,0.2410861226845477,0,125.00000000000335,0,146.3566447278521,1334.5,766.0,139.12943613772032,983.0,755.0,153.5838533179839,1158.75,760.5,983.0,755.0,1334.5,766.0,visual intake,154,1156.0,760.5,45,0.836
0.84,1154.9166666666667,757.5,0.219059925127919,0,380.1726581436384,0,146.29047178466385,1330.0,764.5,134.18271125595876,980.5,757.5,158.39823231336896,1155.25,761.0,980.5,757.5,1330.0,764.5,visual intake,155,1157.5,760.25,45,0.84
0.844,1158.3333333333333,757.8333333333333,0.2346268402088772,0,312.4999999999997,0,145.7420169958906,1331.0,763.0,136.0588108135596,984.0,757.5,155.4252231782216,1157.5,760.25,984.0,757.5,1331.0,763.0,visual intake,156,1158.75,760.25,45,0.844
0.848,1159.75,756.1666666666667,0.2370543878683403,0,62.49999999999994,0,144.36326089130696,1334.0,766.0,136.13228860193308,984.5,753.0,152.59423318068085,1159.25,759.5,984.5,753.0,1334.0,766.0,visual intake,157,1158.75,760.0,45,0.848
0.852,1159.25,756.5833333333333,0.2379398080942457,0,62.49999999999994,0,145.3375319156384,1335.5,766.5,137.09121051329294,982.0,753.0,153.5838533179839,1158.75,759.75,982.0,753.0,1335.5,766.5,visual intake,158,1158.75,759.75,45,0.852
0.856,1160.0833333333337,756.5833333333333,0.2369204689046109,0,139.75424859373675,0,145.8159943912828,1334.5,767.0,137.05838172107534,984.5,753.0,154.5736070614903,1159.5,760.0,984.5,753.0,1334.5,767.0,visual intake,159,1159.25,759.5,45,0.856
0.86,1159.0833333333333,756.0,0.2380926913921945,0,139.75424859373675,0,147.37755949816545,1333.0,766.0,138.05795884337854,983.5,751.5,156.69716015295236,1158.25,758.75,983.5,751.5,1333.0,766.0,visual intake,160,1159.5,759.0,45,0.86
0.864,1160.5,756.1666666666667,0.2420584126308779,0,0.0,0,147.30573203700925,1334.0,767.0,138.05795884337854,985.5,751.0,156.55350523063993,1159.75,759.0,985.5,751.0,1334.0,767.0,blink,161,1159.5,759.0,45,0.864
0.868,1161.4166666666667,756.0,0.2387779843609284,0,88.38834764831837,0,146.27922937424182,1333.5,767.0,135.0148140020198,988.0,750.0,157.54364474646383,1160.75,758.5,988.0,750.0,1333.5,767.0,visual intake,162,1159.25,758.75,45,0.868
0.872,1159.8333333333333,756.0,0.2221400343494466,0,139.75424859373675,0,145.44774701796018,1333.5,768.0,133.06013678032951,985.0,750.0,157.83535725559088,1159.25,759.0,985.0,750.0,1333.5,768.0,visual intake,163,1159.75,759.0,45,0.872
0.876,1158.0,756.3333333333333,0.2196010008203926,0,124.99999999999989,0,143.29405800396245,1330.0,765.5,130.034610777285,984.5,752.0,156.55350523063993,1157.25,758.75,984.5,752.0,1330.0,765.5,visual intake,164,1160.25,759.0,45,0.876
0.88,1164.0833333333337,757.6666666666667,0.2334222021111962,0,0.0,0,142.94911156952236,1337.0,771.0,132.015150645674,991.0,750.0,153.88307249337075,1164.0,760.5,991.0,750.0,1337.0,771.0,blink,165,1160.25,759.0,45,0.88
0.884,1160.6666666666667,756.5,0.2280723492094238,0,0.0,0,139.5560692414946,1333.5,773.0,129.0155029444136,987.0,747.5,150.0966355385756,1160.25,760.25,987.0,747.5,1333.5,773.0,blink,166,1162.25,759.25,46,0.884
0.888,1162.6666666666667,755.3333333333333,0.2344577532913108,0,249.99999999999977,0,141.64179248894055,1335.0,773.0,130.06152390311286,989.5,745.0,153.22206107476822,1162.25,759.0,989.5,745.0,1335.0,773.0,visual intake,167,1162.25,760.25,47,0.888
0.892,1164.1666666666663,755.5,0.2362315859090706,0,0.0,0,142.65734863927074,1336.0,773.5,136.03308421115798,990.5,745.0,149.2816130673835,1163.25,759.25,990.5,745.0,1336.0,773.5,blink,168,1162.25,760.25,47,0.892
0.896,1161.25,757.3333333333333,0.220641078685452,0,312.4999999999997,0,142.14155777469543,1333.5,778.0,131.06105447462264,989.5,744.0,153.22206107476822,1161.5,761.0,989.5,744.0,1333.5,778.0,visual intake,169,1163.25,761.0,47,0.896
0.9,1165.0,757.5,0.2297348028173403,0,249.99999999999977,0,142.69733452862857,1337.5,777.0,131.01526628603247,991.0,745.5,154.37940277122465,1164.25,761.25,991.0,745.5,1337.5,777.0,visual intake,170,1164.25,761.0,47,0.9
0.904,1164.9166666666667,757.8333333333334,0.2243430039598265,0,124.99999999999989,0,142.3639954673696,1337.5,778.5,129.00387591076478,992.5,744.5,155.72411502397438,1165.0,761.5,992.5,744.5,1337.5,778.5,visual intake,171,1164.75,761.0,47,0.904
0.908,1165.4166666666667,757.0833333333334,0.2020931996692177,0,88.38834764831837,0,141.73697451349074,1339.0,776.0,134.01492454200763,990.5,743.5,149.4590244849738,1164.75,759.75,990.5,743.5,1339.0,776.0,visual intake,172,1165.0,760.75,47,0.908
0.912,1169.0833333333337,756.8333333333334,0.2118573117935573,0,0.0,0,142.26260773140294,1342.5,777.5,137.03284277865654,993.5,741.5,147.49237268414933,1168.0,759.5,993.5,741.5,1342.5,777.5,blink,173,1167.0,759.75,48,0.912
0.916,1167.3333333333333,757.0,0.2206587576443761,0,249.99999999999977,0,144.45470348184165,1342.0,781.0,140.05713120009278,992.0,740.5,148.85227576359054,1167.0,760.75,992.0,740.5,1342.0,781.0,visual intake,174,1168.0,759.75,49,0.916
0.92,1169.5,756.1666666666667,0.2107100991238139,0,450.6939094329982,0,144.83635280588192,1342.5,777.0,139.2300254973761,996.5,741.0,150.44268011438774,1169.5,759.0,996.5,741.0,1342.5,777.0,visual intake,175,1169.5,760.75,49,0.92
0.924,1171.6666666666667,758.8333333333333,0.2122565811018013,0,249.99999999999977,0,144.68269643553455,1348.5,783.5,141.088624630053,992.5,741.5,148.2767682410161,1170.5,762.5,992.5,741.5,1348.5,783.5,visual intake,176,1170.5,760.75,49,0.924
0.928,1171.0,758.25,0.207637745309988,0,139.75424859373675,0,145.44346974877072,1345.0,781.0,140.22838514366484,996.5,740.5,150.65855435387664,1170.75,760.75,996.5,740.5,1345.0,781.0,visual intake,177,1170.75,761.25,49,0.928
0.932,1171.9166666666667,758.5,0.2134347424621669,0,312.4999999999997,0,145.59678984167374,1348.5,782.5,141.28694207179942,994.0,740.0,149.90663761154806,1171.25,761.25,994.0,740.0,1348.5,782.5,visual intake,178,1170.75,762.5,49,0.932
0.936,1174.0833333333337,760.5,0.2195406622491558,0,139.75424859373675,0,148.15213281315852,1349.0,784.0,144.22205101855957,998.0,741.5,152.08221460775746,1173.5,762.75,998.0,741.5,1349.0,784.0,visual intake,179,1171.25,762.75,49,0.936
0.94,1171.9166666666663,759.9166666666667,0.2128401932290301,0,0.0,0,148.76185678793382,1349.0,787.0,148.12157169028418,992.5,740.0,149.40214188558343,1170.75,763.5,992.5,740.0,1349.0,787.0,blink,180,1173.5,763.0,50,0.94
0.944,1178.25,760.5,0.2276537964811538,0,0.0,0,149.3904261613208,1353.0,786.5,148.16544806398016,1002.0,739.5,150.6154042586614,1177.5,763.0,1002.0,739.5,1353.0,786.5,blink,181,1173.5,763.5,51,0.944
0.948,1174.9166666666667,762.25,0.2185266674933176,0,0.0,0,148.39652136492336,1350.5,790.5,149.08386901338454,996.5,741.5,147.70917371646215,1173.5,766.0,996.5,741.5,1350.5,790.5,blink,182,1177.5,764.75,52,0.948
0.952,1178.9166666666667,761.6666666666666,0.2142572361235381,0,0.0,0,148.81055665126945,1356.0,792.5,146.27713423498562,1001.5,737.0,151.34397906755325,1178.75,764.75,1001.5,737.0,1356.0,792.5,blink,183,1178.75,765.5,53,0.952
0.956,1180.8333333333337,762.3333333333334,0.2380638366974805,0,0.0,0,147.55908514519393,1354.0,794.0,148.12157169028418,1005.0,737.0,146.99659860010368,1179.5,765.5,1005.0,737.0,1354.0,794.0,blink,184,1179.5,766.0,53,0.956
0.96,1182.4166666666663,762.5,0.2419077429552598,0,0.0,0,146.93068012357,1355.0,795.0,152.21038072352357,1007.5,738.0,141.65097952361643,1181.25,766.5,1007.5,738.0,1355.0,795.0,blink,185,1181.25,766.25,53,0.96
0.964,1183.0833333333333,765.0,0.2305875822845945,0,0.0,0,143.74155164339606,1358.0,798.0,144.34680460612904,1006.0,739.0,143.13629868066312,1182.0,768.5,1006.0,739.0,1358.0,798.0,blink,186,1182.0,766.5,53,0.964
0.968,1184.9166666666667,763.3333333333333,0.2308638219266358,0,0.0,0,145.6381073875206,1356.0,797.0,150.33296378372907,1012.0,735.5,140.9432509913121,1184.0,766.25,1012.0,735.5,1356.0,797.0,blink,187,1183.25,768.5,54,0.968
0.972,1184.5,766.4166666666666,0.242595974124025,0,0.0,0,145.54559526881053,1358.5,799.5,147.41099009232656,1008.0,739.0,143.68020044529447,1183.25,769.25,1008.0,739.0,1358.5,799.5,blink,188,1184.0,769.25,55,0.972
0.976,1187.8333333333333,767.8333333333333,0.2552268026610852,0,0.0,0,149.1200905666458,1362.5,802.5,151.40013210033868,1011.5,740.5,146.84004903295286,1187.0,771.5,1011.5,740.5,1362.5,802.5,blink,189,1187.0,771.5,56,0.976
0.98,1190.25,769.6666666666667,0.2313042729144933,0,0.0,0,147.6464257068124,1364.0,804.0,150.65191668213183,1015.5,741.0,144.64093473149293,1189.75,772.5,1015.5,741.0,1364.0,804.0,blink,190,1188.5,772.5,57,0.98
0.984,1189.4166666666667,771.0833333333333,0.2324373799658862,0,0.0,0,147.569360660278,1363.5,806.0,151.8453160291749,1013.5,742.0,143.29340529138108,1188.5,774.0,1013.5,742.0,1363.5,806.0,blink,191,1189.75,774.0,57,0.984
0.988,1190.5,772.3333333333333,0.2298262780065365,0,0.0,0,145.85942010494824,1365.0,808.0,146.87409574189726,1015.0,743.0,144.84474446799925,1190.0,775.5,1015.0,743.0,1365.0,808.0,blink,192,1189.75,775.5,57,0.988
0.992,1191.9166666666667,773.0,0.2489383667055395,0,0.0,0,150.14327749105024,1368.0,810.0,157.0350279396288,1015.0,741.5,143.2515270424717,1191.5,775.75,1015.0,741.5,1368.0,810.0,blink,193,1190.0,775.75,57,0.992
0.996,1190.0,774.5833333333333,0.2446148340185589,0,0.0,0,145.14225778600235,1362.5,813.0,149.85659811966906,1016.0,743.0,140.42791745233566,1189.25,778.0,1016.0,743.0,1362.5,813.0,blink,194,1191.25,778.0,58,0.996
1.0,1191.4166666666663,775.3333333333333,0.2386523445979253,0,0.0,0,147.43666408327823,1365.5,814.0,153.83432646844463,1017.0,743.0,141.03900169811186,1191.25,778.5,1017.0,743.0,1365.5,814.0,blink,195,1191.5,778.5,59,1.0
1.004,1192.4166666666667,777.25,0.2365299733314759,0,0.0,0,145.16938100697632,1366.0,817.5,151.19854496654392,1018.0,744.0,139.1402170474087,1192.0,780.75,1018.0,744.0,1366.0,817.5,blink,196,1192.0,780.75,60,1.004
1.008,1193.75,779.75,0.2337044873937466,0,0.0,0,149.9757514737654,1366.5,819.0,158.26875876179733,1018.5,746.5,141.6827441857335,1192.5,782.75,1018.5,746.5,1366.5,819.0,blink,197,1192.5,782.75,60,1.008
1.012,1194.9166666666663,780.3333333333333,0.2397176367879908,0,0.0,0,143.25199664369632,1365.5,820.5,150.20652449211386,1022.5,746.0,136.2974687952788,1194.0,783.25,1022.5,746.0,1365.5,820.5,blink,198,1192.5,783.25,61,1.012
1.016,1195.1666666666667,782.5833333333334,0.2455584121800998,0,0.0,0,145.4612691632028,1365.0,821.5,151.46286673637206,1023.0,749.5,139.4596715900335,1194.0,785.5,1023.0,749.5,1365.0,821.5,blink,199,1192.5,785.5,62,1.016
1.02,1191.1666666666667,783.3333333333334,0.2444989253915018,0,0.0,0,147.63860848070766,1363.5,822.5,148.22280526288793,1017.5,750.0,147.05441169852742,1190.5,786.25,1017.5,750.0,1363.5,822.5,blink,200,1192.0,786.25,63,1.02
1.024,1192.4166666666663,784.0,0.2406075855687887,0,0.0,0,148.81293511988207,1365.5,825.0,148.35430563350698,1018.5,749.5,149.27156460625713,1192.0,787.25,1018.5,749.5,1365.5,825.0,blink,201,1190.5,787.25,63,1.024
1.028,1191.0,784.75,0.242722017312987,0,0.0,0,150.8396885735894,1366.0,828.5,151.46286673637206,1014.5,747.0,150.2165104108067,1190.25,787.75,1014.5,747.0,1366.0,828.5,blink,202,1190.25,787.75,63,1.028
1.032,1188.9166666666667,786.9166666666666,0.2547765962605919,0,0.0,0,150.18977153278905,1363.5,830.0,152.31874474272692,1013.5,750.5,148.06079832285116,1188.5,790.25,1013.5,750.5,1363.5,830.0,blink,203,1189.0,790.25,64,1.032
1.036,1189.75,790.25,0.2385847339217452,0,0.0,0,150.92084406069156,1363.5,833.0,152.8953890737062,1014.5,754.0,148.94629904767692,1189.0,793.5,1014.5,754.0,1363.5,833.0,blink,204,1189.0,793.5,64,1.036
1.04,1188.6666666666663,790.4166666666666,0.2438622706555848,0,0.0,0,151.2382180193572,1362.5,833.5,148.78844041120936,1014.0,754.0,153.68799562750502,1188.25,793.75,1014.0,754.0,1362.5,833.5,blink,205,1189.0,793.75,65,1.04
1.044,1192.3333333333333,794.5,0.2469657387226416,0,0.0,0,147.40832625977774,1364.5,839.0,150.6154042586614,1018.5,756.5,144.20124826089406,1191.5,797.75,1018.5,756.5,1364.5,839.0,blink,206,1189.0,796.0,66,1.044
1.048,1189.8333333333337,792.4166666666667,0.2382190623512916,0,0.0,0,148.7212651730843,1361.0,834.5,147.50254235097103,1018.5,757.5,149.9399879951976,1189.75,796.0,1018.5,757.5,1361.0,834.5,blink,207,1188.5,797.25,67,1.048
1.052,1188.5,793.8333333333333,0.2381590307548484,0,0.0,0,147.5671829280787,1360.5,837.0,146.37281168304446,1016.5,757.5,148.7615541731129,1188.5,797.25,1016.5,757.5,1360.5,837.0,blink,208,1188.75,797.75,67,1.052
1.056,1186.4166666666667,796.75,0.2463907994924935,0,0.0,0,152.0936076905496,1362.0,843.0,151.90786681406595,1010.0,756.5,152.27934856703322,1186.0,799.75,1010.0,756.5,1362.0,843.0,blink,209,1188.5,799.75,68,1.056
1.06,1188.75,798.0,0.2278099770629972,0,0.0,0,152.66744701995526,1362.5,843.5,153.05554547287727,1015.0,759.5,152.27934856703322,1188.75,801.5,1015.0,759.5,1362.5,843.5,blink,210,1187.25,801.5,68,1.06
1.064,1186.4166666666663,798.5833333333333,0.2325416300205471,0,0.0,0,150.25738271254335,1360.5,843.0,148.94629904767692,1012.0,760.5,151.56846637740978,1186.25,801.75,1012.0,760.5,1360.5,843.0,blink,211,1187.25,801.75,69,1.064
1.068,1187.9166666666667,802.6666666666667,0.2360739602500124,0,0.0,0,151.5018954483792,1362.5,849.5,151.08275877809487,1012.0,763.0,151.92103211866353,1187.25,806.25,1012.0,763.0,1362.5,849.5,blink,212,1187.25,805.75,70,1.068
1.072,1187.75,802.0,0.2224678648283181,0,124.99999999999989,0,150.89367533218353,1359.5,848.0,149.2816130673835,1015.5,763.5,152.50573759698355,1187.5,805.75,1015.5,763.5,1359.5,848.0,visual intake,213,1187.25,806.25,71,1.072
1.076,1186.8333333333333,802.8333333333333,0.2468741028847076,0,62.49999999999994,0,150.45616756456596,1358.5,848.5,151.42654985173505,1013.5,764.5,149.48578527739687,1186.0,806.5,1013.5,764.5,1358.5,848.5,visual intake,214,1187.25,806.5,71,1.076
1.08,1189.5,805.25,0.2276946199893077,0,455.00686808003195,0,150.08959984066018,1364.5,852.0,151.99013125857877,1013.0,765.0,148.18906842274163,1188.75,808.5,1013.0,765.0,1364.5,852.0,visual intake,215,1186.75,808.25,71,1.08
1.084,1186.3333333333333,805.6666666666666,0.2495107144330929,0,62.49999999999994,0,152.5873688203697,1359.5,852.0,152.8953890737062,1013.0,764.5,152.27934856703322,1186.25,808.25,1013.0,764.5,1359.5,852.0,visual intake,216,1186.75,808.5,71,1.084
1.088,1187.1666666666667,807.6666666666667,0.2493797297804106,0,419.26274578121024,0,153.04751568784184,1360.5,854.0,157.165517846632,1013.0,767.0,148.92951352905172,1186.75,810.5,1013.0,767.0,1360.5,854.0,visual intake,217,1187.5,810.0,71,1.088
1.092,1187.8333333333333,807.6666666666667,0.2493046056666354,0,0.0,0,151.75602605968697,1361.5,854.5,151.42654985173505,1013.5,766.5,152.0855022676389,1187.5,810.5,1013.5,766.5,1361.5,854.5,blink,218,1187.5,810.0,71,1.092
1.096,1188.4166666666663,807.0833333333333,0.2328980062331309,0,124.99999999999989,0,151.3345281856594,1361.0,853.5,156.706732465456,1014.0,766.5,145.96232390586275,1187.5,810.0,1014.0,766.5,1361.0,853.5,visual intake,219,1187.5,810.5,71,1.096
1.1,1188.75,806.4166666666666,0.250291377820322,0,62.49999999999994,0,150.53734101316604,1362.0,853.5,150.44268011438774,1013.5,765.5,150.63200191194434,1187.75,809.5,1013.5,765.5,1362.0,853.5,visual intake,220,1187.75,810.5,71,1.1
1.104,1189.5833333333333,807.5,0.2324757571267565,0,139.75424859373675,0,153.75575640546236,1361.0,853.0,156.5247584249853,1018.5,768.0,150.98675438593943,1189.75,810.5,1018.5,768.0,1361.0,853.0,visual intake,221,1188.25,810.25,71,1.104
1.108,1189.0833333333333,807.9166666666667,0.2472248563230011,0,187.49999999999983,0,151.16945446931172,1361.0,855.0,150.62536307010186,1015.5,768.0,151.71354586852158,1188.25,811.5,1015.5,768.0,1361.0,855.0,visual intake,222,1189.0,810.25,71,1.108
1.112,1191.25,806.75,0.2428801947556085,0,187.49999999999983,0,151.1786081059744,1362.0,855.0,151.00993344810135,1019.5,765.5,151.34728276384746,1190.75,810.25,1019.5,765.5,1362.0,855.0,visual intake,223,1189.75,810.25,71,1.112
1.116,1189.8333333333333,806.3333333333334,0.2551421095122695,0,249.99999999999977,0,149.2395635350444,1359.5,854.5,147.49237268414933,1018.5,766.0,150.98675438593943,1189.0,810.25,1018.5,766.0,1359.5,854.5,visual intake,224,1190.75,810.25,71,1.116
1.12,1192.4166666666663,806.5,0.2446564833747026,0,139.75424859373675,0,149.78316002464192,1364.0,856.0,151.00993344810135,1019.0,763.5,148.5563866011825,1191.5,809.75,1019.0,763.5,1364.0,856.0,visual intake,225,1191.0,809.75,71,1.12
1.124,1191.1666666666667,804.0833333333334,0.2427776702378575,0,0.0,0,150.22288943545664,1362.5,853.5,149.4590244849738,1019.5,762.0,150.98675438593943,1191.0,807.75,1019.5,762.0,1362.5,853.5,blink,226,1191.25,807.75,72,1.124
1.128,1191.9166666666663,802.8333333333333,0.247357172909135,0,0.0,0,147.01494809583895,1362.0,853.5,144.5441109142811,1020.5,759.5,149.48578527739687,1191.25,806.5,1020.5,759.5,1362.0,853.5,blink,227,1191.5,806.5,73,1.128
1.132,1192.0833333333333,801.9166666666666,0.2428527723249247,0,0.0,0,149.88586062559128,1364.5,852.5,147.49237268414933,1019.0,758.5,152.27934856703322,1191.75,805.5,1019.0,758.5,1364.5,852.5,blink,228,1191.5,805.5,73,1.132
1.136,1191.75,801.0833333333333,0.2381308236117826,0,0.0,0,147.98821022471532,1363.5,851.0,145.34441853748632,1019.5,758.5,150.63200191194434,1191.5,804.75,1019.5,758.5,1363.5,851.0,blink,229,1191.75,804.75,73,1.136
1.14,1193.4166666666663,798.5833333333334,0.2369168143577312,0,0.0,0,148.89072195451735,1364.0,849.0,148.66068747318505,1021.5,755.0,149.12075643584967,1192.75,802.0,1021.5,755.0,1364.0,849.0,blink,230,1192.75,802.0,74,1.14
1.144,1193.6666666666667,798.1666666666667,0.2335652742017974,0,0.0,0,150.3224393342194,1366.0,847.0,152.2366578718805,1020.5,756.0,148.4082207965583,1193.25,801.5,1020.5,756.0,1366.0,847.0,blink,231,1193.25,801.5,75,1.144
1.148,1194.5,796.5833333333334,0.2450045027115541,0,0.0,0,149.59219249031548,1366.5,846.0,153.22206107476822,1021.0,754.5,145.96232390586275,1193.75,800.25,1021.0,754.5,1366.5,846.0,blink,232,1193.75,800.25,75,1.148
1.152,1194.5833333333333,795.0833333333333,0.2467518788285598,0,0.0,0,151.0782346715377,1366.5,844.5,153.39491516996253,1021.5,752.5,148.7615541731129,1194.0,798.5,1021.5,752.5,1366.5,844.5,blink,233,1193.75,798.5,75,1.152
1.156,1193.9166666666667,793.8333333333333,0.2447296047997035,0,0.0,0,151.57047847216876,1367.0,842.5,154.37940277122465,1020.5,751.5,148.7615541731129,1193.75,797.0,1020.5,751.5,1367.0,842.5,blink,234,1194.0,797.0,75,1.156
1.16,1195.1666666666667,792.5,0.2450597439480324,0,0.0,0,150.81883963943136,1368.0,840.5,154.37940277122465,1021.5,751.0,147.2582765076381,1194.75,795.75,1021.5,751.0,1368.0,840.5,blink,235,1194.75,796.25,75,1.16
1.164,1197.8333333333333,792.4166666666667,0.2380075053819605,0,0.0,0,147.8938773218987,1369.0,840.5,152.41062955056643,1026.0,751.5,143.37712509323097,1197.5,796.0,1026.0,751.5,1369.0,840.5,blink,236,1197.5,796.0,76,1.164
1.168,1198.0,792.4166666666666,0.2310330759236945,0,0.0,0,147.94900015930034,1370.5,840.5,151.42654985173505,1025.0,752.0,144.4714504668656,1197.75,796.25,1025.0,752.0,1370.5,840.5,blink,237,1197.75,795.75,77,1.168
1.172,1199.5833333333333,789.5,0.2438417213534715,0,0.0,0,149.05942269434811,1373.0,837.5,154.74172029546526,1025.0,747.5,143.37712509323097,1199.0,792.5,1025.0,747.5,1373.0,837.5,blink,238,1199.0,792.5,78,1.172
1.176,1202.9166666666667,789.0,0.252266732233196,0,0.0,0,145.9426883168604,1373.0,835.5,153.16984037335808,1031.5,749.5,138.7155362603627,1202.25,792.5,1031.5,749.5,1373.0,835.5,blink,239,1200.5,792.5,79,1.176
1.18,1201.1666666666663,788.0,0.2451275726788026,0,0.0,0,147.43213590000843,1372.5,833.5,149.83324063771698,1028.5,748.5,145.03103116229988,1200.5,791.0,1028.5,748.5,1372.5,833.5,blink,240,1200.75,791.0,79,1.18
1.184,1201.6666666666667,785.5,0.2402786269272556,0,0.0,0,144.8379889833779,1371.5,831.0,150.02999700059985,1030.0,746.5,139.64598096615595,1200.75,788.75,1030.0,746.5,1371.5,831.0,blink,241,1202.0,788.75,80,1.184
1.188,1203.5,784.6666666666667,0.2407891603474602,0,0.0,0,147.37290115937446,1373.0,830.0,151.00993344810135,1034.0,746.0,143.7358688706476,1203.5,788.0,1034.0,746.0,1373.0,830.0,blink,242,1201.25,788.0,81,1.188
1.192,1202.5,781.5833333333333,0.2496583968592681,0,0.0,0,148.07324921060703,1373.0,828.5,152.41062955056643,1031.0,741.0,143.7358688706476,1202.0,784.75,1031.0,741.0,1373.0,828.5,blink,243,1202.0,784.75,82,1.192
1.196,1202.1666666666667,780.8333333333333,0.2546710531965857,0,0.0,0,146.33939897090187,1372.5,827.5,153.39491516996253,1030.0,741.0,139.2838827718412,1201.25,784.25,1030.0,741.0,1372.5,827.5,blink,244,1202.5,784.25,83,1.196
1.2,1204.1666666666663,779.4166666666666,0.2470521738818225,0,0.0,0,149.03585709922248,1376.5,825.5,153.7595525487766,1030.5,740.5,144.31216164966833,1203.5,783.0,1030.5,740.5,1376.5,825.5,blink,245,1202.5,783.0,83,1.2
1.204,1203.1666666666663,777.75,0.2530551632374767,0,0.0,0,145.4734893243268,1374.5,826.5,151.08275877809487,1030.5,737.5,139.86421987055874,1202.5,782.0,1030.5,737.5,1374.5,826.5,blink,246,1202.75,782.0,83,1.204
1.208,1203.9166666666663,776.0,0.2410990897078538,0,0.0,0,149.4847074700611,1375.5,823.5,152.190669884852,1032.0,736.0,146.77874505527018,1203.75,779.75,1032.0,736.0,1375.5,823.5,blink,247,1203.25,779.75,84,1.208
1.212,1203.5833333333337,774.3333333333333,0.2527881646710105,0,0.0,0,147.6719580752336,1375.5,821.0,151.60804727981954,1030.0,734.0,143.7358688706476,1202.75,777.5,1030.0,734.0,1375.5,821.0,blink,248,1203.25,777.5,84,1.212
1.216,1203.6666666666663,774.0833333333333,0.246778924172248,0,0.0,0,146.57126558366494,1376.5,820.0,151.99013125857877,1030.0,735.0,141.1523999087511,1203.25,777.5,1030.0,735.0,1376.5,820.0,blink,249,1203.75,777.5,85,1.216
1.22,1204.8333333333337,771.0,0.2547014418519981,0,0.0,0,145.50646139741087,1376.0,816.5,152.7776161615307,1032.0,732.5,138.23530663329106,1204.0,774.5,1032.0,732.5,1376.0,816.5,blink,250,1204.0,776.25,85,1.22
1.224,1205.5,772.9166666666667,0.2347886865059783,0,0.0,0,149.32975902110817,1377.5,818.5,153.7595525487766,1032.0,734.0,144.89996549343965,1204.75,776.25,1032.0,734.0,1377.5,818.5,blink,251,1204.75,774.5,85,1.224
1.228,1206.0833333333337,769.5,0.2541988970197245,0,0.0,0,146.75727537629265,1376.5,815.5,151.42654985173505,1033.5,729.0,142.08800090085018,1205.0,772.25,1033.5,729.0,1376.5,815.5,blink,252,1205.0,772.5,86,1.228
1.232,1205.75,769.0833333333333,0.2421665047894823,0,139.75424859373675,0,145.84258045171703,1376.0,815.0,148.66068747318505,1035.0,730.0,143.024473430249,1205.5,772.5,1035.0,730.0,1376.0,815.0,visual intake,253,1205.5,772.25,87,1.232
1.236,1206.75,768.25,0.2526791643224542,0,257.69410160110357,0,145.84258045171703,1377.0,815.0,148.66068747318505,1035.0,727.0,143.024473430249,1206.0,771.0,1035.0,727.0,1377.0,815.0,visual intake,254,1205.75,771.25,87,1.236
1.24,1205.6666666666663,767.8333333333333,0.2407509000006054,0,62.49999999999994,0,147.38812801472722,1376.0,813.5,150.81445554057476,1035.5,729.0,143.96180048887967,1205.75,771.25,1035.5,729.0,1376.0,813.5,visual intake,255,1206.0,771.25,87,1.24
1.244,1207.25,767.9166666666666,0.2436905777961814,0,249.99999999999977,0,146.04293966478946,1377.5,815.0,149.64290828502365,1036.5,727.5,142.44297104455524,1207.0,771.25,1036.5,727.5,1377.5,815.0,visual intake,256,1207.0,771.25,87,1.244
1.248,1209.0833333333333,768.1666666666666,0.2415161056158243,0,499.99999999999955,0,150.01813833682135,1380.5,815.5,155.72411502397438,1037.5,728.5,144.31216164966833,1209.0,772.0,1037.5,728.5,1380.5,815.5,visual intake,257,1209.0,771.25,87,1.248
1.252,1209.6666666666663,769.8333333333334,0.2385845419746563,0,187.49999999999983,0,147.22723677460044,1380.0,815.5,148.85227576359054,1039.0,730.0,145.60219778561037,1209.5,772.75,1039.0,730.0,1380.0,815.5,visual intake,258,1209.0,772.0,87,1.252
1.256,1209.0833333333337,767.4166666666667,0.2486876059883513,0,0.0,0,147.9470601021082,1381.0,815.5,154.74172029546526,1037.0,727.0,141.1523999087511,1209.0,771.25,1037.0,727.0,1381.0,815.5,blink,259,1209.0,772.0,87,1.256
1.26,1208.75,769.6666666666667,0.235553407716255,0,187.49999999999983,0,146.09186377192952,1379.5,814.5,147.87156589419075,1038.5,730.5,144.31216164966833,1209.0,772.5,1038.5,730.5,1379.5,814.5,visual intake,260,1209.0,771.25,87,1.26
1.264,1209.4166666666663,766.5833333333334,0.2468706103352853,0,0.0,0,148.70983967505697,1381.0,814.5,154.74172029546526,1037.0,726.5,142.67795905464865,1209.0,770.5,1037.0,726.5,1381.0,814.5,blink,261,1209.0,771.25,87,1.264
1.268,1209.5833333333333,766.0833333333333,0.2534143503948326,0,187.49999999999983,0,148.21838442171094,1381.5,814.0,157.50872991678906,1037.0,725.5,138.9280389266328,1209.25,769.75,1037.0,725.5,1381.5,814.0,visual intake,262,1209.0,770.5,87,1.268
1.272,1207.9166666666667,768.6666666666666,0.2420255822549445,0,257.69410160110357,0,145.3172595205021,1378.5,813.5,149.83324063771698,1037.0,730.5,140.80127840328723,1207.75,772.0,1037.0,730.5,1378.5,813.5,visual intake,263,1208.0,770.25,87,1.272
1.276,1209.0833333333337,766.1666666666667,0.2520386836592526,0,88.38834764831837,0,149.410219308404,1379.5,813.0,155.54099138169337,1036.5,727.0,143.27944723511465,1208.0,770.0,1036.5,727.0,1379.5,813.0,visual intake,264,1207.75,770.0,87,1.276
1.28,1208.4166666666663,766.3333333333333,0.2506979167873807,0,0.0,0,149.99308985028532,1379.0,813.5,156.706732465456,1036.5,727.0,143.27944723511465,1207.75,770.25,1036.5,727.0,1379.0,813.5,blink,265,1207.75,770.0,87,1.28
1.284,1208.0833333333337,765.4166666666667,0.2488835677032348,0,139.75424859373675,0,147.0375589557787,1378.5,813.5,155.72411502397438,1036.5,724.0,138.351002887583,1207.5,768.75,1036.5,724.0,1378.5,813.5,visual intake,266,1207.5,769.5,87,1.284
1.288,1207.0,765.6666666666667,0.2445755936927425,0,197.64235376052355,0,144.34709559182963,1374.5,811.0,151.99013125857877,1037.0,726.0,136.7040599250805,1205.75,768.5,1037.0,726.0,1374.5,811.0,visual intake,267,1206.75,769.25,87,1.288
1.292,1207.0833333333337,766.0833333333334,0.2384046654273694,0,124.99999999999989,0,150.4283348742606,1377.0,811.0,156.8948692596415,1036.5,728.0,143.96180048887967,1206.75,769.5,1036.5,728.0,1377.0,811.0,visual intake,268,1206.25,769.25,87,1.292
1.296,1204.9166666666663,765.9166666666667,0.2514307485263948,0,139.75424859373675,0,146.91003030122255,1376.0,813.0,156.5247584249853,1032.5,725.5,137.2953021774598,1204.25,769.25,1032.5,725.5,1376.0,813.0,visual intake,269,1205.75,769.5,87,1.296
1.3,1206.9166666666663,767.0,0.2423512236036804,0,187.49999999999983,0,143.44581117939617,1375.5,813.5,149.83324063771698,1037.0,726.5,137.05838172107534,1206.25,770.0,1037.0,726.5,1375.5,813.5,visual intake,270,1205.0,769.5,87,1.3
1.304,1205.3333333333333,766.5,0.2561637654154956,0,197.64235376052355,0,149.54308689529165,1374.5,810.5,157.68956845650888,1035.5,729.0,141.39660533407442,1205.0,769.75,1035.5,729.0,1374.5,810.5,visual intake,271,1204.25,769.75,87,1.304
1.308,1204.9166666666667,765.5,0.2532600394931622,0,62.49999999999994,0,146.41814677957657,1372.5,810.0,155.54099138169337,1035.5,727.5,137.2953021774598,1204.0,768.75,1035.5,727.5,1372.5,810.0,visual intake,272,1204.0,769.75,87,1.308
1.312,1202.9166666666663,766.6666666666666,0.2541057945037486,0,437.4999999999996,0,145.18720661706834,1371.5,809.5,151.79591562357663,1033.0,731.0,138.57849761056005,1202.25,770.25,1033.0,731.0,1371.5,809.5,visual intake,273,1202.25,769.75,87,1.312
1.316,1202.0,765.4166666666666,0.2468428363320407,0,187.49999999999983,0,145.13409312905495,1371.5,808.5,151.42654985173505,1031.5,729.0,138.84163640637487,1201.5,768.75,1031.5,729.0,1371.5,808.5,visual intake,274,1201.5,769.75,87,1.316
1.32,1199.6666666666663,766.4166666666667,0.2516219689683544,0,499.99999999999955,0,145.56387051222026,1368.0,810.0,151.00993344810135,1031.0,729.5,140.11780757633915,1199.5,769.75,1031.0,729.5,1368.0,810.0,visual intake,275,1199.5,769.75,87,1.32
1.324,1197.9166666666663,766.5,0.2484922489629954,0,0.0,0,144.60291280924008,1366.0,807.5,148.47558721890948,1029.5,732.0,140.73023839957068,1197.75,769.75,1029.5,732.0,1366.0,807.5,blink,276,1197.75,768.75,88,1.324
1.328,1196.0,764.8333333333334,0.2402609887363472,0,0.0,0,144.89997142268498,1364.5,808.0,151.60804727981954,1025.5,728.0,138.19189556555045,1195.0,768.0,1025.5,728.0,1364.5,808.0,blink,277,1195.0,768.0,88,1.328
1.332,1195.4166666666663,763.9166666666666,0.2527881266412231,0,0.0,0,142.4209675176412,1362.0,805.0,146.32839779072276,1027.5,729.5,138.5135372445596,1194.75,767.25,1027.5,729.5,1362.0,805.0,blink,278,1194.75,767.25,89,1.332
1.336,1193.8333333333333,763.5,0.2423289649143656,0,0.0,0,144.31728783996908,1361.0,804.5,150.44268011438774,1025.5,729.0,138.19189556555045,1193.25,766.75,1025.5,729.0,1361.0,804.5,blink,279,1193.25,766.75,89,1.336
1.34,1192.0,760.1666666666666,0.2396424860271253,0,0.0,0,144.58060600816208,1358.5,801.0,143.37712509323097,1026.0,725.5,145.7840869230932,1192.25,763.25,1026.0,725.5,1358.5,801.0,blink,280,1192.25,763.75,90,1.34
1.344,1191.0,760.5833333333333,0.2370442713886724,0,0.0,0,143.44213336976907,1357.0,800.5,146.15402833996745,1024.5,727.0,140.73023839957068,1190.75,763.75,1024.5,727.0,1357.0,800.5,blink,281,1192.25,763.25,91,1.344
1.348,1190.25,758.0,0.2452333531237439,0,0.0,0,145.1103593210575,1356.0,799.0,146.32839779072276,1024.0,723.5,143.8923208513922,1190.0,761.25,1024.0,723.5,1356.0,799.0,blink,282,1190.75,761.25,92,1.348
1.352,1193.6666666666667,757.1666666666667,0.2402656307039534,0,0.0,0,145.53058576144713,1361.5,799.5,147.49237268414933,1025.0,722.0,143.5687988387449,1193.25,760.75,1025.0,722.0,1361.5,799.5,blink,283,1190.0,760.75,93,1.352
1.356,1190.1666666666663,756.3333333333334,0.2475901099514619,0,0.0,0,144.22916280782258,1358.0,796.0,150.2664300500947,1020.5,723.0,138.19189556555045,1189.25,759.5,1020.5,723.0,1358.0,796.0,blink,284,1189.25,759.5,93,1.356
1.36,1187.4166666666663,754.25,0.2561347628719811,0,0.0,0,144.52011166897938,1352.5,793.5,151.79591562357663,1020.0,722.0,137.2443077143821,1186.25,757.75,1020.0,722.0,1352.5,793.5,blink,285,1186.25,757.75,94,1.36
1.364,1185.3333333333337,753.25,0.254209562884152,0,0.0,0,146.36018482907474,1355.5,794.0,151.99013125857877,1013.0,719.5,140.73023839957068,1184.25,756.75,1013.0,719.5,1355.5,794.0,blink,286,1186.0,756.75,95,1.364
1.368,1186.4166666666663,750.1666666666667,0.2614289137801184,0,0.0,0,143.93483539224198,1353.0,790.0,150.62536307010186,1019.0,717.0,137.2443077143821,1186.0,753.5,1019.0,717.0,1353.0,790.0,blink,287,1184.25,753.5,96,1.368
1.372,1184.1666666666663,747.0,0.2659713251683986,0,0.0,0,143.8434939143849,1350.0,786.5,150.44268011438774,1016.0,714.0,137.2443077143821,1183.0,750.25,1016.0,714.0,1350.0,786.5,blink,288,1183.0,750.25,96,1.372
1.376,1181.1666666666667,744.25,0.2576983147054613,0,0.0,0,146.51687897288627,1345.5,784.0,153.57408635573907,1016.0,711.5,139.4596715900335,1180.75,747.75,1016.0,711.5,1345.5,784.0,blink,289,1180.75,749.0,96,1.376
1.38,1180.9166666666667,745.4166666666666,0.2587379658629449,0,0.0,0,147.30827815019796,1348.5,785.5,157.68956845650888,1012.0,712.5,136.92698784388708,1180.25,749.0,1012.0,712.5,1348.5,785.5,blink,290,1180.25,748.25,97,1.38
1.384,1179.3333333333337,744.9166666666667,0.2540911904177105,0,0.0,0,145.46542973849182,1347.0,785.0,156.5247584249853,1009.0,711.5,134.40610105199838,1178.0,748.25,1009.0,711.5,1347.0,785.0,blink,291,1178.0,747.75,98,1.384
1.388,1176.4166666666663,742.5,0.249897479975644,0,0.0,0,144.42589940755482,1345.0,782.5,156.348968656656,1005.0,710.5,132.5028301584536,1175.0,746.5,1005.0,710.5,1345.0,782.5,blink,292,1175.0,746.5,98,1.388
1.392,1175.0,740.9166666666667,0.2429981205892709,0,0.0,0,146.25134890611278,1346.0,781.0,156.5247584249853,1003.5,708.5,135.9779393872403,1174.75,744.75,1003.5,708.5,1346.0,781.0,blink,293,1174.75,744.75,99,1.392
1.396,1172.0,735.4166666666667,0.2468791361596111,0,0.0,0,148.25681419803868,1340.0,771.5,157.6863976378432,1004.0,707.5,138.82723075823418,1172.0,739.5,1004.0,707.5,1340.0,771.5,blink,294,1172.0,739.5,100,1.396
1.4,1167.8333333333333,735.1666666666667,0.2522442799901566,0,0.0,0,149.80285902069988,1337.0,772.5,156.01602481796542,999.5,705.5,143.58969322343438,1168.25,739.0,999.5,705.5,1337.0,772.5,blink,295,1168.25,739.0,100,1.4
1.404,1168.0,733.1666666666666,0.2532063359897757,0,0.0,0,150.1465003757265,1337.0,771.5,157.99050604387594,999.5,703.5,142.30249470757707,1168.25,737.5,999.5,703.5,1337.0,771.5,blink,296,1168.25,737.5,101,1.404
1.408,1165.6666666666667,729.3333333333334,0.2618571002311236,0,0.0,0,147.9524868706531,1332.5,766.5,158.97798589741913,998.0,701.5,136.92698784388708,1165.25,734.0,998.0,701.5,1332.5,766.5,blink,297,1166.75,734.0,102,1.408
1.412,1166.8333333333333,725.8333333333333,0.2619737354637053,0,0.0,0,153.05549743803766,1336.5,763.0,165.97891432347663,997.0,698.5,140.1320805525987,1166.75,730.75,997.0,698.5,1336.5,763.0,blink,298,1165.25,730.75,102,1.412
1.416,1164.6666666666663,725.9166666666667,0.2664010115641274,0,0.0,0,148.79571972770407,1333.0,761.0,163.48700254148645,996.0,699.0,134.1044369139217,1164.5,730.0,996.0,699.0,1333.0,761.0,blink,299,1164.5,730.0,103,1.416
1.42,1163.8333333333333,721.6666666666666,0.2688950567549039,0,1346.2912017836247,0,147.5037122726244,1334.0,757.5,165.60495161679194,991.0,692.5,129.40247292845683,1162.5,725.0,991.0,692.5,1334.0,757.5,saccade,300,1162.5,725.0,104,1.42
1.424,1160.0833333333337,718.5833333333333,0.2654299931925452,0,988.2117688026176,0,151.09209503523712,1330.5,754.0,166.4602054546371,988.0,691.5,135.72398461583714,1159.25,722.75,988.0,691.5,1330.5,754.0,saccade,301,1159.25,722.75,104,1.424
1.428,1159.75,716.75,0.2617281678970484,0,760.3453162872768,0,144.39825452011212,1330.0,751.5,163.11039206623224,987.5,688.0,125.686116973992,1158.75,719.75,987.5,688.0,1330.0,751.5,saccade,302,1158.75,719.75,104,1.428
1.432,1156.75,713.9166666666666,0.2555436223433542,0,840.8515029421061,0,145.6949777008443,1326.0,747.0,163.22989922192565,986.5,688.0,128.16005617976296,1156.25,717.5,986.5,688.0,1326.0,747.0,saccade,303,1156.25,717.5,104,1.432
1.436,1155.8333333333333,711.3333333333333,0.2606759395890066,0,643.476883811687,0,146.19513287643042,1327.0,747.0,165.46903033498444,983.0,683.5,126.9212354178764,1155.0,715.25,983.0,683.5,1327.0,747.0,saccade,304,1155.0,715.25,104,1.436
1.44,1153.0833333333337,708.6666666666667,0.2769092475488076,0,712.6096406869606,0,143.48405821430276,1324.0,743.0,158.80806024884254,980.5,682.0,128.16005617976296,1152.25,712.5,980.5,682.0,1324.0,743.0,saccade,305,1154.25,712.5,104,1.44
1.444,1154.5,707.0833333333333,0.2775374842995557,0,664.3841132959151,0,142.29902113298,1325.0,740.5,158.91192529196795,983.5,681.0,125.686116973992,1154.25,710.75,983.5,681.0,1325.0,740.5,saccade,306,1152.25,710.75,104,1.444
1.448,1149.8333333333337,704.1666666666667,0.2722713682746261,0,1017.4262872562307,0,142.86464783335947,1319.0,736.0,158.80806024884254,980.0,679.5,126.9212354178764,1149.5,707.75,980.0,679.5,1319.0,736.0,saccade,307,1149.5,707.75,104,1.448
1.452,1147.1666666666663,702.3333333333334,0.2705143454439187,0,762.9097259833557,0,145.9186059668089,1318.0,732.5,159.13830462839547,976.0,679.5,132.69890730522238,1147.0,706.0,976.0,679.5,1318.0,732.5,saccade,308,1147.0,706.0,104,1.452
1.456,1146.3333333333333,699.9166666666667,0.2635480462512259,0,534.0002340823452,0,144.14539842068206,1315.0,728.0,156.81836627130127,977.5,680.0,131.47243057006287,1146.25,704.0,977.5,680.0,1315.0,728.0,saccade,309,1146.25,704.0,104,1.456
1.46,1142.9166666666663,699.0833333333333,0.2641025306838792,0,783.1227553838536,0,146.2137041236207,1317.0,728.0,159.02201105507376,969.5,677.0,133.4053971921676,1143.25,702.5,969.5,677.0,1317.0,728.0,saccade,310,1143.5,702.5,104,1.46
1.464,1143.5833333333337,695.9166666666667,0.2505549961930715,0,690.3350635742032,0,145.95500517125774,1316.5,725.5,159.90622251807463,970.5,674.0,132.00378782444085,1143.5,699.75,970.5,674.0,1316.5,725.5,saccade,311,1143.25,699.75,104,1.464
1.468,1140.6666666666663,694.6666666666667,0.2678038558216382,0,814.9003006503305,0,146.8419100075587,1313.0,722.0,161.24515496597098,968.0,674.0,132.43866504914644,1140.5,698.0,968.0,674.0,1313.0,722.0,saccade,312,1140.5,698.0,104,1.468
1.472,1138.5,690.8333333333333,0.2490019009757856,0,1091.5155747858103,0,149.79381384121683,1313.0,719.0,165.21501142450705,964.0,669.0,134.3726162579266,1138.5,694.0,964.0,669.0,1313.0,719.0,saccade,313,1138.75,694.0,104,1.472
1.476,1138.1666666666663,689.1666666666667,0.2740784252513033,0,0.0,0,148.2449288919642,1310.5,715.5,162.1172415260018,967.0,669.0,134.3726162579266,1138.75,692.25,967.0,669.0,1310.5,715.5,blink,314,1138.5,692.25,105,1.476
1.48,1136.0833333333333,688.0,0.2676333569061335,0,0.0,0,149.20878968631155,1310.5,714.0,165.97891432347663,962.0,668.0,132.43866504914644,1136.25,691.0,962.0,668.0,1310.5,714.0,blink,315,1138.5,691.0,105,1.48
1.484,1136.3333333333333,685.5,0.2633969557400941,0,0.0,0,145.21662883681816,1307.5,712.5,162.1172415260018,965.0,664.5,128.3160161476345,1136.25,688.5,965.0,664.5,1307.5,712.5,blink,316,1137.75,688.5,106,1.484
1.488,1138.1666666666667,685.25,0.2527440779523475,0,0.0,0,147.68099966685676,1314.5,711.5,166.33099530754933,963.5,664.0,129.0310040261642,1139.0,687.75,963.5,664.0,1314.5,711.5,blink,317,1136.25,687.75,107,1.488
1.492,1137.0,683.5833333333334,0.2639894447873274,0,0.0,0,146.29601792911106,1312.5,711.0,166.20770138594662,963.0,662.5,126.38433447227548,1137.75,686.75,963.0,662.5,1312.5,711.0,blink,318,1136.25,686.75,107,1.492
1.496,1132.9166666666667,678.4166666666667,0.248474153560002,0,0.0,0,141.48093512902972,1306.5,702.5,154.17522498767434,963.5,659.5,128.7866452703851,1135.0,681.0,963.5,659.5,1306.5,702.5,blink,319,1135.0,681.0,108,1.496
1.5,1133.0833333333333,677.25,0.2691324010821804,0,0.0,0,143.61282463826686,1305.5,702.5,160.13119621110684,962.5,659.0,127.09445306542688,1134.0,680.75,962.5,659.0,1305.5,702.5,blink,320,1134.0,680.75,109,1.5
1.504,1132.5,674.9166666666666,0.277167396164638,0,0.0,0,143.4293060831818,1307.5,702.0,160.25292509030842,959.5,655.0,126.60568707605516,1133.5,678.5,959.5,655.0,1307.5,702.0,blink,321,1133.5,678.5,110,1.504
1.508,1129.0,671.4166666666666,0.2744937784826113,0,0.0,0,140.14414445517184,1302.5,696.5,152.190669884852,958.5,654.0,128.09761902549164,1130.5,675.25,958.5,654.0,1302.5,696.5,blink,322,1131.5,676.25,110,1.508
1.512,1131.0833333333337,672.5833333333334,0.2789781169817321,0,0.0,0,147.39005908640596,1303.5,699.0,166.4602054546371,959.5,653.5,128.3199127181748,1131.5,676.25,959.5,653.5,1303.5,699.0,blink,323,1130.5,675.25,111,1.512
1.516,1126.8333333333333,671.0833333333333,0.2710362483797278,0,0.0,0,145.94299396797112,1299.5,696.5,162.36378906640482,956.0,653.0,129.52219886953742,1127.75,674.75,956.0,653.0,1299.5,696.5,blink,324,1128.0,674.75,112,1.516
1.52,1127.6666666666667,668.9166666666667,0.2580059080910976,0,0.0,0,145.2879423158766,1301.0,694.0,163.22989922192565,955.0,650.5,127.3459854098275,1128.0,672.25,955.0,650.5,1301.0,694.0,blink,325,1127.75,672.25,112,1.52
1.524,1124.9166666666663,666.4166666666667,0.2629745725881958,0,0.0,0,146.14373532243945,1295.5,690.0,162.2374802565671,956.5,650.0,130.04999038831184,1126.0,670.0,956.5,650.0,1295.5,690.0,blink,326,1126.0,670.0,112,1.524
1.528,1124.5,664.75,0.252594123793244,0,0.0,0,144.5566573298978,1295.5,688.0,160.25292509030842,954.0,648.5,128.86038956948718,1124.75,668.25,954.0,648.5,1295.5,688.0,blink,327,1125.25,668.25,113,1.528
1.532,1123.75,663.3333333333333,0.2442135192092215,0,0.0,0,147.6077062789602,1297.0,685.0,164.98484778912274,951.0,647.0,130.23056476879765,1124.0,666.0,951.0,647.0,1297.0,685.0,blink,328,1124.75,666.0,114,1.532
1.536,1125.1666666666663,662.25,0.2408362628446086,0,0.0,0,144.37877288407617,1297.5,684.0,164.2224101637776,953.0,646.5,124.53513560437472,1125.25,665.25,953.0,646.5,1297.5,684.0,blink,329,1124.0,665.25,115,1.536
1.54,1123.6666666666667,661.25,0.2523901126303101,0,0.0,0,146.04697059193947,1294.5,683.0,165.97891432347663,952.0,644.5,126.11502686040232,1123.25,663.75,952.0,644.5,1294.5,683.0,blink,330,1123.25,663.75,115,1.54
1.544,1121.25,659.0833333333334,0.2637888633298947,0,0.0,0,142.53079081009898,1289.5,681.5,161.89502771858065,952.5,642.5,123.1665539016173,1121.0,662.0,952.5,642.5,1289.5,681.5,blink,331,1121.0,662.0,116,1.544
1.548,1120.8333333333337,658.0833333333334,0.2589631169997402,0,0.0,0,142.17693628804574,1289.5,679.0,160.01562423713506,952.0,644.0,124.33824833895642,1120.75,661.5,952.0,644.0,1289.5,679.0,blink,332,1120.75,661.5,117,1.548
1.552,1116.75,655.5,0.253680451631775,0,0.0,0,142.414881953654,1285.0,676.5,156.92354826475216,949.0,641.0,127.90621564255584,1117.0,658.75,949.0,641.0,1285.0,676.5,blink,333,1120.25,659.5,118,1.552
1.556,1120.5833333333337,656.5,0.2542907515468232,0,0.0,0,139.95636917390087,1287.0,677.5,158.71042813879623,953.5,641.5,121.2023102090055,1120.25,659.5,953.5,641.5,1287.0,677.5,blink,334,1119.0,658.75,119,1.556
1.56,1119.0833333333333,655.25,0.2618471587520701,0,0.0,0,142.22618110604162,1286.5,676.0,163.783393541592,951.5,640.0,120.66896867049124,1119.0,658.0,951.5,640.0,1286.5,676.0,blink,335,1117.0,658.0,120,1.56
1.564,1116.0,653.0,0.2683672597879704,0,0.0,0,139.8574663554441,1284.5,673.5,157.71493271088823,949.0,640.0,122.0,1116.75,656.75,949.0,640.0,1284.5,673.5,blink,336,1117.0,656.75,121,1.564
1.568,1113.4166666666663,651.8333333333334,0.2556831526408734,0,0.0,0,140.9531112590373,1279.5,671.5,159.90622251807463,948.0,638.0,122.0,1113.75,654.75,948.0,638.0,1279.5,671.5,blink,337,1116.75,656.5,121,1.568
1.572,1117.1666666666667,653.25,0.266134977926404,0,0.0,0,139.28225304180188,1283.0,674.5,158.71042813879623,951.0,638.5,119.85407794480751,1117.0,656.5,951.0,638.5,1283.0,674.5,blink,338,1115.5,654.75,122,1.572
1.576,1115.0833333333333,651.0,0.268023771892616,0,0.0,0,138.20972287497406,1283.0,671.5,158.5339080449353,948.0,637.5,117.88553770501282,1115.5,654.5,948.0,637.5,1283.0,671.5,blink,339,1114.75,654.5,123,1.576
1.58,1114.0833333333333,649.75,0.2678926272575217,0,0.0,0,137.70520303062676,1281.0,669.5,156.54072952429985,948.5,636.5,118.86967653695368,1114.75,653.0,948.5,636.5,1281.0,669.5,blink,340,1114.75,653.0,123,1.58
1.584,1110.4166666666667,648.3333333333334,0.2694150382634838,0,0.0,0,137.16403362920073,1275.5,668.0,155.63097378092831,945.5,636.0,118.69709347747316,1110.5,652.0,945.5,636.0,1275.5,668.0,blink,341,1110.5,652.0,124,1.584
1.588,1109.8333333333333,646.9166666666666,0.2563022835043773,0,0.0,0,136.59297162789585,1275.0,666.0,156.62694531912445,945.5,634.5,116.55899793666724,1110.25,650.25,945.5,634.5,1275.0,666.0,blink,342,1110.5,650.5,125,1.588
1.592,1110.5833333333333,647.1666666666666,0.2623006853458545,0,0.0,0,134.93956464361253,1274.0,666.0,154.46682491719702,947.0,635.0,115.41230437002808,1110.5,650.5,947.0,635.0,1274.0,666.0,blink,343,1110.5,650.5,125,1.592
1.596,1107.75,646.8333333333334,0.2817810516984069,0,0.0,0,135.26445646487514,1271.0,666.0,152.64337522473747,946.0,634.5,117.88553770501282,1108.5,650.25,946.0,634.5,1271.0,666.0,blink,344,1110.5,650.5,125,1.596
1.6,1111.5,647.0,0.2688690476454146,0,0.0,0,136.02760849920983,1277.0,667.0,158.45504094221806,946.0,634.5,113.6001760562016,1111.5,650.75,946.0,634.5,1277.0,667.0,blink,345,1110.5,650.5,125,1.6
1.604,1111.4166666666663,647.1666666666667,0.2655441037500203,0,0.0,0,136.0617546281138,1272.5,665.5,157.53729717117784,949.5,635.5,114.58621208504974,1111.0,650.5,949.5,635.5,1272.5,665.5,blink,346,1108.5,650.25,126,1.604
1.608,1107.25,646.9166666666667,0.2701318444055555,0,0.0,0,134.9800158130222,1269.0,664.5,154.5477272560163,945.0,636.0,115.41230437002808,1107.0,650.25,945.0,636.0,1269.0,664.5,blink,347,1107.0,650.25,127,1.608
1.612,1107.0,645.1666666666667,0.2833817197913279,0,0.0,0,134.90724002582925,1269.5,663.5,155.3898323572041,944.5,634.0,114.42464769445436,1107.0,648.75,944.5,634.0,1269.5,663.5,blink,348,1107.0,648.75,127,1.612
1.616,1102.0833333333333,643.75,0.2877571108138581,0,0.0,0,133.51408811003938,1264.5,663.0,149.4824404403407,941.0,631.5,117.5457357797381,1102.75,647.25,941.0,631.5,1264.5,663.0,blink,349,1102.75,647.25,128,1.616
1.62,1102.4166666666667,643.0,0.2672168829102397,0,0.0,0,137.21948262583166,1266.5,663.5,157.53729717117784,938.5,629.5,116.90166808048548,1102.5,646.5,938.5,629.5,1266.5,663.5,blink,350,1102.5,647.25,129,1.62
1.624,1102.1666666666667,643.4166666666667,0.2851766028296666,0,0.0,0,134.13689561457304,1264.0,662.5,150.56227947264878,941.0,632.0,117.71151175649727,1102.5,647.25,941.0,632.0,1264.0,662.5,blink,351,1102.5,647.25,129,1.624
1.628,1101.4166666666667,643.9166666666666,0.2810456860828892,0,0.0,0,135.0922300884323,1262.0,663.0,152.47294842036737,941.0,632.0,117.71151175649727,1101.5,647.5,941.0,632.0,1262.0,663.0,blink,352,1101.5,647.25,129,1.628
1.632,1098.8333333333333,643.5,0.2793445719635445,0,0.0,0,137.78212752642122,1260.0,663.5,154.5477272560163,938.5,631.0,121.01652779682615,1099.25,647.25,938.5,631.0,1260.0,663.5,blink,353,1099.25,647.25,130,1.632
1.636,1097.1666666666663,643.25,0.2691390724994942,0,0.0,0,138.7534494641564,1260.0,663.5,152.55490814785344,936.5,630.0,124.95199078045935,1098.25,646.75,936.5,630.0,1260.0,663.5,blink,354,1098.25,646.75,131,1.636
1.64,1094.8333333333337,642.0,0.261486819112939,0,0.0,0,140.3222769931368,1261.0,663.5,152.73833834371774,931.0,628.0,127.90621564255584,1096.0,645.75,931.0,628.0,1261.0,663.5,blink,355,1096.0,646.25,132,1.64
1.644,1094.8333333333337,642.6666666666667,0.2716953772152066,0,0.0,0,139.8834923090618,1258.0,663.0,154.63505424062166,933.5,629.5,125.13193037750196,1095.75,646.25,933.5,629.5,1258.0,663.0,blink,356,1095.75,646.25,133,1.644
1.648,1093.5833333333333,641.9166666666667,0.2864451866360758,0,0.0,0,137.37013978940317,1256.0,661.0,154.3243337908834,932.0,630.0,120.41594578792296,1094.0,645.5,932.0,630.0,1256.0,661.0,blink,357,1095.0,646.25,133,1.648
1.652,1094.0,643.0833333333333,0.279858413100773,0,0.0,0,139.26342277373226,1255.5,662.5,153.39491516996253,934.5,631.5,125.13193037750196,1095.0,647.0,934.5,631.5,1255.5,662.5,blink,358,1094.0,646.25,133,1.652
1.656,1091.3333333333337,643.1666666666667,0.2655736937062807,0,0.0,0,141.04444334289363,1252.0,665.5,155.16765126791086,932.5,629.0,126.9212354178764,1092.25,647.25,932.5,629.0,1252.0,665.5,blink,359,1092.25,646.5,133,1.656
1.66,1089.0,640.6666666666666,0.2689335231088599,0,0.0,0,143.92635645684942,1252.0,663.0,156.81836627130127,928.5,625.5,131.03434664239754,1090.25,644.25,928.5,625.5,1252.0,663.0,blink,360,1090.25,647.0,134,1.66
1.664,1088.25,642.4166666666667,0.2696353014599355,0,0.0,0,141.06897885826692,1251.0,665.0,156.81836627130127,927.5,628.0,125.31959144523252,1089.25,646.5,927.5,628.0,1251.0,665.0,blink,361,1089.25,647.25,135,1.664
1.668,1088.3333333333333,643.8333333333333,0.2641419234125755,0,0.0,0,141.28180702525398,1251.5,667.0,158.02847844613325,927.0,628.5,124.53513560437472,1089.25,647.75,927.0,628.5,1251.5,667.0,blink,362,1089.25,647.25,135,1.668
1.672,1087.1666666666667,643.9166666666666,0.2858574764530162,0,0.0,0,147.1079414367618,1246.0,665.0,164.77863939236784,928.5,629.5,129.43724348115578,1087.25,647.25,928.5,629.5,1246.0,665.0,blink,363,1088.75,647.25,135,1.672
1.676,1088.1666666666667,643.8333333333334,0.2645079646595291,0,0.0,0,142.24069030625014,1249.0,666.5,161.1241757155021,928.5,628.0,123.3572048969982,1088.75,647.25,928.5,628.0,1249.0,666.5,blink,364,1087.25,647.25,135,1.676
1.68,1083.0833333333333,644.5,0.2813386988098415,0,0.0,0,146.91669196495192,1243.5,665.0,163.783393541592,924.0,630.5,130.04999038831184,1083.75,647.75,924.0,630.5,1243.5,665.0,blink,365,1084.5,647.25,136,1.68
1.684,1084.1666666666667,643.6666666666667,0.2631180221820148,0,0.0,0,142.99846624323675,1245.0,667.0,162.9969324864735,924.0,627.5,123.0,1084.5,647.25,924.0,627.5,1245.0,667.0,blink,366,1083.75,647.25,137,1.684
1.688,1082.3333333333333,643.0,0.2751313307084053,0,0.0,0,148.3820720456482,1242.0,664.5,168.8579284487406,923.0,627.0,127.90621564255584,1082.5,645.75,923.0,627.0,1242.0,664.5,blink,367,1082.5,647.25,137,1.688
1.692,1075.8333333333333,642.5833333333334,0.2604951083399721,0,0.0,0,147.30239417076024,1239.5,664.0,163.99085340347492,913.0,628.0,130.61393493804556,1076.25,646.0,913.0,628.0,1239.5,664.0,blink,368,1078.5,646.25,138,1.692
1.696,1077.9166666666663,644.8333333333333,0.2772649334482079,0,249.99999999999977,0,145.01947388265123,1237.0,666.5,162.69296235547498,920.0,630.5,127.3459854098275,1078.5,648.5,920.0,630.5,1237.0,666.5,visual intake,369,1077.5,646.25,139,1.696
1.7,1077.3333333333333,643.75,0.2866871846875602,0,364.434493427831,0,146.5980883938485,1235.0,664.5,168.8579284487406,920.0,628.0,124.33824833895642,1077.5,646.25,920.0,628.0,1235.0,664.5,visual intake,370,1076.25,647.0,139,1.7
1.704,1073.5833333333333,643.75,0.2675047279881597,0,62.49999999999994,0,146.12237822634097,1236.0,666.0,162.9969324864735,912.5,628.0,129.2478239662084,1074.25,647.0,912.5,628.0,1236.0,666.0,visual intake,371,1076.25,647.25,139,1.704
1.708,1076.25,645.3333333333334,0.2894686067784397,0,88.38834764831837,0,145.96336938972462,1234.0,666.0,168.7601848778319,918.5,630.5,123.1665539016173,1076.25,648.25,918.5,630.5,1234.0,666.0,visual intake,372,1076.0,647.0,139,1.708
1.712,1075.5,644.3333333333333,0.2885078523909075,0,441.94173824159185,0,145.82114613705363,1233.0,664.5,168.8579284487406,919.0,630.0,122.78436382536664,1076.0,647.25,919.0,630.0,1233.0,664.5,visual intake,373,1074.25,647.25,139,1.712
1.716,1073.4166666666667,643.25,0.2697230523663916,0,62.49999999999994,0,145.83064459553788,1233.0,665.5,167.32304085211933,914.0,626.0,124.33824833895642,1073.5,645.75,914.0,626.0,1233.0,665.5,visual intake,374,1074.0,647.25,139,1.716
1.72,1071.75,644.1666666666667,0.273249229053927,0,124.99999999999989,0,146.578297329479,1231.5,664.5,165.873445734994,913.5,631.0,127.283148923964,1072.5,647.75,913.5,631.0,1231.5,664.5,visual intake,375,1073.5,647.25,139,1.72
1.724,1074.0833333333333,644.5833333333333,0.2711457857467261,0,279.5084971874735,0,146.10195243922138,1230.5,665.0,170.17931719218996,917.5,629.5,122.0245876862528,1074.0,647.25,917.5,629.5,1230.5,665.0,visual intake,376,1072.5,647.75,139,1.724
1.728,1072.9166666666667,646.6666666666666,0.2702517910085972,0,437.4999999999996,0,146.92769561789845,1230.5,666.5,170.29973576021777,914.5,632.5,123.5556554755791,1072.5,649.5,914.5,632.5,1230.5,666.5,visual intake,377,1072.5,649.5,139,1.728
1.732,1070.9166666666667,648.0,0.2646403555719344,0,364.434493427831,0,144.8955192376072,1230.5,669.0,168.19334112859522,911.5,632.5,121.5976973466192,1071.0,650.75,911.5,632.5,1230.5,669.0,visual intake,378,1071.75,650.75,139,1.732
1.736,1071.3333333333337,649.0833333333333,0.2483555670953309,0,176.77669529663675,0,146.4315340949243,1232.0,671.5,169.30741271426953,910.5,632.5,123.5556554755791,1071.25,652.0,910.5,632.5,1232.0,671.5,visual intake,379,1071.25,651.25,139,1.736
1.74,1071.0,648.25,0.2459176959376032,0,187.49999999999983,0,144.20698581883607,1232.5,671.0,168.19334112859522,911.0,631.5,120.22063050907694,1071.75,651.25,911.0,631.5,1232.5,671.0,visual intake,380,1071.25,652.0,139,1.74
1.744,1071.5,651.0,0.2443202170459257,0,249.99999999999977,0,143.3183269462906,1231.0,674.0,167.20047846821492,911.5,634.0,119.4361754243663,1071.25,654.0,911.5,634.0,1231.0,674.0,visual intake,381,1071.25,653.0,139,1.744
1.748,1072.25,650.5833333333333,0.2338751219479879,0,249.99999999999977,0,143.9711382328407,1235.0,671.5,167.32304085211933,912.0,634.5,120.61923561356208,1073.5,653.0,912.0,634.5,1235.0,671.5,visual intake,382,1071.25,654.0,139,1.748
1.752,1070.9166666666667,652.75,0.2417005982965615,0,249.99999999999977,0,142.91712351903456,1232.0,675.0,165.21501142450705,910.0,636.5,120.61923561356208,1071.0,655.75,910.0,636.5,1232.0,675.0,visual intake,383,1071.25,655.0,139,1.752
1.756,1069.9166666666667,652.4166666666667,0.2163160834956356,0,187.49999999999983,0,147.42390178674992,1233.0,674.5,171.29214809792072,908.5,635.5,123.5556554755791,1070.75,655.0,908.5,635.5,1233.0,674.5,visual intake,384,1071.25,655.75,139,1.756
1.76,1070.25,652.75,0.2177733645124921,0,0.0,0,146.2140979518674,1233.0,675.5,169.07099100673656,909.5,636.0,123.3572048969982,1071.25,655.75,909.5,636.0,1233.0,675.5,blink,385,1071.25,655.75,139,1.76
1.764,1070.8333333333333,653.6666666666667,0.222566520020577,0,197.64235376052355,0,144.3407543255031,1234.0,676.5,167.08381130438698,909.5,636.5,121.5976973466192,1071.75,656.5,909.5,636.5,1234.0,676.5,visual intake,386,1071.5,656.5,139,1.764
1.768,1070.25,655.4166666666666,0.2120553204677984,0,380.1726581436384,0,144.77477921962353,1233.0,678.0,166.97305171793442,910.0,638.5,122.57650672131264,1071.5,658.25,910.0,638.5,1233.0,678.0,visual intake,387,1071.75,658.0,139,1.768
1.772,1072.3333333333333,655.75,0.2205141780629556,0,62.49999999999994,0,143.34731928300653,1234.0,678.5,165.0969412193939,912.5,637.5,121.5976973466192,1073.25,658.0,912.5,637.5,1234.0,678.5,visual intake,388,1071.75,658.25,139,1.772
1.776,1070.25,657.9166666666667,0.2200651121725732,0,0.0,0,142.79427537504705,1233.5,678.0,163.99085340347492,910.5,643.5,121.5976973466192,1072.0,660.75,910.5,643.5,1233.5,678.0,blink,389,1072.0,660.75,140,1.776
1.78,1070.9166666666663,659.75,0.226345397363044,0,0.0,0,140.17039381102012,1232.0,681.0,161.00931650062986,911.0,643.0,119.3314711214104,1071.5,662.0,911.0,643.0,1232.0,681.0,blink,390,1072.75,662.0,141,1.78
1.784,1072.3333333333333,660.5833333333334,0.2374179639710635,0,0.0,0,140.35536069976988,1232.5,681.0,163.783393541592,913.0,645.0,116.92732785794772,1072.75,663.0,913.0,645.0,1232.5,681.0,blink,391,1072.75,662.25,141,1.784
1.788,1072.5833333333337,659.9166666666667,0.2329543874387658,0,0.0,0,138.77223470330736,1234.0,680.0,162.78820596099706,913.0,644.5,114.75626344561763,1073.5,662.25,913.0,644.5,1234.0,680.0,blink,392,1073.5,663.0,141,1.788
1.792,1073.8333333333333,663.0,0.2411419935755602,0,0.0,0,138.5404424668076,1231.0,682.0,162.60381299342276,917.5,648.0,114.47707194019246,1074.25,665.0,917.5,648.0,1231.0,682.0,blink,393,1074.25,664.75,141,1.792
1.796,1074.3333333333333,662.5,0.2433728648074375,0,0.0,0,140.22245550517073,1232.5,683.5,163.51758315239374,917.0,646.0,116.92732785794772,1074.75,664.75,917.0,646.0,1232.5,683.5,blink,394,1074.75,665.0,141,1.796
1.8,1076.6666666666663,666.1666666666666,0.2413353638169967,0,0.0,0,140.0854442010951,1234.0,685.0,164.43843832875572,920.5,652.5,115.73245007343446,1077.25,668.75,920.5,652.5,1234.0,685.0,blink,395,1075.25,668.75,142,1.8
1.804,1075.3333333333337,667.8333333333334,0.2624680559578075,0,0.0,0,136.1397987163034,1231.0,687.0,160.44936896105264,919.5,653.5,111.83022847155416,1075.25,670.25,919.5,653.5,1231.0,687.0,blink,396,1077.25,669.75,142,1.804
1.808,1076.6666666666663,667.25,0.2578685640687245,0,0.0,0,135.29596436532483,1233.0,686.5,158.5339080449353,921.5,653.0,112.0580206857144,1077.25,669.75,921.5,653.0,1233.0,686.5,blink,397,1077.25,670.25,143,1.808
1.812,1078.3333333333333,669.8333333333333,0.271833263939598,0,0.0,0,133.55549587898645,1233.0,687.5,160.37767924496225,924.0,657.0,106.73331251301067,1078.5,672.25,924.0,657.0,1233.0,687.5,blink,398,1076.25,672.25,144,1.812
1.816,1076.3333333333333,670.5833333333334,0.2662273117089469,0,187.49999999999983,0,132.59417672761435,1233.0,688.0,158.45504094221806,919.0,658.0,106.73331251301067,1076.0,673.0,919.0,658.0,1233.0,688.0,visual intake,399,1076.25,673.0,145,1.816
1.82,1075.9166666666667,672.0833333333333,0.2680474395319806,0,441.94173824159185,0,133.26349387960795,1231.5,689.5,157.3848785620779,921.0,660.0,109.14210919713804,1076.25,674.75,921.0,660.0,1231.5,689.5,visual intake,400,1076.0,674.75,145,1.82
1.824,1074.5833333333337,673.9166666666666,0.2816193474308339,0,450.6939094329982,0,133.2301290909631,1229.5,692.0,157.31814898478814,919.0,661.0,109.14210919713804,1074.25,676.5,919.0,661.0,1229.5,692.0,visual intake,401,1075.0,676.25,145,1.824
1.828,1075.0833333333333,674.0833333333333,0.2803337224706591,0,139.75424859373675,0,132.72137640445428,1229.5,692.0,159.45218719101973,920.5,660.5,105.99056561788883,1075.0,676.25,920.5,660.5,1229.5,692.0,visual intake,402,1074.5,676.5,145,1.828
1.832,1073.0,675.5833333333333,0.2807728474623653,0,380.1726581436384,0,133.88213329954084,1230.5,692.5,161.25135658344087,914.0,663.5,106.51291001564084,1072.25,678.0,914.0,663.5,1230.5,692.5,visual intake,403,1074.25,678.0,145,1.832
1.836,1074.8333333333333,678.0833333333334,0.283816515112545,0,139.75424859373675,0,131.7300729916621,1231.0,695.5,156.259399717265,918.0,666.0,107.20074626605916,1074.5,680.75,918.0,666.0,1231.0,695.5,visual intake,404,1074.5,678.5,145,1.836
1.84,1073.0833333333333,676.0,0.2851179528623658,0,312.4999999999997,0,134.76970261821867,1231.5,693.0,165.19382555047267,913.0,664.0,104.34557968596464,1072.25,678.5,913.0,664.0,1231.5,693.0,visual intake,405,1074.5,679.75,145,1.84
1.844,1074.75,677.9166666666666,0.2810309911807477,0,187.49999999999983,0,135.45194148880347,1231.0,695.0,158.3161394173064,919.0,666.0,112.58774356030057,1075.0,680.5,919.0,666.0,1231.0,695.0,visual intake,406,1074.5,680.5,145,1.844
1.848,1074.25,677.1666666666667,0.2661681790738195,0,437.4999999999996,0,134.8390123624497,1231.0,695.0,156.32018423735306,918.5,664.5,113.35784048754634,1074.75,679.75,918.5,664.5,1231.0,695.0,visual intake,407,1072.75,680.5,145,1.848
1.852,1072.75,678.5,0.2731741214817386,0,62.49999999999994,0,134.95294627254435,1230.5,697.0,157.31814898478814,915.0,665.0,112.58774356030057,1072.75,681.0,915.0,665.0,1230.5,697.0,visual intake,408,1072.75,680.75,145,1.852
1.856,1070.4166666666667,677.8333333333334,0.2762377595729602,0,257.69410160110357,0,135.42618336204436,1228.5,698.0,159.45218719101973,911.5,663.5,111.40017953306898,1070.0,680.75,911.5,663.5,1228.5,698.0,visual intake,409,1071.75,681.0,145,1.856
1.86,1071.5833333333333,680.5,0.2817706610136579,0,0.0,0,132.97951775787976,1229.0,700.0,160.1998751560063,912.5,666.0,105.75916035975324,1070.75,683.0,912.5,666.0,1229.0,700.0,blink,410,1071.0,683.0,146,1.86
1.864,1071.5833333333337,680.5833333333333,0.2662877795106358,0,88.38834764831837,0,134.0176109948436,1231.0,698.0,156.20499351813308,912.5,668.5,111.83022847155416,1071.75,683.25,912.5,668.5,1231.0,698.0,visual intake,411,1070.75,683.25,147,1.864
1.868,1070.9166666666667,682.0833333333333,0.2781552159258816,0,312.4999999999997,0,132.44400943584066,1227.0,701.0,156.20499351813308,915.0,669.0,108.6830253535482,1071.0,685.0,915.0,669.0,1227.0,701.0,visual intake,412,1070.75,684.5,147,1.868
1.872,1069.5,681.9166666666666,0.2822126970773598,0,455.00686808003195,0,131.5465748640083,1227.5,701.5,155.15798400340216,910.5,667.5,107.93516572461452,1069.0,684.5,910.5,667.5,1227.5,701.5,visual intake,413,1069.0,685.0,147,1.872
1.876,1069.3333333333333,682.25,0.2853419546673785,0,62.50000000000341,0,130.9246990373801,1228.5,702.0,155.11608556174951,909.0,668.0,106.73331251301067,1068.75,685.0,909.0,668.0,1228.5,702.0,visual intake,414,1068.75,685.0,147,1.876
1.88,1068.9166666666667,684.0,0.2666835495647116,0,437.4999999999996,0,130.9853506346206,1227.0,703.5,154.26276284314372,910.5,670.0,107.70793842609746,1068.75,686.75,910.5,670.0,1227.0,703.5,visual intake,415,1068.75,686.75,147,1.88
1.884,1067.5833333333333,684.4166666666667,0.2748342634912917,0,380.1726581436384,0,131.1118403742621,1226.5,704.5,155.2610704587599,908.0,669.5,106.96261028976434,1067.25,687.0,908.0,669.5,1226.5,704.5,visual intake,416,1067.25,687.0,147,1.884
1.888,1067.25,685.0833333333333,0.2780865422927926,0,124.99999999999989,0,130.2192664211574,1227.0,706.0,154.20765220960988,906.5,670.0,106.23088063270492,1066.75,688.0,906.5,670.0,1227.0,706.0,visual intake,417,1066.75,687.0,147,1.888
1.892,1066.4166666666663,684.6666666666667,0.2717246338006507,0,0.0,0,131.2614959680749,1226.5,705.0,155.32224567009067,906.0,670.0,107.20074626605916,1066.25,687.5,906.0,670.0,1226.5,705.0,blink,418,1066.75,687.0,147,1.892
1.896,1066.5833333333333,684.25,0.2644908036281009,0,62.49999999999994,0,129.85693796050936,1225.0,704.5,152.26621424334422,908.0,669.5,107.44766167767447,1066.5,687.0,908.0,669.5,1225.0,704.5,visual intake,419,1066.5,687.0,147,1.896
1.9,1067.1666666666667,684.1666666666667,0.2649230656163953,0,124.99999999999989,0,129.22063067811425,1225.0,704.0,152.21038072352357,909.5,669.0,106.23088063270492,1067.25,686.5,909.5,669.0,1225.0,704.0,visual intake,420,1066.5,686.5,147,1.9
1.904,1065.25,683.4166666666667,0.282116545553121,0,0.0,0,130.51487263175602,1225.5,704.0,153.32644912082193,905.0,669.0,107.70329614269008,1065.25,686.5,905.0,669.0,1225.5,704.0,blink,421,1066.5,686.5,147,1.904
1.908,1068.0,683.4166666666666,0.2737684609677857,0,312.4999999999997,0,131.3849536738826,1227.5,705.0,155.32224567009067,909.0,666.5,107.44766167767447,1068.25,685.75,909.0,666.5,1227.5,705.0,visual intake,422,1065.25,686.5,147,1.908
1.912,1064.3333333333337,683.1666666666667,0.2609834663216138,0,0.0,0,129.05440136456053,1222.0,705.5,154.26276284314372,907.0,667.0,103.84603988597736,1064.5,686.25,907.0,667.0,1222.0,705.5,blink,423,1065.25,686.5,147,1.912
1.916,1065.0,684.3333333333333,0.2507512798123147,0,0.0,0,127.52847849257311,1224.5,706.0,151.47607071745688,906.0,668.5,103.58088626768937,1065.25,687.25,906.0,668.5,1224.5,706.0,blink,424,1065.25,686.5,147,1.916
1.92,1065.9166666666667,684.5,0.2628678498211574,0,187.49999999999983,0,127.0039586850244,1225.0,706.5,150.56227947264878,906.5,668.0,103.4456378974,1065.75,687.25,906.5,668.0,1225.0,706.5,visual intake,425,1064.5,686.5,147,1.92
1.924,1062.8333333333333,683.5,0.2577270038175173,0,374.99999999999966,0,129.09126529525176,1223.0,706.0,150.47923444781344,903.0,667.0,107.70329614269008,1063.0,686.5,903.0,667.0,1223.0,706.0,visual intake,426,1063.0,686.5,147,1.924
1.928,1061.5833333333333,681.6666666666666,0.2550052184190676,0,400.1952648395527,0,129.58412887369067,1220.5,706.5,153.39491516996253,903.0,663.0,105.77334257741882,1061.75,684.75,903.0,663.0,1220.5,706.5,visual intake,427,1061.75,685.5,147,1.928
1.932,1060.75,682.0833333333333,0.2472526914799552,0,139.75424859373675,0,130.08475252235374,1220.5,707.0,151.64761785138597,902.0,663.5,108.52188719332152,1061.25,685.25,902.0,663.5,1220.5,707.0,visual intake,428,1061.25,685.25,147,1.932
1.936,1060.9166666666663,682.5,0.2496954978909548,0,0.0,0,129.94404543663222,1220.5,708.0,151.64761785138597,902.0,663.0,108.24047302187849,1061.25,685.5,902.0,663.0,1220.5,708.0,blink,429,1061.25,685.25,147,1.936
1.94,1059.5833333333337,682.0,0.2473827750265378,0,318.68871959954873,0,129.6685950034993,1219.5,708.0,149.85659811966906,900.5,662.5,109.48059188732952,1060.0,685.25,900.5,662.5,1219.5,708.0,visual intake,430,1060.0,685.5,147,1.94
1.944,1055.5833333333337,682.4166666666666,0.2665692237071607,0,380.1726581436384,0,129.36005445412064,1216.5,708.0,153.63918770938616,894.5,663.5,105.08092119885512,1055.5,685.75,894.5,663.5,1216.5,708.0,visual intake,431,1058.5,685.75,147,1.944
1.948,1058.0833333333337,682.8333333333333,0.2496296658026996,0,249.99999999999977,0,133.8020924314326,1215.5,711.0,155.63097378092831,901.5,662.5,111.97321108193692,1058.5,686.75,901.5,662.5,1215.5,711.0,visual intake,432,1057.5,685.75,147,1.948
1.952,1056.8333333333337,682.3333333333333,0.2614506794529805,0,124.99999999999989,0,130.50677158047438,1215.5,710.5,153.73353570382747,898.5,661.0,107.28000745712129,1057.0,685.75,898.5,661.0,1215.5,710.5,visual intake,433,1057.0,685.75,147,1.952
1.956,1057.0,681.5,0.2585623261480263,0,187.49999999999983,0,132.00258265770046,1215.5,711.5,153.9415473483361,899.5,658.5,110.06361796706484,1057.5,685.0,899.5,658.5,1215.5,711.5,visual intake,434,1057.0,686.5,147,1.956
1.96,1055.6666666666667,683.3333333333334,0.2685782135120546,0,124.99999999999989,0,131.5179874038262,1215.5,713.0,153.83432646844463,895.5,660.0,109.20164833920778,1055.5,686.5,895.5,660.0,1215.5,713.0,visual intake,435,1056.5,686.5,147,1.96
1.964,1055.9166666666667,684.6666666666666,0.2581264386853453,0,374.99999999999966,0,134.72969449696552,1215.0,716.0,156.81836627130127,898.0,660.0,112.64102272262978,1056.5,688.0,898.0,660.0,1215.0,716.0,visual intake,436,1056.5,688.0,147,1.964
1.968,1055.1666666666663,685.5833333333334,0.2612357982492584,0,124.99999999999989,0,132.68774970675372,1215.0,716.5,154.93547043850222,896.0,660.5,110.44002897500523,1055.5,688.5,896.0,660.5,1215.0,716.5,visual intake,437,1056.5,688.5,147,1.968
1.972,1056.1666666666667,685.9166666666666,0.2576520497422573,0,124.99999999999989,0,133.97054636883837,1216.5,718.0,154.05518491761322,897.5,660.5,113.8859078200635,1057.0,689.25,897.5,660.5,1216.5,718.0,visual intake,438,1056.5,689.0,147,1.972
1.976,1056.6666666666667,686.8333333333333,0.2574064924757518,0,88.38834764831837,0,130.27960888230268,1216.5,719.0,152.31874474272692,897.0,661.0,108.24047302187849,1056.75,690.0,897.0,661.0,1216.5,719.0,visual intake,439,1056.75,689.25,147,1.976
1.98,1055.1666666666663,686.3333333333334,0.2612483526319332,0,187.49999999999983,0,130.32727707702855,1216.0,720.0,155.2932709424333,894.5,658.0,105.3612832116238,1055.25,689.0,894.5,658.0,1216.0,720.0,visual intake,440,1056.75,690.0,147,1.98
1.984,1057.4166666666667,687.5,0.2662033461842655,0,124.99999999999989,0,131.9900230891433,1218.5,722.5,156.41611170208776,897.5,658.5,107.56393447619884,1058.0,690.5,897.5,658.5,1218.5,722.5,visual intake,441,1056.75,690.5,147,1.984
1.988,1055.4166666666667,689.5,0.2874510240161767,0,475.9858191164939,0,136.37486582930973,1218.0,726.0,159.52429282087414,894.0,661.0,113.22543883774529,1056.0,693.5,894.0,661.0,1218.0,726.0,visual intake,442,1056.0,692.25,147,1.988
1.992,1056.0,690.5,0.2574992477780509,0,312.4999999999997,0,134.1898730414497,1216.5,726.5,156.69716015295236,897.5,661.0,111.68258592994702,1057.0,693.75,897.5,661.0,1216.5,726.5,visual intake,443,1056.0,693.5,147,1.992
1.996,1053.25,689.4166666666667,0.2918647372494873,0,374.99999999999966,0,135.0105379591681,1217.0,726.0,155.8589105569521,892.0,658.5,114.16216536138408,1054.5,692.25,892.0,658.5,1217.0,726.0,visual intake,444,1054.5,693.5,147,1.996
2.0,1053.0,690.3333333333334,0.2686497689498776,0,88.38834764831837,0,131.79972533426522,1215.0,728.0,151.32745950421557,893.5,659.0,112.27199116431488,1054.25,693.5,893.5,659.0,1215.0,728.0,visual intake,445,1054.25,693.75,147,2.0
2.004,1053.25,691.0,0.2743743254289872,0,88.38834764831837,0,130.51069209934863,1214.0,728.0,151.6047492659778,894.0,660.0,109.41663493271945,1054.0,694.0,894.0,660.0,1214.0,728.0,visual intake,446,1054.0,694.0,147,2.004
2.008,1050.4166666666663,693.5833333333333,0.2737771063803693,0,0.0,0,135.21966160634997,1212.0,733.5,153.73028328862208,890.0,660.5,116.70903992407786,1051.0,697.0,890.0,660.5,1212.0,733.5,blink,447,1051.25,697.0,148,2.008
2.012,1050.1666666666667,695.5833333333333,0.2612648582575381,0,0.0,0,135.29405474159043,1213.0,737.0,151.90786681406595,889.5,661.0,118.68024266911488,1051.25,699.0,889.5,661.0,1213.0,737.0,blink,448,1051.0,698.0,149,2.012
2.016,1048.9166666666667,694.25,0.2789682475951023,0,0.0,0,139.36688962397227,1211.0,738.5,155.4252231782216,890.0,657.5,123.30855606972293,1050.5,698.0,890.0,657.5,1211.0,738.5,blink,449,1050.5,699.0,149,2.016
2.02,1045.5,697.3333333333334,0.2801506161387517,0,0.0,0,137.87904741507612,1210.0,744.5,155.4252231782216,883.0,658.0,120.3328716519306,1046.5,701.25,883.0,658.0,1210.0,744.5,blink,450,1049.75,701.25,150,2.02
2.024,1048.3333333333333,701.0,0.2698415772049001,0,0.0,0,138.95049628690128,1211.0,746.5,154.042202009709,888.5,663.0,123.8587905640936,1049.75,704.75,888.5,663.0,1211.0,746.5,blink,451,1047.0,702.25,150,2.024
2.028,1046.8333333333333,700.4166666666667,0.2667787431759896,0,0.0,0,137.19639752224407,1209.5,749.0,156.84705926475002,884.5,658.0,117.5457357797381,1047.0,703.5,884.5,658.0,1209.5,749.0,blink,452,1046.5,703.5,151,2.028
2.032,1043.0,699.1666666666667,0.2775653411449048,0,0.0,0,137.4539575833499,1207.5,747.5,153.05554547287727,881.0,657.0,121.85236969382254,1044.25,702.25,881.0,657.0,1207.5,747.5,blink,453,1044.25,703.75,152,2.032
2.036,1043.1666666666667,700.6666666666667,0.2577331945196392,0,0.0,0,137.41245633516888,1205.5,747.5,155.72411502397438,882.5,660.0,119.1007976463634,1044.0,703.75,882.5,660.0,1205.5,747.5,blink,454,1044.0,703.75,153,2.036
2.04,1042.0,702.9166666666667,0.2537878784094388,0,0.0,0,135.29837393870304,1205.0,749.5,150.44268011438774,881.5,662.0,120.15406776301832,1043.25,705.75,881.5,662.0,1205.0,749.5,blink,455,1043.25,705.75,154,2.04
2.044,1040.5,704.0,0.2516790055741753,0,0.0,0,133.99145943658743,1203.5,750.0,149.2816130673835,879.5,663.5,118.70130580579136,1041.5,706.75,879.5,663.5,1203.5,750.0,blink,456,1041.5,706.75,154,2.044
2.048,1038.5,704.5833333333334,0.2565081884772872,0,0.0,0,136.04286438343777,1198.0,751.5,152.0690632574555,880.0,664.0,120.01666550941998,1039.0,707.75,880.0,664.0,1198.0,751.5,blink,457,1040.0,707.75,155,2.048
2.052,1038.75,706.9166666666667,0.2436834473372798,0,0.0,0,136.41214412878108,1199.5,753.5,151.08275877809487,880.5,667.0,121.74152947946727,1040.0,710.25,880.5,667.0,1199.5,753.5,blink,458,1039.75,710.25,156,2.052
2.056,1036.4166666666667,708.0833333333333,0.2528154858543516,0,0.0,0,137.1245211234419,1197.0,756.5,154.74172029546526,877.5,666.5,119.50732195141852,1037.25,711.5,877.5,666.5,1197.0,756.5,blink,459,1039.0,711.5,157,2.056
2.06,1038.9166666666667,712.3333333333334,0.25897936266279,0,0.0,0,136.9433623613216,1200.0,763.5,154.37940277122465,879.5,668.5,119.50732195141852,1039.75,716.0,879.5,668.5,1200.0,763.5,blink,460,1037.25,716.0,158,2.06
2.064,1035.0833333333333,716.3333333333333,0.2661517150101263,0,0.0,0,137.1245211234419,1197.0,768.5,154.74172029546526,874.5,670.5,119.50732195141852,1035.75,719.5,874.5,670.5,1197.0,768.5,blink,461,1037.0,719.5,158,2.064
2.068,1036.3333333333333,723.0833333333333,0.2680222171431294,0,0.0,0,139.80150392129534,1200.5,780.0,158.26875876179733,873.5,674.5,121.33424908079334,1037.0,727.25,873.5,674.5,1200.5,780.0,blink,462,1036.5,727.25,158,2.068
2.072,1036.1666666666667,726.0,0.2510314950585334,0,0.0,0,142.2191085542362,1199.0,784.0,160.099968769516,874.0,676.0,124.33824833895642,1036.5,730.0,874.0,676.0,1199.0,784.0,blink,463,1035.75,727.5,159,2.072
2.076,1034.75,724.0,0.2750589529151054,0,0.0,0,139.73514857460032,1197.5,778.0,164.97575579460153,872.5,677.0,114.49454135459908,1035.0,727.5,872.5,677.0,1197.5,778.0,blink,464,1035.0,730.0,160,2.076
2.08,1034.1666666666667,729.25,0.2726494413328933,0,0.0,0,138.86033986897624,1193.5,784.5,156.51836952894698,876.5,682.5,121.2023102090055,1035.0,733.5,876.5,682.5,1193.5,784.5,blink,465,1035.0,733.5,160,2.08
2.084,1033.6666666666667,732.5833333333333,0.2652400245846991,0,0.0,0,142.2812024997761,1193.5,788.0,167.83622970026465,872.0,684.5,116.72617529928752,1032.75,736.25,872.0,684.5,1193.5,788.0,blink,466,1032.75,735.0,160,2.084
2.088,1030.3333333333333,730.8333333333333,0.2606226846197174,0,0.0,0,142.5537976452241,1188.0,788.5,160.3277892319357,873.5,681.5,124.77980605851252,1030.75,735.0,873.5,681.5,1188.0,788.5,blink,467,1032.5,736.25,161,2.088
2.092,1032.0,734.9166666666667,0.2682881017950858,0,0.0,0,143.7124530995493,1189.5,791.0,163.95426191471816,875.5,686.0,123.4706442843804,1032.5,738.5,875.5,686.0,1189.5,791.0,blink,468,1032.0,738.5,162,2.092
2.096,1031.0833333333333,736.25,0.2398882542896964,0,0.0,0,138.6557675416979,1188.5,791.5,162.7820628939196,875.5,688.0,114.5294721894762,1032.0,739.75,875.5,688.0,1188.5,791.5,blink,469,1032.0,739.75,163,2.096
2.1,1028.4166666666667,737.9166666666667,0.2498229704033188,0,0.0,0,140.58068377425346,1185.5,795.5,160.3309078125612,873.0,688.0,120.83045973594572,1029.25,741.75,873.0,688.0,1185.5,795.5,blink,470,1032.0,741.75,163,2.1
2.104,1032.9166666666663,745.1666666666667,0.2665906036317973,0,0.0,0,142.60305884646368,1193.0,809.0,167.86899654194636,874.0,689.0,117.33712115098103,1033.5,749.0,874.0,689.0,1193.0,809.0,blink,471,1029.25,747.0,164,2.104
2.108,1027.0,743.75,0.255072417563856,0,0.0,0,141.44226955154795,1185.0,803.0,170.8800749063506,869.5,691.0,112.0044641967453,1027.25,747.0,869.5,691.0,1185.0,803.0,blink,472,1029.0,748.5,165,2.108
2.112,1026.6666666666667,745.0833333333333,0.2635413263213048,0,0.0,0,142.76311165115368,1183.0,803.5,168.6801707374047,871.0,693.5,116.84605256490268,1027.0,748.5,871.0,693.5,1183.0,803.5,blink,473,1029.0,749.0,165,2.112
2.116,1028.25,749.9166666666667,0.2609036266041394,0,0.0,0,144.90366171492084,1185.5,809.0,169.36646657470305,872.5,698.5,120.44085685513866,1029.0,753.75,872.5,698.5,1185.5,809.0,blink,474,1029.0,753.75,166,2.116
2.12,1029.1666666666667,753.9166666666667,0.2619014039862483,0,0.0,0,146.48310865488432,1188.0,815.5,172.52536045462998,871.5,700.5,120.44085685513866,1029.75,758.0,871.5,700.5,1188.0,815.5,blink,475,1029.25,758.0,166,2.12
2.124,1029.75,756.25,0.2528818728552647,0,0.0,0,144.9878153984311,1188.0,820.0,172.2556240010758,872.5,700.5,117.72000679578642,1030.25,760.25,872.5,700.5,1188.0,820.0,blink,476,1029.25,760.25,166,2.124
2.128,1029.0,756.6666666666667,0.2707300226244894,0,0.0,0,143.71509547362055,1187.5,821.0,168.8342382338369,871.0,700.5,118.59595271340416,1029.25,760.75,871.0,700.5,1187.5,821.0,blink,477,1029.25,760.75,167,2.128
2.132,1029.25,758.3333333333334,0.2807805015861102,0,0.0,0,144.82519654035443,1187.5,823.5,175.41379649275024,870.5,701.5,114.23659658795864,1029.0,762.5,870.5,701.5,1187.5,823.5,blink,478,1029.25,762.5,167,2.132
2.136,1028.5833333333337,758.25,0.263615078934913,0,0.0,0,141.09068066641606,1189.5,823.0,167.44252745345193,867.5,702.0,114.73883387938018,1028.5,762.5,867.5,702.0,1189.5,823.0,blink,479,1029.0,762.5,167,2.136
2.14,1029.75,763.5,0.2708785503444307,0,0.0,0,137.08051477082662,1190.5,830.5,163.88410539158457,869.5,704.0,110.27692415006868,1030.0,767.25,869.5,704.0,1190.5,830.5,blink,480,1029.0,765.25,168,2.14
2.144,1029.0833333333333,761.5,0.2611416582041849,0,0.0,0,143.70180145240033,1189.0,826.0,174.72263734273244,868.0,704.5,112.6809655620682,1028.5,765.25,868.0,704.5,1189.0,826.0,blink,481,1030.0,767.25,168,2.144
2.148,1030.6666666666667,765.0,0.284309724839113,0,0.0,0,138.23804078223932,1191.0,832.0,162.0863967148385,871.0,706.5,114.38968484964018,1031.0,769.25,871.0,706.5,1191.0,832.0,blink,482,1031.0,769.25,168,2.148
2.152,1034.25,766.3333333333333,0.2714642701930124,0,0.0,0,141.6270365671077,1198.0,835.0,172.80046296234278,870.0,706.0,110.4536101718726,1034.0,770.5,870.0,706.0,1198.0,835.0,blink,483,1031.0,769.25,169,2.152
2.156,1031.0,766.9166666666666,0.2624856336612287,0,312.4999999999997,0,139.18824238178746,1192.0,831.5,164.84234892769516,870.5,709.5,113.53413583587978,1031.25,770.5,870.5,709.5,1192.0,831.5,visual intake,484,1031.0,770.5,169,2.156
2.16,1029.5833333333333,765.0833333333333,0.2666912579326131,0,62.49999999999994,0,143.61045680965125,1190.0,834.5,170.60187572239644,869.0,703.0,116.619037896906,1029.5,768.75,869.0,703.0,1190.0,834.5,visual intake,485,1031.25,770.5,169,2.16
2.164,1029.0,767.8333333333333,0.260882447193658,0,187.49999999999983,0,143.23602936895287,1189.5,835.5,171.56339936011994,869.0,707.0,114.9086593777858,1029.25,771.25,869.0,707.0,1189.5,835.5,visual intake,486,1030.5,770.5,169,2.164
2.168,1033.0833333333337,769.3333333333334,0.2618226632770022,0,187.49999999999983,0,143.66304382478418,1195.5,837.5,171.56339936011994,871.5,708.0,115.76268828944843,1033.5,772.75,871.5,708.0,1195.5,837.5,visual intake,487,1030.5,771.25,169,2.168
2.172,1031.0,765.25,0.2675045545469679,0,437.4999999999996,0,146.12217877558527,1189.5,832.5,175.96022277776305,871.5,705.5,116.2841347734075,1030.5,769.0,871.5,705.5,1189.5,832.5,visual intake,488,1032.25,771.25,169,2.172
2.176,1033.75,769.8333333333334,0.2473951995740914,0,312.4999999999997,0,144.7612595398503,1195.5,837.5,174.61385970191483,871.0,709.0,114.9086593777858,1033.25,773.25,871.0,709.0,1195.5,837.5,visual intake,489,1033.25,772.0,169,2.176
2.18,1033.25,766.25,0.2468772826443339,0,499.99999999999955,0,143.22970763688468,1191.5,831.5,176.52761823578768,873.0,707.5,109.9317970379817,1032.25,769.5,873.0,707.5,1191.5,831.5,visual intake,490,1033.25,770.0,169,2.18
2.184,1035.5833333333337,768.75,0.2530790856669495,0,197.64235376052355,0,144.32262215092123,1196.0,836.5,174.25555945220228,874.0,707.5,114.38968484964018,1035.0,772.0,874.0,707.5,1196.0,836.5,visual intake,491,1034.0,770.25,169,2.184
2.188,1034.9166666666663,767.0,0.2489926401810885,0,249.99999999999977,0,146.7025642726109,1196.0,835.5,175.5704986607944,872.0,704.5,117.83462988442744,1034.0,770.0,872.0,704.5,1196.0,835.5,visual intake,492,1035.0,770.25,169,2.188
2.192,1038.75,766.5833333333333,0.2430397145559694,0,0.0,0,146.7846755484924,1202.0,836.5,170.60187572239644,874.5,704.0,122.96747537458836,1038.25,770.25,874.5,704.0,1202.0,836.5,blink,493,1038.25,771.75,170,2.192
2.196,1040.6666666666667,768.25,0.2419416304980632,0,0.0,0,148.24535416863415,1207.5,839.0,169.92056967889437,875.0,705.0,126.57013865837392,1041.25,772.0,875.0,705.0,1207.5,839.0,blink,494,1041.25,771.75,170,2.196
2.2,1042.25,768.0833333333333,0.239042178181792,0,0.0,0,144.16548207793576,1205.5,838.0,170.49633427144408,878.0,705.5,117.83462988442744,1041.75,771.75,878.0,705.5,1205.5,838.0,blink,495,1041.75,772.0,171,2.2
2.204,1045.0833333333333,769.9166666666666,0.2464893907692064,0,0.0,0,148.689440255619,1212.5,840.0,171.84004189943624,878.0,708.0,125.53883861180172,1045.25,774.0,878.0,708.0,1212.5,840.0,blink,496,1045.25,774.0,172,2.204
2.208,1046.5833333333333,771.75,0.2347168016998173,0,0.0,0,147.43350744800767,1213.5,842.0,167.44252745345193,880.5,709.0,127.4244874425634,1047.0,775.5,880.5,709.0,1213.5,842.0,blink,497,1047.0,774.0,173,2.208
2.212,1049.6666666666663,771.4166666666667,0.2223162122547735,0,0.0,0,148.40063403912717,1218.5,842.0,168.0029761641144,882.0,708.5,128.79829191413992,1050.25,775.25,882.0,708.5,1218.5,842.0,blink,498,1047.5,774.0,173,2.212
2.216,1048.0,769.1666666666666,0.2365296141191079,0,0.0,0,145.41772064064392,1210.5,838.5,167.17057157286985,884.5,707.0,123.664869708418,1047.5,772.75,884.5,707.0,1210.5,838.5,blink,499,1049.0,775.25,173,2.216
2.22,1050.0,768.6666666666667,0.2297584469587776,0,0.0,0,146.26272330800293,1213.5,837.0,176.24131184259835,884.5,706.5,116.2841347734075,1049.0,771.75,884.5,706.5,1213.5,837.0,blink,500,1050.25,775.25,173,2.22
2.224,1059.75,773.4166666666667,0.2383645519765829,0,2365.9366538434606,0,149.49394340134168,1226.5,843.5,171.56339936011994,892.5,711.0,127.4244874425634,1059.5,777.25,892.5,711.0,1226.5,843.5,saccade,501,1059.5,777.25,174,2.224
2.228,1062.75,774.25,0.2270238490354993,0,755.1903733496601,0,149.76966423722138,1230.5,844.5,173.4877517290486,894.0,712.5,126.0515767453942,1062.25,778.5,894.0,712.5,1230.5,844.5,saccade,502,1062.25,778.5,174,2.228
2.232,1064.6666666666663,775.25,0.2237822978817719,0,559.016994374947,0,145.29511415374682,1232.5,843.5,168.2914139223983,896.0,715.5,122.29881438509533,1064.25,779.5,896.0,715.5,1232.5,843.5,saccade,503,1064.25,779.5,174,2.232
2.236,1069.3333333333333,778.5,0.2241626542853961,0,1286.953767623374,0,145.95334502893266,1237.5,844.0,171.84004189943624,900.0,720.0,120.06664815842908,1068.75,782.0,900.0,720.0,1237.5,844.0,saccade,504,1068.75,782.0,174,2.236
2.24,1076.5,781.5,0.2419742117894965,0,2000.9763241977635,0,146.68497250242817,1247.0,849.0,172.80046296234278,906.0,722.5,120.56948204251356,1076.5,785.75,906.0,722.5,1247.0,849.0,saccade,505,1076.5,784.0,174,2.24
2.244,1083.6666666666667,784.5,0.2441578334277749,0,868.277749340612,0,147.2405848092199,1254.0,852.0,176.64653973401235,913.0,725.5,117.83462988442744,1083.5,788.75,913.0,725.5,1254.0,852.0,saccade,506,1079.5,785.75,174,2.244
2.248,1080.1666666666667,779.3333333333334,0.2476911218664453,0,1001.9512213675865,0,151.45039503299665,1253.5,849.0,173.761330565808,905.5,719.0,129.1394595001853,1079.5,784.0,905.5,719.0,1253.5,849.0,saccade,507,1083.5,786.0,174,2.248
2.252,1086.25,781.0833333333333,0.2419183413879916,0,562.500000000062,0,150.5783081881769,1262.0,851.5,172.52536045462998,909.5,720.5,128.63125592172378,1085.75,786.0,909.5,720.5,1262.0,851.5,saccade,508,1085.75,786.0,174,2.252
2.256,1087.9166666666667,783.0833333333333,0.2256291421976548,0,624.9999999999994,0,147.902647320413,1258.5,849.0,167.44252745345193,918.0,726.5,128.3627671873741,1088.25,787.75,918.0,726.5,1258.5,849.0,saccade,509,1088.25,786.0,174,2.256
2.26,1089.75,779.25,0.2149565413192371,0,576.2215285808049,0,153.24784917358264,1263.5,847.0,171.29214809792072,916.0,720.0,135.20355024924456,1089.75,783.5,916.0,720.0,1263.5,847.0,saccade,510,1089.75,787.75,174,2.26
2.264,1098.0833333333333,784.1666666666666,0.2221940548387136,0,2133.2560207344995,0,150.1192781693867,1271.0,849.5,170.06175348972502,925.5,727.5,130.17680284904833,1098.25,788.5,925.5,727.5,1271.0,849.5,saccade,511,1098.25,788.5,174,2.264
2.268,1099.5,785.75,0.2281693855751832,0,0.0,0,151.45572830362445,1274.5,853.0,173.21951391226105,924.0,727.0,129.6919426949878,1099.25,790.0,924.0,727.0,1274.5,853.0,blink,512,1099.25,790.0,175,2.268
2.272,1107.4166666666663,788.5,0.2491445511335148,0,0.0,0,151.5273620287789,1281.5,855.0,175.1485084150019,933.0,730.0,127.90621564255584,1107.25,792.5,933.0,730.0,1281.5,855.0,blink,513,1106.25,792.0,176,2.272
2.276,1106.5833333333333,787.5833333333333,0.2286245584904013,0,0.0,0,148.16908726612294,1282.5,850.5,172.44709333589824,930.0,733.5,123.89108119634764,1106.25,792.0,930.0,733.5,1282.5,850.5,blink,514,1107.25,792.5,177,2.276
2.28,1113.9166666666663,789.5,0.2300409608545936,0,0.0,0,146.97289859174893,1291.0,852.0,167.35590817177624,937.0,735.5,126.58988901172162,1114.0,793.75,937.0,735.5,1291.0,852.0,blink,515,1114.0,793.75,178,2.28
2.2840000000000003,1119.3333333333333,791.1666666666666,0.2209467388338108,0,0.0,0,151.80041003041958,1293.0,854.0,170.75128110793196,945.0,737.5,132.84953895290718,1119.0,795.75,945.0,737.5,1293.0,854.0,blink,516,1119.0,795.75,178,2.2840000000000003
2.2880000000000003,1120.9166666666667,791.4166666666667,0.2420018923686601,0,0.0,0,147.86110267428,1300.5,854.0,161.07451691686057,940.5,738.5,134.6476884316994,1120.5,796.25,940.5,738.5,1300.5,854.0,blink,517,1120.5,795.75,179,2.2880000000000003
2.2920000000000003,1126.4166666666667,794.9166666666667,0.2312966645502914,0,0.0,0,149.2867790177193,1300.5,858.0,168.88161534045085,950.0,742.0,129.6919426949878,1125.25,800.0,950.0,742.0,1300.5,858.0,blink,518,1125.25,796.25,180,2.2920000000000003
2.2960000000000003,1132.5833333333333,791.1666666666666,0.2296975559771275,0,0.0,0,149.30430272691368,1311.0,851.5,165.32694880145826,951.0,740.0,133.2816566523691,1131.0,795.75,951.0,740.0,1311.0,851.5,blink,519,1131.0,798.5,180,2.2960000000000003
2.3000000000000003,1142.0,795.75,0.2306183028327274,0,0.0,0,145.18701719209457,1316.5,854.0,160.22796260328596,966.5,745.5,130.14607178090316,1141.5,799.75,966.5,745.5,1316.5,854.0,blink,520,1141.5,798.5,180,2.3000000000000003
2.3040000000000003,1143.6666666666667,794.25,0.2510873753282108,0,0.0,0,146.04285307405553,1319.0,853.0,159.66214329013624,967.0,744.0,132.4235628579748,1143.0,798.5,967.0,744.0,1319.0,853.0,blink,521,1142.5,798.5,181,2.3040000000000003
2.308,1143.1666666666667,793.9166666666667,0.2476995832006495,0,0.0,0,148.3619255799984,1316.5,848.5,158.06960492137634,968.5,748.0,138.6542462386205,1142.5,798.25,968.5,748.0,1316.5,848.5,blink,522,1143.0,799.25,181,2.308
2.312,1151.5833333333333,795.3333333333333,0.2374088976668247,0,0.0,0,152.96213965097522,1330.5,851.5,166.30694513459142,973.5,747.0,139.61733416735902,1152.0,799.25,973.5,747.0,1330.5,851.5,blink,523,1152.0,799.25,182,2.312
2.316,1155.9166666666663,796.8333333333334,0.2383722088479848,0,0.0,0,152.5103300106752,1335.0,851.0,163.1686244349691,976.5,750.5,141.85203558638133,1155.75,800.75,976.5,750.5,1335.0,851.0,blink,524,1155.75,799.75,182,2.316
2.32,1156.3333333333337,796.0833333333334,0.2405032081099349,0,0.0,0,150.8295633377905,1335.0,847.5,164.57521077003062,977.0,752.0,137.08391590555036,1156.0,799.75,977.0,752.0,1335.0,847.5,blink,525,1156.0,800.75,183,2.32
2.324,1161.8333333333337,797.75,0.2400257395281863,0,1349.1895715576802,0,149.56181207753804,1342.0,851.0,158.4929020492716,980.5,753.0,140.63072210580447,1161.25,802.0,980.5,753.0,1342.0,851.0,saccade,526,1161.25,802.0,184,2.324
2.328,1165.0833333333333,798.4166666666667,0.2444704064978145,0,749.9999999999993,0,148.671834175304,1347.0,853.5,162.60688792299052,981.5,750.5,134.73678042761748,1164.25,802.0,981.5,750.5,1347.0,853.5,saccade,527,1164.25,802.0,184,2.328
2.332,1169.1666666666663,801.75,0.2429070707809046,0,1062.499999999999,0,150.81049762312853,1351.0,856.0,166.37307474468338,986.0,755.0,135.2479205015737,1168.5,805.5,986.0,755.0,1351.0,856.0,saccade,528,1168.5,802.0,184,2.332
2.336,1172.5833333333337,798.5833333333333,0.2393686374932264,0,988.2117688026176,0,153.2897132474357,1356.0,851.5,168.1814496310458,988.5,752.5,138.3979768638256,1172.25,802.0,988.5,752.5,1356.0,851.5,saccade,529,1172.25,803.25,184,2.336
2.34,1177.0833333333337,800.1666666666666,0.2376812556252377,0,1187.4999999999989,0,153.6568498027225,1358.5,851.0,166.73631877908304,995.5,755.5,140.57738082636197,1177.0,803.25,995.5,755.5,1358.5,851.0,saccade,530,1177.0,803.25,184,2.34
2.344,1184.3333333333337,801.0833333333333,0.2327725875423774,0,1749.9999999999984,0,153.05032936843426,1368.5,851.5,162.92943257741985,999.5,757.5,143.17122615944868,1184.0,804.5,999.5,757.5,1368.5,851.5,saccade,531,1184.0,803.25,184,2.344
2.348,1187.0,800.0833333333334,0.2385844911941328,0,0.0,0,155.4171961526177,1369.5,849.0,165.0605949341029,1003.5,757.5,145.7737973711325,1186.5,803.25,1003.5,757.5,1369.5,849.0,blink,532,1185.25,803.25,185,2.348
2.352,1186.25,801.5,0.2272803062279021,0,0.0,0,158.91078210458318,1372.0,851.5,176.08236708995025,998.5,758.5,141.7391971192161,1185.25,805.0,998.5,758.5,1372.0,851.5,blink,533,1186.5,803.25,185,2.352
2.356,1191.4166666666663,799.8333333333333,0.2100061324281265,0,0.0,0,153.7759372610568,1379.5,847.0,169.33103672983285,1002.0,758.5,138.2208377922808,1190.75,802.75,1002.0,758.5,1379.5,847.0,blink,534,1190.5,803.25,186,2.356
2.36,1191.25,799.5,0.2308029022044598,0,0.0,0,152.58693392721386,1376.5,848.0,163.08586695357755,1004.5,758.0,142.08800090085018,1190.5,803.0,1004.5,758.0,1376.5,848.0,blink,535,1190.75,803.5,187,2.36
2.364,1194.9166666666667,801.1666666666666,0.2199823019551076,0,0.0,0,153.50434019464,1385.0,848.5,168.1814496310458,1003.0,761.5,138.82723075823418,1194.0,805.0,1003.0,761.5,1385.0,848.5,blink,536,1194.0,803.5,188,2.364
2.368,1197.0,799.75,0.2245607731423982,0,0.0,0,161.86332101863724,1388.5,844.0,170.98830369355676,1006.5,763.0,152.73833834371774,1197.5,803.5,1006.5,763.0,1388.5,844.0,blink,537,1197.5,804.25,188,2.368
2.372,1200.75,800.5833333333334,0.2324031923802338,0,0.0,0,157.81029165879613,1391.0,843.5,170.1558109498468,1010.0,765.0,145.46477236774544,1200.5,804.25,1010.0,765.0,1391.0,843.5,blink,538,1200.5,804.25,188,2.372
2.376,1203.0833333333333,801.9166666666667,0.2254835193623934,0,0.0,0,158.33372799867212,1391.5,846.5,170.55790805471318,1014.0,765.0,146.10954794263105,1202.75,805.75,1014.0,765.0,1391.5,846.5,blink,539,1202.75,803.75,188,2.376
2.38,1207.1666666666663,799.6666666666667,0.2293013745585603,0,0.0,0,160.1773512384992,1396.5,843.0,172.6759971738979,1017.0,764.5,147.6787053031005,1206.75,803.75,1017.0,764.5,1396.5,843.0,blink,540,1204.0,803.75,189,2.38
2.384,1205.9166666666667,798.8333333333333,0.2287640407931397,0,0.0,0,162.1946778101003,1395.0,842.5,174.10628937519746,1016.0,763.5,150.28306624500314,1205.5,803.0,1016.0,763.5,1395.0,842.5,blink,541,1205.5,803.5,189,2.384
2.388,1203.75,800.4166666666667,0.2216177637042917,0,0.0,0,158.27276251087258,1394.0,839.5,167.5857989210303,1014.0,767.5,148.95972610071487,1204.0,803.5,1014.0,767.5,1394.0,839.5,blink,542,1205.5,803.0,189,2.388
2.392,1208.5833333333337,798.25,0.2152786426644025,0,0.0,0,157.05649286773405,1397.5,838.5,168.31518053936787,1018.5,765.0,145.79780519610026,1208.0,801.75,1018.5,765.0,1397.5,838.5,blink,543,1205.5,801.75,189,2.392
2.396,1205.3333333333337,797.5833333333333,0.2068051211500233,0,0.0,0,156.20762146153402,1393.5,837.5,164.61470165206995,1017.0,764.5,147.80054127099805,1205.25,801.0,1017.0,764.5,1393.5,837.5,blink,544,1205.75,801.0,189,2.396
2.4,1206.8333333333333,791.3333333333333,0.2144271687730465,0,0.0,0,157.0470042263205,1394.0,835.5,165.60495161679194,1017.5,752.0,148.48905683584903,1205.75,793.75,1017.5,752.0,1394.0,835.5,blink,545,1208.0,800.5,190,2.4
2.404,1209.5833333333333,796.6666666666667,0.2283258889609662,0,0.0,0,158.01406738939028,1398.5,837.0,170.42593699317015,1019.0,764.0,145.60219778561037,1208.75,800.5,1019.0,764.0,1398.5,837.0,blink,546,1208.75,799.5,191,2.404
2.408,1213.75,795.0833333333333,0.2256444835873241,0,0.0,0,155.593621249247,1401.5,837.5,164.34719346554112,1023.5,758.5,146.84004903295286,1212.5,798.0,1023.5,758.5,1401.5,837.5,blink,547,1212.5,798.0,192,2.408
2.412,1215.1666666666667,796.0833333333333,0.2240467729078889,0,0.0,0,157.3964925104246,1403.0,836.5,167.08381130438698,1025.5,762.5,147.70917371646215,1214.25,799.5,1025.5,762.5,1403.0,836.5,blink,548,1212.5,798.0,193,2.412
2.416,1216.6666666666667,794.3333333333333,0.2404014353285156,0,0.0,0,158.02731735674678,1405.0,835.5,170.84788555905513,1025.5,760.0,145.2067491544384,1215.25,797.75,1025.5,760.0,1405.0,835.5,blink,549,1212.5,798.0,193,2.416
2.42,1213.8333333333333,795.0833333333333,0.2286143096825364,0,0.0,0,162.29767900849473,1404.0,835.0,170.75128110793196,1021.0,761.0,153.8440769090575,1212.5,798.0,1021.0,761.0,1404.0,835.0,blink,550,1214.25,797.75,193,2.42
2.424,1212.4166666666667,792.5,0.2465696863921992,0,0.0,0,155.02220718142485,1399.5,831.0,166.20770138594662,1021.0,760.5,143.83671297690307,1210.25,795.75,1021.0,760.5,1399.5,831.0,blink,551,1214.5,795.75,194,2.424
2.428,1216.5,790.8333333333334,0.2290450071315505,0,395.2847075210471,0,156.75228183704647,1402.5,830.5,169.66437457521835,1027.5,757.5,143.8401890988746,1215.0,794.0,1027.5,757.5,1402.5,830.5,visual intake,552,1213.0,795.25,195,2.428
2.432,1215.5,792.8333333333334,0.2282126024012743,0,0.0,0,163.7058984390227,1407.5,832.0,171.9447585708852,1021.5,758.5,155.46703830716015,1214.5,795.25,1021.5,758.5,1407.5,832.0,blink,553,1213.0,795.25,195,2.432
2.436,1213.9166666666667,792.0833333333334,0.228410611010937,0,197.64235376052355,0,155.21087670677508,1402.0,831.0,168.7601848778319,1024.0,759.0,141.66156853571826,1213.0,795.0,1024.0,759.0,1402.0,831.0,visual intake,554,1213.75,795.0,195,2.436
2.44,1214.25,792.5833333333333,0.2353150765343338,0,197.64235376052355,0,155.9341786153655,1401.0,832.0,166.5893153836704,1023.5,761.5,145.27904184706065,1212.25,796.75,1023.5,761.5,1401.0,832.0,visual intake,555,1213.0,795.25,195,2.44
2.444,1215.0833333333333,790.9166666666666,0.2193113599225979,0,62.49999999999994,0,157.98204249009274,1402.0,830.5,168.50222550459088,1025.5,758.0,147.46185947559457,1213.75,794.25,1025.5,758.0,1402.0,830.5,visual intake,556,1212.75,795.25,195,2.444
2.448,1214.6666666666667,792.3333333333333,0.2393150783160713,0,279.5084971874735,0,154.99276008910715,1401.5,829.0,161.7930777258409,1024.0,763.5,148.1924424523734,1212.75,796.25,1024.0,763.5,1401.5,829.0,visual intake,557,1212.25,796.25,195,2.448
2.452,1210.75,791.8333333333333,0.2313913394853891,0,62.49999999999994,0,154.30767618463543,1399.0,828.0,164.77863939236784,1019.0,762.5,143.83671297690307,1209.0,795.25,1019.0,762.5,1399.0,828.0,visual intake,558,1212.5,796.25,195,2.452
2.456,1209.9166666666667,794.4166666666667,0.2281009166816227,0,279.5084971874735,0,151.05085665386497,1393.0,830.5,156.54072952429985,1024.0,765.0,145.5609837834301,1208.5,797.75,1024.0,765.0,1393.0,830.5,visual intake,559,1211.5,796.75,195,2.456
2.46,1214.9166666666667,794.5833333333334,0.2335682541582234,0,0.0,0,151.93228275632805,1396.0,829.5,158.5339080449353,1029.0,765.5,145.33065746772084,1212.5,797.5,1029.0,765.5,1396.0,829.5,blink,560,1209.0,797.25,196,2.46
2.464,1213.75,793.25,0.2482794766858181,0,124.99999999999989,0,151.9629804651138,1396.0,830.0,156.62694531912445,1027.0,763.5,147.29901561110313,1211.5,796.75,1027.0,763.5,1396.0,830.0,visual intake,561,1208.5,797.25,197,2.464
2.468,1210.0833333333337,794.1666666666667,0.2305003728690042,0,0.0,0,151.37842493292317,1393.5,828.0,151.64761785138597,1023.5,766.5,151.10923201446033,1208.5,797.25,1023.5,766.5,1393.5,828.0,blink,562,1208.5,797.25,197,2.468
2.472,1209.0833333333337,793.25,0.2226687526917019,0,62.49999999999994,0,162.52464081148946,1399.0,829.5,166.3640586184408,1016.5,764.0,158.68522300453813,1207.75,796.75,1016.5,764.0,1399.0,829.5,visual intake,563,1208.25,797.25,197,2.472
2.476,1207.4166666666667,794.0833333333334,0.2218229128054243,0,139.75424859373675,0,162.46350023684442,1396.5,828.5,163.51758315239374,1016.0,766.5,161.4094173212951,1206.25,797.5,1016.0,766.5,1396.5,828.5,visual intake,564,1207.75,797.5,197,2.476
2.48,1209.4166666666667,796.0833333333334,0.2214562996780548,0,437.4999999999996,0,158.59922967342976,1397.0,830.5,164.3684884641822,1019.5,768.0,152.82997088267732,1208.25,799.25,1019.5,768.0,1397.0,830.5,visual intake,565,1207.75,799.25,197,2.48
2.484,1207.4166666666667,796.5833333333333,0.2232529352712184,0,225.3469547164991,0,156.90671206467144,1394.5,830.5,163.37074401495514,1017.5,769.0,150.44268011438774,1206.0,799.75,1017.5,769.0,1394.5,830.5,visual intake,566,1207.0,799.75,197,2.484
2.488,1211.4166666666663,797.8333333333333,0.2383460230866687,0,437.4999999999996,0,151.53348310516444,1393.5,831.0,151.21177202850313,1027.0,772.0,151.85519418182574,1210.25,801.5,1027.0,772.0,1393.5,831.0,visual intake,567,1207.0,801.5,197,2.488
2.492,1208.6666666666667,800.5,0.2241116071265468,0,380.1726581436384,0,154.37556704612064,1392.5,834.0,155.46382215808282,1021.5,773.0,153.28731193415845,1207.0,803.5,1021.5,773.0,1392.5,834.0,visual intake,568,1206.75,803.0,197,2.492
2.496,1207.5,800.5833333333334,0.2207862817224695,0,124.99999999999989,0,151.3454717653203,1392.0,833.0,148.33745312630927,1021.5,774.0,154.35349040433132,1206.75,803.5,1021.5,774.0,1392.0,833.0,visual intake,569,1206.75,803.5,197,2.496
2.5,1207.0833333333337,799.3333333333333,0.2123674198793103,0,187.49999999999983,0,154.3523502783276,1390.0,831.5,152.26621424334422,1022.0,774.5,156.43848631331102,1206.0,803.0,1022.0,774.5,1390.0,831.5,visual intake,570,1206.0,803.5,197,2.5
2.504,1206.4166666666663,802.25,0.2228071013115495,0,0.0,0,153.8340585683939,1391.0,835.0,158.2024020045208,1019.0,777.0,149.46571513226704,1205.0,806.0,1019.0,777.0,1391.0,835.0,blink,571,1205.0,806.0,198,2.504
2.508,1203.5833333333333,804.25,0.2177172608117352,0,0.0,0,150.16820633237927,1385.5,834.5,147.16657229140046,1019.0,781.5,153.16984037335808,1202.25,808.0,1019.0,781.5,1385.5,834.5,blink,572,1203.25,808.0,198,2.508
2.512,1203.6666666666663,804.5833333333333,0.2198028270153156,0,0.0,0,154.2917136699756,1384.5,833.0,149.33519344079613,1022.0,783.0,159.24823389915505,1203.25,808.0,1022.0,783.0,1384.5,833.0,blink,573,1203.0,808.0,199,2.512
2.516,1204.6666666666667,806.6666666666666,0.2321867022547873,0,0.0,0,154.53674226594563,1382.5,834.5,153.16004700965587,1023.5,786.0,155.9134375222354,1203.0,810.25,1023.5,786.0,1382.5,834.5,blink,574,1202.25,810.25,200,2.516
2.52,1201.6666666666663,807.9166666666667,0.2259246472994934,0,0.0,0,160.1231685907468,1384.5,835.0,155.11608556174951,1016.0,789.0,165.13025161974412,1200.25,812.0,1016.0,789.0,1384.5,835.0,blink,575,1200.25,812.0,200,2.52
2.524,1199.6666666666667,811.8333333333333,0.2229090557888852,0,0.0,0,153.68201827351874,1381.0,840.5,150.02999700059985,1017.5,792.5,157.33403954643762,1199.25,816.5,1017.5,792.5,1381.0,840.5,blink,576,1199.5,816.0,200,2.524
2.528,1200.5833333333333,811.5833333333334,0.2218844881721647,0,0.0,0,153.01669148158447,1383.5,839.5,149.03019828209315,1015.5,792.5,157.00318468107582,1199.5,816.0,1015.5,792.5,1383.5,839.5,blink,577,1199.25,816.25,201,2.528
2.532,1195.6666666666667,812.6666666666667,0.2260891843597898,0,0.0,0,155.05744028922993,1377.0,838.5,144.00347218036097,1013.5,794.0,166.1114083980989,1195.25,816.25,1013.5,794.0,1377.0,838.5,blink,578,1199.0,816.5,201,2.532
2.536,1196.75,814.4166666666667,0.213953752981213,0,0.0,0,153.3842232107828,1377.0,839.0,142.01408380861386,1014.0,799.0,164.75436261295178,1195.5,819.0,1014.0,799.0,1377.0,839.0,blink,579,1199.0,819.0,202,2.536
2.54,1199.3333333333337,816.0833333333333,0.2271079134018074,0,0.0,0,152.39410298049853,1380.0,839.0,142.0,1018.0,802.0,162.78820596099706,1199.0,820.5,1018.0,802.0,1380.0,839.0,blink,580,1197.75,820.5,203,2.54
2.544,1199.3333333333333,817.5833333333334,0.2262542765812744,0,0.0,0,153.4716603982887,1382.0,839.0,144.01388821915754,1016.5,804.5,162.92943257741985,1199.25,821.75,1016.5,804.5,1382.0,839.0,blink,581,1198.75,821.75,203,2.544
2.548,1198.6666666666663,819.3333333333334,0.2252229967238321,0,0.0,0,152.55588122539532,1383.0,841.0,144.0,1012.5,807.0,161.11176245079065,1197.75,824.0,1012.5,807.0,1383.0,841.0,blink,582,1198.75,824.0,204,2.548
2.552,1199.4166666666663,821.6666666666667,0.2483904440895173,0,0.0,0,152.70215352841285,1382.5,845.5,147.08500943332058,1015.0,807.5,158.31929762350515,1198.75,826.5,1015.0,807.5,1382.5,845.5,blink,583,1197.75,826.25,204,2.552
2.556,1195.25,822.0833333333334,0.2183299159042854,0,0.0,0,151.20278480067014,1376.0,842.5,138.00362314084367,1014.0,810.0,164.40194646049662,1195.0,826.25,1014.0,810.0,1376.0,842.5,blink,584,1195.5,826.5,204,2.556
2.56,1196.4166666666663,822.1666666666666,0.2273796272752802,0,0.0,0,154.79940726110692,1377.5,842.5,143.0034964607509,1013.5,810.5,166.59531806146293,1195.5,826.5,1013.5,810.5,1377.5,842.5,blink,585,1195.0,826.5,205,2.56
2.564,1190.1666666666663,825.5,0.2262710512397924,0,0.0,0,151.42192753876844,1372.5,842.5,143.0314650697531,1004.0,818.0,159.81239000778382,1188.25,830.25,1004.0,818.0,1372.5,842.5,blink,586,1191.75,830.25,206,2.564
2.568,1189.5,825.75,0.2371235900438917,0,0.0,0,155.16664330323283,1373.5,847.5,147.08500943332058,1003.5,814.5,163.24827717314508,1188.5,831.0,1003.5,814.5,1373.5,847.5,blink,587,1189.25,830.5,206,2.568
2.572,1192.9166666666667,826.0833333333333,0.2285464294792765,0,0.0,0,148.436547120361,1374.5,845.0,141.01418368376991,1009.0,816.0,155.8589105569521,1191.75,830.5,1009.0,816.0,1374.5,845.0,blink,588,1188.5,831.0,207,2.572
2.576,1190.6666666666667,827.4166666666666,0.2428323930815754,0,0.0,0,150.36177186342726,1372.0,846.5,144.1700384962146,1006.5,818.0,156.55350523063993,1189.25,832.25,1006.5,818.0,1372.0,846.5,blink,589,1188.5,832.25,207,2.576
2.58,1184.25,829.9166666666667,0.2462074418158255,0,0.0,0,151.3739471139524,1366.5,848.0,143.22360140703069,1000.0,821.0,159.52429282087414,1183.25,834.5,1000.0,821.0,1366.5,848.0,blink,590,1183.25,833.75,208,2.58
2.584,1185.0,831.75,0.2393254809583496,0,0.0,0,147.6591662663185,1365.0,846.5,136.1800279042415,1001.0,826.5,159.13830462839547,1183.0,836.5,1001.0,826.5,1365.0,846.5,blink,591,1183.0,833.75,209,2.584
2.588,1183.5,829.3333333333333,0.2310649060977493,0,0.0,0,153.63221378187535,1362.5,847.0,141.05672617780408,1001.0,820.5,166.20770138594662,1181.75,833.75,1001.0,820.5,1362.5,847.0,blink,592,1183.0,834.5,209,2.588
2.592,1183.0833333333333,828.1666666666666,0.2210366365261259,0,0.0,0,153.57047125223988,1363.0,843.0,140.05713120009278,1001.0,822.5,167.08381130438698,1182.0,832.75,1001.0,822.5,1363.0,843.0,blink,593,1182.0,836.5,210,2.592
2.596,1185.8333333333337,832.75,0.2324881560188154,0,0.0,0,152.41345068044828,1371.0,848.5,148.27339613025663,995.5,827.0,156.55350523063993,1183.25,837.75,995.5,827.0,1371.0,848.5,blink,594,1181.75,837.75,211,2.596
2.6,1182.9166666666663,836.0833333333333,0.2330705762698997,0,0.0,0,153.00525061482887,1359.5,852.0,145.49570440394453,1002.5,830.0,160.51479682571323,1181.0,841.0,1002.5,830.0,1359.5,852.0,blink,595,1181.0,837.75,211,2.6
2.604,1173.8333333333333,833.3333333333333,0.2204198239543835,0,0.0,0,149.38342413741952,1352.0,847.0,136.13228860193308,993.5,828.5,162.63455967290594,1172.75,837.75,993.5,828.5,1352.0,847.0,blink,596,1178.25,837.75,212,2.604
2.608,1180.4166666666663,832.5833333333333,0.2213055548345927,0,0.0,0,150.27684208777998,1357.0,847.5,142.28492541376264,999.5,827.0,158.26875876179733,1178.25,837.25,999.5,827.0,1357.0,847.5,blink,597,1175.75,838.0,212,2.608
2.612,1172.1666666666663,832.6666666666667,0.2118247088695042,0,0.0,0,148.9417010146762,1355.0,845.5,138.1774221788784,986.5,830.5,159.70597985047397,1170.75,838.0,986.5,830.5,1355.0,845.5,blink,598,1175.75,837.75,213,2.612
2.616,1177.0833333333333,833.5833333333333,0.2278765081534555,0,0.0,0,151.64616791772323,1357.0,846.0,140.51334456200237,994.5,830.0,162.77899127344412,1175.75,838.0,994.5,830.0,1357.0,846.0,blink,599,1175.75,837.25,213,2.616
2.62,1178.3333333333333,832.9166666666666,0.2115652193347623,0,0.0,0,159.7989925047483,1361.0,846.5,152.3975065412817,993.0,828.0,167.20047846821492,1177.0,837.25,993.0,828.0,1361.0,846.5,blink,600,1170.75,837.25,214,2.62
2.624,1170.0,831.6666666666667,0.218878838577032,0,0.0,0,149.76427656364666,1347.5,840.5,135.18135966175217,989.5,831.5,164.34719346554112,1168.5,836.0,989.5,831.5,1347.5,840.5,blink,601,1171.25,837.0,215,2.624
2.628,1170.9166666666667,832.4166666666666,0.2299724209581424,0,0.0,0,153.82965742865173,1352.5,842.0,137.23337786413333,987.5,832.0,170.42593699317015,1170.0,837.0,987.5,832.0,1352.5,842.0,blink,602,1170.0,836.0,215,2.628
2.632,1173.25,831.5,0.2140104132825853,0,0.0,0,158.1908534253716,1353.0,841.5,150.4027925272666,989.5,830.0,165.97891432347663,1171.25,835.75,989.5,830.0,1353.0,841.5,blink,603,1169.75,835.75,215,2.632
2.636,1168.9166666666667,830.25,0.2192444328139699,0,0.0,0,155.7933389160086,1350.5,838.5,141.28694207179942,984.5,830.5,170.29973576021777,1167.5,834.5,984.5,830.5,1350.5,838.5,blink,604,1169.75,835.0,215,2.636
2.64,1171.0833333333333,831.4166666666667,0.2088391466632737,0,0.0,0,155.06397470564815,1354.5,839.0,147.33974345029924,985.0,831.0,162.78820596099706,1169.75,835.0,985.0,831.0,1354.5,839.0,blink,605,1167.5,834.5,216,2.64
2.644,1163.6666666666663,828.4166666666666,0.2295905404841237,0,0.0,0,149.59188639847036,1344.5,835.5,135.29966740535616,980.5,829.5,163.88410539158457,1162.5,832.5,980.5,829.5,1344.5,835.5,blink,606,1166.5,832.5,216,2.644
2.648,1167.6666666666667,828.25,0.2215308950356104,0,0.0,0,148.816757243441,1347.0,836.0,140.356688476182,986.0,827.0,157.2768260107,1166.5,831.5,986.0,827.0,1347.0,836.0,blink,607,1164.25,832.25,216,2.648
2.652,1165.6666666666663,828.8333333333334,0.2151331724421604,0,0.0,0,152.9461482110205,1349.0,833.5,146.27713423498562,979.5,831.0,159.6151621870554,1164.25,832.25,979.5,831.0,1349.0,833.5,blink,608,1162.5,832.0,217,2.652
2.656,1164.0833333333333,827.1666666666667,0.2166957422740321,0,0.0,0,158.61972754266208,1350.0,835.5,152.55490814785344,974.0,828.5,164.68454693747074,1162.0,832.0,974.0,828.5,1350.0,835.5,blink,609,1162.0,831.5,217,2.656
2.66,1157.5,825.3333333333333,0.2214104066287669,0,0.0,0,154.40186506691725,1342.0,830.0,144.49913494550754,971.0,829.0,164.30459518832697,1156.5,829.5,971.0,829.0,1342.0,830.0,blink,610,1160.25,829.5,218,2.66
2.664,1161.5833333333333,825.5833333333334,0.2216072657184821,0,0.0,0,150.10930542535618,1343.5,829.0,139.51702405083043,977.0,828.5,160.70158679988197,1160.25,828.75,977.0,828.5,1343.5,829.0,blink,611,1156.5,828.75,218,2.664
2.668,1157.5,824.25,0.2379615599679078,0,0.0,0,155.09912253670404,1339.5,830.5,151.74320413119,972.0,827.0,158.45504094221806,1155.75,828.75,972.0,827.0,1339.5,830.5,blink,612,1156.5,828.75,219,2.668
2.672,1156.1666666666667,823.5,0.2301225230113536,0,0.0,0,148.16400240379147,1336.5,825.5,131.64345787011217,974.0,828.5,164.68454693747074,1155.25,827.0,974.0,828.5,1336.5,825.5,blink,613,1155.75,827.0,219,2.672
2.676,1160.1666666666663,823.25,0.2249848181931219,0,0.0,0,156.96231739860613,1341.0,826.0,144.49913494550754,976.5,827.0,169.42549985170473,1158.75,826.5,976.5,827.0,1341.0,826.0,blink,614,1155.25,826.5,219,2.676
2.68,1152.0,821.0833333333333,0.2430260409181095,0,0.0,0,148.63247036402734,1331.5,822.5,139.8070098385628,968.5,828.0,157.45793088949188,1150.0,825.25,968.5,828.0,1331.5,822.5,blink,615,1150.0,826.5,220,2.68
2.684,1151.6666666666667,820.0833333333334,0.2334013410465201,0,0.0,0,140.86303690729943,1325.5,818.0,133.24038426843418,974.0,827.0,148.48568954616468,1149.75,822.5,974.0,827.0,1325.5,818.0,blink,616,1149.75,825.25,221,2.684
2.688,1148.6666666666663,822.6666666666667,0.2181442286717997,0,0.0,0,152.83684812637307,1332.0,825.5,142.42541907960108,963.5,827.5,163.24827717314508,1147.75,826.5,963.5,827.5,1332.0,825.5,blink,617,1148.75,822.5,222,2.688
2.692,1148.5,818.9166666666667,0.2380384486906047,0,0.0,0,149.0567781920265,1328.0,818.0,130.75167302944922,969.5,825.5,167.36188335460378,1148.75,821.75,969.5,825.5,1328.0,818.0,blink,618,1147.75,821.75,223,2.692
2.696,1142.5,818.6666666666666,0.1980298772083214,0,0.0,0,153.43057993989672,1327.5,818.5,135.6244815658294,956.5,824.5,171.23667831396403,1142.0,821.5,956.5,824.5,1327.5,818.5,blink,619,1142.0,821.5,224,2.696
2.7,1140.9166666666667,818.3333333333333,0.2198796514635415,0,0.0,0,153.48233125372133,1327.0,816.0,134.72935834479432,955.0,826.5,172.23530416264836,1141.0,821.25,955.0,826.5,1327.0,816.0,blink,620,1141.0,821.25,225,2.7
2.704,1138.6666666666667,817.5833333333334,0.2090719903137911,0,0.0,0,153.96769820869426,1323.5,815.5,135.83077707206124,953.0,825.0,172.10461934532728,1138.25,820.25,953.0,825.0,1323.5,815.5,blink,621,1138.25,820.25,226,2.704
2.708,1138.5,817.0,0.2065579214175585,0,0.0,0,150.45611134628336,1323.0,812.5,134.8369385591352,953.0,826.5,166.0752841334315,1138.0,819.5,953.0,826.5,1323.0,812.5,blink,622,1138.0,819.5,227,2.708
2.712,1135.75,816.0,0.2350382285867689,0,0.0,0,150.36444987753748,1316.0,812.0,134.5362404707371,955.0,825.0,166.19265928433782,1135.5,818.5,955.0,825.0,1316.0,812.0,blink,623,1135.5,818.5,228,2.712
2.716,1135.6666666666667,815.9166666666667,0.2285598355580003,0,0.0,0,152.61790902583942,1321.0,811.5,139.04315876734103,949.0,825.0,166.19265928433782,1135.0,818.25,949.0,825.0,1321.0,811.5,blink,624,1135.0,818.25,229,2.716
2.72,1134.6666666666663,814.5833333333333,0.2462496463394857,0,0.0,0,150.9840218898576,1318.5,811.5,137.81872151489435,950.0,823.5,164.14932226482082,1134.25,817.5,950.0,823.5,1318.5,811.5,blink,625,1134.25,817.5,229,2.72
2.724,1132.0833333333333,814.4166666666666,0.2208325510770799,0,0.0,0,149.0958919092677,1313.5,811.5,134.08206442324789,949.0,822.0,164.1097193952875,1131.25,816.75,949.0,822.0,1313.5,811.5,blink,626,1131.25,816.75,230,2.724
2.728,1125.75,812.5,0.2277566060671284,0,0.0,0,153.60848316095763,1308.5,809.0,139.91783303067555,941.5,823.0,167.29913329123974,1125.0,816.0,941.5,823.0,1308.5,809.0,blink,627,1125.5,816.0,230,2.728
2.732,1125.0833333333333,811.9166666666667,0.2179931572784564,0,0.0,0,150.51040641759667,1305.5,807.0,131.97348218486923,945.5,822.0,169.04733065032408,1125.5,814.5,945.5,822.0,1305.5,807.0,blink,628,1125.0,814.5,231,2.732
2.736,1121.1666666666667,810.8333333333333,0.2307618082916194,0,0.0,0,156.6285096270392,1308.0,806.0,141.1523999087511,933.0,821.0,172.10461934532728,1120.5,813.5,933.0,821.0,1308.0,806.0,blink,629,1120.5,813.5,232,2.736
2.74,1119.8333333333333,809.4166666666667,0.2224787265969988,0,0.0,0,148.01473215149548,1300.0,807.0,134.9518432626987,937.5,817.5,161.07762104029226,1118.75,812.25,937.5,817.5,1300.0,807.0,blink,630,1118.75,813.0,233,2.74
2.744,1118.25,809.8333333333334,0.2255520817263597,0,0.0,0,154.04820466130445,1302.5,806.5,142.0211251891774,932.0,819.5,166.0752841334315,1117.25,813.0,932.0,819.5,1302.5,806.5,blink,631,1117.25,812.25,233,2.744
2.748,1117.0,808.1666666666667,0.2364141806940257,0,0.0,0,149.45511771380274,1299.5,805.5,141.7956275771577,930.5,816.0,157.1146078504478,1115.0,810.75,930.5,816.0,1299.5,805.5,blink,632,1115.0,812.25,234,2.748
2.752,1110.9166666666667,807.25,0.2280623313115279,0,0.0,0,159.77789074107798,1297.0,803.5,143.54441821262157,923.0,817.0,176.0113632695344,1110.0,810.25,923.0,817.0,1297.0,803.5,blink,633,1110.0,810.75,234,2.752
2.756,1106.0833333333333,808.5833333333333,0.2072261111141452,0,0.0,0,154.83433114561603,1295.0,803.5,142.5938287584705,914.5,821.5,167.0748335327616,1104.75,812.5,914.5,821.5,1295.0,803.5,blink,634,1104.75,810.25,234,2.756
2.76,1106.3333333333333,805.8333333333334,0.2233260643456588,0,0.0,0,157.55419027579038,1292.0,799.0,147.10540438746634,917.0,817.5,168.0029761641144,1104.5,808.25,917.0,817.5,1292.0,799.0,blink,635,1104.5,809.0,235,2.76
2.764,1099.6666666666663,804.3333333333333,0.2442220510456619,0,0.0,0,153.20046710577753,1285.5,797.0,146.37281168304446,910.0,818.5,160.0281225285106,1097.75,807.75,910.0,818.5,1285.5,797.0,blink,636,1100.0,809.0,236,2.764
2.768,1099.1666666666667,806.6666666666667,0.2100085220315976,0,0.0,0,156.6174451491038,1288.5,797.0,144.12841496387864,908.5,821.0,169.10647533432893,1098.5,809.0,908.5,821.0,1288.5,797.0,blink,637,1098.5,808.25,237,2.768
2.772,1100.5,805.9166666666667,0.2439783801871904,0,0.0,0,157.8426673846173,1287.5,800.0,144.68241081762497,912.5,819.5,171.00292395160966,1100.0,809.75,912.5,819.5,1287.5,800.0,blink,638,1097.75,807.75,237,2.772
2.776,1098.5,804.5,0.2236456201199311,0,0.0,0,155.19074575476174,1285.5,796.5,142.27438279606065,910.0,817.0,168.1071087134628,1097.75,806.75,910.0,817.0,1285.5,796.5,blink,639,1097.75,806.75,237,2.776
2.78,1094.6666666666667,802.9166666666666,0.2385428941355849,0,0.0,0,157.57005523517782,1279.5,795.0,144.12841496387864,907.5,817.0,171.011695506477,1093.5,806.0,907.5,817.0,1279.5,795.0,blink,640,1093.75,806.0,238,2.78
2.7840000000000003,1093.75,801.3333333333334,0.2181014920966452,0,0.0,0,158.35428580941203,1281.5,792.0,144.68241081762497,906.0,815.5,172.02616080119907,1093.75,803.75,906.0,815.5,1281.5,792.0,blink,641,1093.5,804.25,239,2.7840000000000003
2.7880000000000003,1090.0833333333333,799.75,0.2283621341185144,0,0.0,0,159.70568797504873,1276.5,790.0,142.4113759500975,901.5,814.0,177.0,1089.0,802.0,901.5,814.0,1276.5,790.0,blink,642,1089.0,804.25,240,2.7880000000000003
2.7920000000000003,1087.25,801.8333333333333,0.2268192003780827,0,0.0,0,157.0178548657412,1272.5,793.5,140.03570973148243,901.0,815.0,174.0,1086.75,804.25,901.0,815.0,1272.5,793.5,blink,643,1087.75,804.25,241,2.7920000000000003
2.7960000000000003,1089.4166666666667,801.8333333333333,0.2242197107354058,0,0.0,0,156.41411592783967,1275.0,791.5,145.82523787054146,900.5,817.5,167.0029939851379,1087.75,804.5,900.5,817.5,1275.0,791.5,blink,644,1086.75,804.25,241,2.7960000000000003
2.8000000000000003,1082.5,801.9166666666667,0.2286331915105794,0,0.0,0,160.92033259785086,1271.5,791.5,144.83784035948617,891.5,817.5,177.00282483621552,1081.5,804.5,891.5,817.5,1271.5,791.5,blink,645,1081.75,804.5,242,2.8000000000000003
2.8040000000000003,1082.5833333333333,798.8333333333334,0.2342020711484862,0,0.0,0,159.26159701380942,1270.0,787.5,145.52319402761884,893.5,815.0,173.0,1081.75,801.25,893.5,815.0,1270.0,787.5,blink,646,1081.5,804.5,243,2.8040000000000003
2.8080000000000003,1079.75,802.5833333333334,0.2282657640077503,0,0.0,0,158.7798713461353,1269.5,792.5,144.53373308677806,889.5,819.5,173.02600960549256,1079.5,806.0,889.5,819.5,1269.5,792.5,blink,647,1079.5,806.0,244,2.8080000000000003
2.8120000000000003,1075.0833333333333,803.1666666666666,0.2331277444097665,0,0.0,0,160.21347803256498,1264.0,791.0,143.4015341619468,884.5,821.5,177.02542190318317,1074.25,806.25,884.5,821.5,1264.0,791.0,blink,648,1075.25,806.25,244,2.8120000000000003
2.816,1077.1666666666667,805.0833333333334,0.2338367862180508,0,0.0,0,156.33017568463217,1264.0,792.0,147.648230602334,886.5,823.0,165.01212076693034,1075.25,807.5,886.5,823.0,1264.0,792.0,blink,649,1074.25,807.5,245,2.816
2.82,1074.25,805.1666666666666,0.2403038839155973,0,0.0,0,159.26830331313437,1260.5,791.5,144.53373308677806,885.0,823.5,174.0028735394907,1072.75,807.5,885.0,823.5,1260.5,791.5,blink,650,1072.75,807.5,245,2.82
2.824,1072.5833333333333,804.25,0.2292939829908219,0,0.0,0,160.72650918971613,1260.5,788.5,151.42654985173505,882.0,826.5,170.02646852769718,1071.25,807.5,882.0,826.5,1260.5,788.5,blink,651,1071.25,807.5,245,2.824
2.828,1072.5833333333333,805.8333333333333,0.240584212160073,0,0.0,0,162.81411009481786,1261.0,791.0,150.62536307010186,880.5,826.5,175.0028571195339,1070.75,808.75,880.5,826.5,1261.0,791.0,blink,652,1071.0,808.75,245,2.828
2.832,1071.3333333333333,809.6666666666667,0.2175493936674844,0,0.0,0,159.15521388277313,1257.5,792.5,145.16886718577092,884.5,832.5,173.1415605797753,1071.0,812.5,884.5,832.5,1257.5,792.5,blink,653,1070.75,811.5,246,2.832
2.836,1063.75,808.5833333333333,0.2353613598103646,0,0.0,0,162.45232731891647,1255.5,790.5,149.83324063771698,870.5,832.5,175.07141400011596,1063.0,811.5,870.5,832.5,1255.5,790.5,blink,654,1063.0,812.5,246,2.836
2.84,1060.9166666666667,809.25,0.232246847214608,0,0.0,0,164.949351043431,1249.5,791.5,153.7595525487766,870.0,834.5,176.13914953808538,1059.75,813.0,870.0,834.5,1249.5,791.5,blink,655,1061.5,813.0,247,2.84
2.844,1062.3333333333337,815.25,0.2327909934584479,0,0.0,0,164.4760214075653,1250.0,798.5,150.81445554057476,873.0,839.5,178.13758727455584,1061.5,819.0,873.0,839.5,1250.0,798.5,blink,656,1060.25,816.5,248,2.844
2.848,1056.5,813.25,0.2291369336083308,0,0.0,0,163.29869424164505,1239.5,792.5,149.4590244849738,871.5,840.5,177.1383639983163,1055.5,816.5,871.5,840.5,1239.5,792.5,blink,657,1059.75,819.0,248,2.848
2.852,1061.3333333333333,815.6666666666667,0.2406375522191032,0,0.0,0,159.85821090098656,1250.5,797.0,149.64290828502365,870.0,842.5,170.07351351694948,1060.25,819.75,870.0,842.5,1250.5,797.0,blink,658,1060.25,819.75,249,2.852
2.856,1060.75,819.0,0.2242295193276643,0,0.0,0,168.97781837990283,1250.5,799.5,160.85397104206038,867.5,844.0,177.1016657177453,1059.0,821.75,867.5,844.0,1250.5,799.5,blink,659,1059.0,821.0,249,2.856
2.86,1062.8333333333333,817.25,0.2299390725644021,0,0.0,0,159.99036049095724,1249.0,797.0,154.9322432549145,872.5,845.0,165.04847772699995,1060.75,821.0,872.5,845.0,1249.0,797.0,blink,660,1059.0,821.75,249,2.86
2.864,1058.5833333333333,823.0,0.2202091246860465,0,0.0,0,159.2117602333189,1245.5,800.5,150.23315213360866,868.0,852.0,168.1903683330291,1056.75,826.25,868.0,852.0,1245.5,800.5,blink,661,1056.75,826.25,250,2.864
2.868,1053.1666666666663,823.1666666666666,0.2286806188526861,0,0.0,0,163.88814777217084,1240.0,803.5,155.54099138169337,863.0,851.5,172.23530416264836,1051.5,827.5,863.0,851.5,1240.0,803.5,blink,662,1051.5,827.5,250,2.868
2.872,1046.25,825.3333333333334,0.2391867888597848,0,0.0,0,160.36024789256268,1229.5,802.0,146.53668482670133,859.0,856.0,174.18381095842403,1044.25,829.0,859.0,856.0,1229.5,802.0,blink,663,1046.25,829.0,250,2.872
2.876,1046.25,828.5833333333334,0.2282105656679026,0,0.0,0,161.8586917748923,1231.5,804.0,146.53668482670133,858.5,860.0,177.18069872308325,1045.0,832.0,858.5,860.0,1231.5,804.0,blink,664,1045.0,832.0,250,2.876
2.88,1047.4166666666667,828.5833333333333,0.2303860576500679,0,0.0,0,160.63447912354513,1231.5,805.5,149.164338901763,861.0,859.0,172.10461934532728,1046.25,832.25,861.0,859.0,1231.5,805.5,blink,665,1045.0,832.25,251,2.88
2.884,1045.75,831.75,0.229445429886115,0,0.0,0,156.0661821590581,1230.0,805.5,139.94641831786907,860.0,865.0,172.18594600024707,1045.0,835.25,860.0,865.0,1230.0,805.5,blink,666,1045.0,835.25,252,2.884
2.888,1043.6666666666667,834.5,0.2298985135094635,0,0.0,0,163.73122414727555,1232.0,806.0,144.06942770761603,853.5,870.0,183.3930205869351,1042.75,838.0,853.5,870.0,1232.0,806.0,blink,667,1045.0,837.0,253,2.888
2.892,1046.0,833.9166666666667,0.225553624418689,0,0.0,0,162.85078549724713,1235.5,806.0,150.41608956491322,854.5,868.0,175.28548142958104,1045.0,837.0,854.5,868.0,1235.5,806.0,blink,668,1042.75,838.0,254,2.892
2.896,1043.5833333333337,838.1666666666667,0.2364031502772376,0,0.0,0,163.021329938451,1229.0,810.5,152.55490814785344,854.5,874.5,173.4877517290486,1041.75,842.5,854.5,874.5,1229.0,810.5,blink,669,1041.75,842.5,254,2.896
2.9,1041.9166666666667,840.6666666666667,0.2141895887217949,0,0.0,0,163.21984841883398,1230.5,811.0,158.14234094637652,850.0,877.0,168.2973558912914,1040.25,844.0,850.0,877.0,1230.5,811.0,blink,670,1040.25,844.0,254,2.9
2.904,1037.1666666666667,842.8333333333333,0.2179152508400856,0,0.0,0,159.0649053161569,1223.0,809.0,145.5609837834301,849.0,883.0,172.5688268488837,1036.0,846.0,849.0,883.0,1223.0,809.0,blink,671,1036.0,846.0,254,2.904
2.908,1033.6666666666663,846.1666666666666,0.2193678380710919,0,0.0,0,161.08734433417388,1221.0,812.5,142.36923825040296,844.5,887.5,179.8054504179448,1032.75,850.0,844.5,887.5,1221.0,812.5,blink,672,1033.75,849.5,254,2.908
2.912,1035.4166666666667,845.5833333333334,0.2304553749440104,0,0.0,0,161.96920973528648,1223.0,812.0,150.37286989347513,844.5,887.0,173.5655495770978,1033.75,849.5,844.5,887.0,1223.0,812.0,blink,673,1032.75,850.0,255,2.912
2.916,1031.8333333333333,847.8333333333333,0.2293172974340661,0,0.0,0,159.20124944555448,1219.5,815.5,143.8401890988746,841.0,887.0,174.56230979223437,1030.25,851.25,841.0,887.0,1219.5,815.5,blink,674,1031.25,851.25,255,2.916
2.92,1033.0833333333333,855.0,0.2288031879195986,0,0.0,0,166.44285088071032,1223.5,820.0,149.8966310495336,839.0,899.5,182.98907071188705,1031.25,859.75,839.0,899.5,1223.5,820.0,blink,675,1031.0,859.75,256,2.92
2.924,1032.3333333333337,854.6666666666666,0.2270908584904477,0,0.0,0,167.83468218936048,1224.0,822.5,153.05227865013967,838.0,897.5,182.6170857285813,1031.0,860.0,838.0,897.5,1224.0,822.5,blink,676,1030.75,860.0,257,2.924
2.928,1032.3333333333333,857.0,0.2328668434549688,0,0.0,0,168.50413255111818,1226.0,823.0,153.3101431738944,835.5,900.0,183.698121928342,1030.75,861.5,835.5,900.0,1226.0,823.0,blink,677,1031.0,861.5,257,2.928
2.932,1031.25,858.5833333333333,0.2323600083159792,0,0.0,0,159.40777821173054,1223.0,827.0,136.82105101189657,838.5,898.5,181.99450541156452,1030.75,862.75,838.5,898.5,1223.0,827.0,blink,678,1030.75,862.75,257,2.932
2.936,1034.6666666666667,858.4166666666666,0.2455340863165441,0,0.0,0,167.28280672825193,1228.0,824.5,150.86749152816188,838.5,902.0,183.698121928342,1033.25,863.25,838.5,902.0,1228.0,824.5,blink,679,1030.75,863.25,257,2.936
2.94,1032.1666666666667,862.6666666666667,0.2318005586550163,0,0.0,0,171.81621858932283,1228.0,829.5,159.10059710761615,833.0,907.0,184.53184007102948,1030.5,868.25,833.0,907.0,1228.0,829.5,blink,680,1030.5,868.25,258,2.94
2.944,1026.9166666666663,867.0,0.2404656730814426,0,187.49999999999983,0,163.8621021838362,1223.0,832.0,142.9405470816451,831.0,913.5,184.7836572860273,1027.0,872.75,831.0,913.5,1223.0,832.0,visual intake,681,1030.5,869.0,259,2.944
2.948,1032.0,864.0,0.2265229142568876,0,437.4999999999996,0,173.53272169293228,1227.5,827.0,159.20113064925135,833.5,911.0,187.8643127366132,1030.5,869.0,833.5,911.0,1227.5,827.0,visual intake,682,1030.5,870.75,259,2.948
2.952,1031.9166666666667,866.9166666666666,0.2398671312125532,0,374.99999999999966,0,169.4992402799414,1230.0,831.0,145.06550244630873,832.5,913.5,193.93297811357408,1031.25,872.25,832.5,913.5,1230.0,831.0,visual intake,683,1030.5,872.25,259,2.952
2.956,1033.9166666666667,866.0,0.2223101396520442,0,374.99999999999966,0,172.9507460867793,1226.5,830.0,156.7322557739791,840.0,911.5,189.16923639957952,1033.25,870.75,840.0,911.5,1226.5,830.0,visual intake,684,1030.5,870.75,259,2.956
2.96,1028.0833333333333,867.75,0.2435288818045681,0,380.1726581436384,0,169.58620131013055,1230.0,831.5,144.80676779764127,825.5,914.5,194.36563482261985,1027.75,873.0,825.5,914.5,1230.0,831.5,visual intake,685,1030.25,872.25,259,2.96
2.964,1028.6666666666663,865.4166666666667,0.2258594811711826,0,318.68871959954873,0,168.66496673563415,1226.5,830.0,149.04026301640775,831.5,910.0,188.28967045486056,1029.0,870.0,831.5,910.0,1226.5,830.0,visual intake,686,1029.0,872.5,259,2.964
2.968,1030.0833333333333,868.0833333333334,0.2211642374930585,0,0.0,0,169.86888565088856,1229.5,830.0,142.72000560538106,831.0,915.0,197.01776569639603,1030.25,872.5,831.0,915.0,1229.5,830.0,blink,687,1029.0,872.5,259,2.968
2.972,1027.1666666666667,869.5833333333333,0.2233131776082847,0,62.49999999999994,0,173.19635259404274,1224.0,831.5,143.40502083260543,833.0,916.0,202.98768435548004,1028.5,873.75,833.0,916.0,1224.0,831.5,visual intake,688,1029.0,872.25,259,2.972
2.976,1031.5,867.5833333333333,0.2283766649000994,0,124.99999999999989,0,167.62574461576486,1231.0,830.5,139.01438774457844,831.5,914.0,196.23710148695125,1031.25,872.25,831.5,914.0,1231.0,830.5,visual intake,689,1028.5,872.25,259,2.976
2.98,1027.6666666666663,867.25,0.2322965531088181,0,312.4999999999997,0,174.13422882036616,1223.5,831.0,152.34500319997372,830.5,913.5,195.92345444075855,1027.0,872.25,830.5,913.5,1223.5,831.0,visual intake,690,1027.25,872.25,259,2.98
2.984,1023.6666666666669,862.8333333333334,0.2551644775820525,0,374.99999999999966,0,169.84644774482888,1219.5,830.0,146.03081866510234,826.5,906.0,193.6620768245554,1023.0,868.0,826.5,906.0,1219.5,830.0,visual intake,691,1027.25,870.75,259,2.984
2.988,1029.1666666666667,864.8333333333333,0.2284816727491052,0,0.0,0,174.8000752908052,1223.5,831.5,158.927656498169,831.0,910.0,190.67249408344145,1027.25,870.75,831.0,910.0,1223.5,831.5,blink,692,1027.0,868.0,260,2.988
2.992,1030.0,861.25,0.2320585881482566,0,0.0,0,169.13968168132263,1226.5,828.5,148.7615541731129,831.5,903.0,189.5178091895324,1029.0,865.75,831.5,903.0,1226.5,828.5,blink,693,1027.25,866.75,261,2.992
2.996,1027.5833333333333,862.4166666666667,0.2275971161632812,0,0.0,0,164.28620784773534,1219.5,828.0,140.80127840328723,834.5,905.5,187.77113729218345,1027.0,866.75,834.5,905.5,1219.5,828.0,blink,694,1027.25,865.75,261,2.996
3.0,1030.5,859.0,0.2191613942064788,0,0.0,0,168.85644832515004,1221.5,825.5,157.00318468107582,836.0,901.0,180.7097119692243,1028.75,863.25,836.0,901.0,1221.5,825.5,blink,695,1027.0,865.0,261,3.0
3.004,1027.1666666666663,860.0,0.2401629360008805,0,0.0,0,165.61219538781108,1218.0,828.0,147.52626884728022,832.5,902.0,183.698121928342,1025.25,865.0,832.5,902.0,1218.0,828.0,blink,696,1027.0,863.25,261,3.004
3.008,1026.5833333333333,853.9166666666666,0.2361894591765279,0,0.0,0,166.9293072084838,1217.5,822.5,151.24152868838638,833.0,894.5,182.6170857285813,1025.25,858.5,833.0,894.5,1217.5,822.5,blink,697,1025.25,860.75,262,3.008
3.012,1029.8333333333333,854.8333333333333,0.2224711399405973,0,0.0,0,167.84840410314908,1218.0,821.5,154.98709623707387,837.0,896.0,180.7097119692243,1027.5,858.75,837.0,896.0,1218.0,821.5,blink,698,1025.25,858.75,263,3.012
3.016,1025.4166666666667,855.9166666666667,0.2361657283473374,0,0.0,0,158.81019750842398,1213.5,823.0,140.80127840328723,836.0,898.5,176.81911661356077,1024.75,860.75,836.0,898.5,1213.5,823.0,blink,699,1027.0,858.5,263,3.016
3.02,1031.8333333333333,853.0833333333333,0.2305185520394785,0,0.0,0,167.06665796896797,1219.0,819.5,155.502411556863,840.0,894.5,178.63090438107287,1029.5,857.0,840.0,894.5,1219.0,819.5,blink,700,1027.5,857.0,263,3.02
3.024,1028.8333333333333,852.0,0.2289256433110644,0,0.0,0,162.63646424487354,1214.0,821.0,148.92951352905172,840.0,890.5,176.34341496069538,1027.0,855.75,840.0,890.5,1214.0,821.0,blink,701,1027.0,855.75,263,3.024
3.028,1031.0833333333337,848.4166666666666,0.2246146283219358,0,0.0,0,158.63843676445933,1213.5,813.5,142.86357128393507,845.0,890.0,174.41330224498358,1029.25,851.75,845.0,890.0,1213.5,813.5,blink,702,1027.0,852.25,264,3.028
3.032,1027.1666666666667,846.5833333333333,0.2277996739506364,0,0.0,0,162.15641612374048,1217.5,811.0,148.48905683584903,835.5,888.5,175.82377541163197,1026.5,849.75,835.5,888.5,1217.5,811.0,blink,703,1027.0,851.75,265,3.032
3.036,1021.5,847.9166666666667,0.2311884794503316,0,0.0,0,163.0951080139402,1209.5,819.0,147.96283317103658,832.0,885.5,178.22738285684386,1020.75,852.25,832.0,885.5,1209.5,819.0,blink,704,1027.5,850.25,265,3.036
3.04,1032.4166666666663,846.1666666666667,0.2164650098486285,0,0.0,0,160.30921040886574,1219.0,814.5,151.11915828246265,841.5,884.5,169.49926253526883,1030.25,849.5,841.5,884.5,1219.0,814.5,blink,705,1026.5,850.25,265,3.04
3.044,1029.0,846.0833333333333,0.2401049712166414,0,0.0,0,166.35334916451373,1219.5,816.5,153.16004700965587,835.5,884.0,179.5466513193716,1027.5,850.25,835.5,884.0,1219.5,816.5,blink,706,1027.0,850.25,265,3.044
3.048,1025.4166666666667,846.0,0.2343553308898347,0,0.0,0,173.0444137761629,1215.5,818.0,163.95426191471816,832.0,882.5,182.13456563760764,1023.75,850.25,832.0,882.5,1215.5,818.0,blink,707,1027.0,849.5,265,3.048
3.052,1029.25,841.6666666666666,0.232061053323528,0,0.0,0,163.57203326593316,1213.5,814.5,151.58495967608397,840.5,875.0,175.55910685578235,1027.0,844.75,840.5,875.0,1213.5,814.5,blink,708,1025.25,848.25,266,3.052
3.056,1020.3333333333331,844.6666666666667,0.2271294181760264,0,0.0,0,161.68614858739215,1206.5,816.0,146.03081866510234,831.5,880.5,177.341478509682,1019.0,848.25,831.5,880.5,1206.5,816.0,blink,709,1025.25,846.75,267,3.056
3.06,1027.25,841.6666666666667,0.2355169384580587,0,0.0,0,159.3382016679982,1215.0,813.0,153.3101431738944,835.5,876.5,165.36626016210198,1025.25,844.75,835.5,876.5,1215.0,813.0,blink,710,1025.25,844.75,267,3.06
3.064,1027.8333333333333,843.0833333333334,0.228241241541611,0,0.0,0,166.18553220140618,1213.5,818.5,162.265215003093,838.0,875.0,170.10584939971935,1025.75,846.75,838.0,875.0,1213.5,818.5,blink,711,1025.0,844.75,267,3.064
3.068,1018.25,841.4166666666666,0.2283259835448189,0,0.0,0,154.80421334203425,1198.5,815.5,140.46351839534705,836.5,873.5,169.14490828872147,1017.5,844.5,836.5,873.5,1198.5,815.5,blink,712,1025.0,844.5,267,3.068
3.072,1026.75,839.3333333333333,0.2259087118083488,0,0.0,0,161.3260453154058,1209.5,814.5,149.164338901763,840.5,870.5,173.4877517290486,1025.0,842.5,840.5,870.5,1209.5,814.5,blink,713,1022.25,844.0,268,3.072
3.076,1023.25,840.5,0.2345756656304277,0,0.0,0,160.59438957372714,1206.5,816.0,149.8966310495336,836.5,871.0,171.29214809792072,1021.5,843.5,836.5,871.0,1206.5,816.0,blink,714,1021.5,844.0,269,3.076
3.08,1024.0,840.75,0.2311051978071277,0,0.0,0,158.0388281264785,1208.5,817.0,153.7693077307692,836.0,871.0,162.30834852218786,1022.25,844.0,836.0,871.0,1208.5,817.0,blink,715,1022.25,843.5,269,3.08
3.084,1023.1666666666669,841.8333333333333,0.227147446112068,0,0.0,0,162.6572899385356,1208.5,817.0,156.7322557739791,834.0,876.0,168.58232410309213,1021.25,846.5,834.0,876.0,1208.5,817.0,blink,716,1021.5,844.0,269,3.084
3.088,1023.25,839.4166666666667,0.2348744172156625,0,0.0,0,156.6958661333657,1204.5,815.0,143.09786860746738,840.0,870.0,170.29386365926402,1022.25,842.5,840.0,870.0,1204.5,815.0,blink,717,1021.25,844.0,269,3.088
3.092,1020.3333333333331,841.75,0.2268625960603126,0,0.0,0,162.41570104215066,1205.5,816.5,158.39823231336896,832.0,876.0,166.43316977093238,1018.75,846.25,832.0,876.0,1205.5,816.5,blink,718,1018.75,844.0,270,3.092
3.096,1018.75,841.0833333333334,0.2262748494655593,0,0.0,0,156.69212159620173,1204.0,816.5,141.89080308462562,831.5,871.5,171.49344010777787,1017.75,844.0,831.5,871.5,1204.0,816.5,blink,719,1017.75,843.25,271,3.096
3.1,1017.75,839.0833333333333,0.2411443618598203,0,0.0,0,154.12397759177227,1198.0,817.0,146.99659860010368,835.5,868.5,161.25135658344087,1016.75,842.75,835.5,868.5,1198.0,817.0,blink,720,1016.75,843.25,271,3.1
3.104,1017.5833333333331,840.0833333333334,0.2305012435158875,0,0.0,0,156.6023630762492,1197.0,817.0,147.95945390545344,835.5,869.5,165.24527224704494,1016.25,843.25,835.5,869.5,1197.0,817.0,blink,721,1016.75,843.0,271,3.104
3.108,1017.6666666666669,840.25,0.2337178283156695,0,0.0,0,151.38732640996483,1198.5,815.0,136.34148304899725,835.0,871.0,166.43316977093238,1016.75,843.0,835.0,871.0,1198.5,815.0,blink,722,1016.25,842.75,271,3.108
3.112,1015.5,840.1666666666667,0.2198253479944675,0,0.0,0,155.35139404569117,1196.5,816.0,142.20056258679148,833.0,869.5,168.50222550459088,1014.75,842.75,833.0,869.5,1196.5,816.0,blink,723,1014.75,843.0,271,3.112
3.116,1012.4166666666666,839.5,0.2079052127387379,0,0.0,0,155.23656359385888,1194.0,816.5,141.89080308462562,830.0,868.0,168.58232410309213,1012.0,842.25,830.0,868.0,1194.0,816.5,blink,724,1012.25,843.0,272,3.116
3.12,1011.5833333333331,840.25,0.2046207289726269,0,62.49999999999994,0,154.8562514782746,1194.0,817.0,142.12670403551894,828.5,869.0,167.5857989210303,1011.25,843.0,828.5,869.0,1194.0,817.0,visual intake,725,1012.0,843.0,273,3.12
3.124,1013.8333333333334,840.5833333333333,0.228410260433432,0,364.434493427831,0,157.53988913927842,1195.5,819.0,152.82997088267732,829.0,869.5,162.24980739587951,1012.25,844.25,829.0,869.5,1195.5,819.0,visual intake,726,1011.25,844.25,273,3.124
3.128,1008.1666666666669,841.0,0.2235931304458638,0,312.4999999999997,0,153.610191482627,1191.5,818.5,145.7737973711325,823.5,871.0,161.4465855941215,1007.5,844.75,823.5,871.0,1191.5,818.5,visual intake,727,1010.0,844.25,273,3.128
3.132,1011.6666666666669,841.0833333333333,0.2319914431822198,0,124.99999999999989,0,162.70957074143814,1195.5,820.0,157.17824276915684,824.0,870.5,168.24089871371942,1009.75,845.25,824.0,870.5,1195.5,820.0,visual intake,728,1010.0,844.75,273,3.132
3.136,1010.5833333333331,839.1666666666667,0.23412551105253,0,62.49999999999994,0,154.0623855104137,1198.0,817.0,146.01369798755184,822.0,868.0,162.11107303327557,1010.0,842.5,822.0,868.0,1198.0,817.0,visual intake,729,1009.75,844.75,273,3.136
3.14,1013.6666666666666,841.6666666666666,0.2343105713821136,0,187.49999999999983,0,160.010738922003,1196.5,820.0,152.82997088267732,827.5,871.0,167.19150696132863,1012.0,845.5,827.5,871.0,1196.5,820.0,visual intake,730,1009.75,844.0,273,3.14
3.144,1010.75,839.9166666666667,0.2203351456806782,0,0.0,0,156.91738353598174,1191.5,819.5,151.58495967608397,828.0,867.5,162.24980739587951,1009.75,843.5,828.0,867.5,1191.5,819.5,blink,731,1009.75,844.0,273,3.144
3.148,1006.9166666666666,840.8333333333333,0.2334572681925555,0,499.99999999999955,0,157.52414461591627,1185.5,818.5,144.81022063376605,827.0,869.5,170.23806859806652,1006.25,844.0,827.0,869.5,1185.5,818.5,visual intake,732,1007.75,844.0,273,3.148
3.152,1009.4166666666669,840.5,0.2357337113713027,0,62.49999999999994,0,166.22099746708855,1196.5,819.5,164.20109622045769,819.0,870.5,168.24089871371942,1007.75,845.0,819.0,870.5,1196.5,819.5,visual intake,733,1007.75,843.75,273,3.152
3.156,1005.75,840.3333333333334,0.2383926828566315,0,187.49999999999983,0,160.25846325216827,1194.0,818.0,150.37286989347513,816.0,869.5,170.14405661086138,1005.0,843.75,816.0,869.5,1194.0,818.0,visual intake,734,1007.0,843.75,273,3.156
3.16,1008.75,839.6666666666666,0.2280731864691532,0,0.0,0,165.2935602201015,1197.0,819.0,155.24174696260025,819.5,868.5,175.34537347760278,1008.25,843.75,819.5,868.5,1197.0,819.0,blink,735,1007.0,843.75,273,3.16
3.164,1007.6666666666669,839.6666666666666,0.2365889055067554,0,124.99999999999989,0,152.28570737239951,1193.0,819.0,146.4923206178399,821.0,867.5,158.07909412695912,1007.0,843.25,821.0,867.5,1193.0,819.0,visual intake,736,1007.0,843.25,273,3.164
3.168,1006.5833333333331,838.6666666666666,0.2192721542689092,0,0.0,0,154.1317526917157,1191.0,820.0,146.01369798755184,821.0,864.5,162.24980739587951,1006.0,842.25,821.0,864.5,1191.0,820.0,blink,737,1007.0,843.25,273,3.168
3.172,1007.75,838.4166666666667,0.2332940758330287,0,279.5084971874735,0,157.0817713520068,1194.0,818.0,151.85519418182574,821.0,866.0,162.30834852218786,1007.5,842.0,821.0,866.0,1194.0,818.0,visual intake,738,1006.5,842.25,273,3.172
3.176,1006.75,840.0833333333333,0.2306570664918693,0,139.75424859373675,0,156.8756760582296,1192.0,817.0,145.5609837834301,821.0,870.0,168.1903683330291,1006.5,843.5,821.0,870.0,1192.0,817.0,visual intake,739,1006.0,842.0,273,3.176
3.18,1005.3333333333331,838.8333333333333,0.2047129403211077,0,124.99999999999989,0,153.85292876615063,1187.5,816.5,140.46351839534705,823.5,867.5,167.2423391369542,1005.5,842.0,823.5,867.5,1187.5,816.5,visual intake,740,1005.5,842.0,273,3.18
3.184,1004.75,838.1666666666666,0.2266605941622592,0,124.99999999999989,0,161.69269590022023,1189.5,817.5,156.95222202950808,818.0,866.0,166.43316977093238,1003.75,841.75,818.0,866.0,1189.5,817.5,visual intake,741,1005.5,842.5,273,3.184
3.188,1005.9166666666669,838.8333333333333,0.2525563639032769,0,124.99999999999989,0,155.98981629815643,1191.0,817.5,147.73286702694156,820.0,867.5,164.24676556937126,1005.5,842.5,820.0,867.5,1191.0,817.5,visual intake,742,1005.5,842.0,273,3.188
3.192,1007.5,838.5,0.2484929996912671,0,336.5728004459062,0,152.33234712908677,1190.5,818.5,142.414886862294,824.0,866.5,162.24980739587951,1007.25,842.5,824.0,866.5,1190.5,818.5,visual intake,743,1006.75,842.5,273,3.192
3.196,1007.1666666666669,836.0833333333333,0.2334123672634006,0,0.0,0,152.08221059754476,1190.0,815.5,141.01418368376991,823.5,863.5,163.1502375113196,1006.75,839.5,823.5,863.5,1190.0,815.5,blink,744,1006.75,842.5,273,3.196
3.2,1007.75,839.1666666666667,0.209444665271598,0,187.49999999999983,0,164.2882202384689,1200.5,817.5,160.4306703844374,813.0,868.5,168.14577009250038,1006.75,843.0,813.0,868.5,1200.5,817.5,visual intake,745,1006.75,841.75,273,3.2
3.204,1005.25,837.75,0.236347300614962,0,374.99999999999966,0,160.87770480178455,1192.5,817.5,154.5639026422405,816.5,866.0,167.19150696132863,1004.5,841.75,816.5,866.0,1192.5,817.5,visual intake,746,1006.75,840.25,273,3.204
3.208,1008.5833333333331,836.4166666666667,0.2241847416998889,0,187.49999999999983,0,156.17838343457788,1190.5,816.0,146.11296999240005,826.0,864.5,166.24379687675568,1008.25,840.25,826.0,864.5,1190.5,816.0,visual intake,747,1006.75,841.0,273,3.208
3.212,1007.0833333333334,836.6666666666667,0.2340413333108578,0,187.49999999999983,0,153.7022212469763,1187.5,816.0,144.15616532080756,826.5,864.5,163.24827717314508,1007.0,840.25,826.5,864.5,1187.5,816.0,visual intake,748,1006.75,840.25,273,3.212
3.216,1007.25,837.5833333333333,0.2287635907175128,0,0.0,0,156.23454424809006,1191.5,815.5,146.32156368765337,822.0,866.5,166.14752480852673,1006.75,841.0,822.0,866.5,1191.5,815.5,blink,749,1006.75,840.25,273,3.216
3.22,1006.75,833.6666666666667,0.223309516285292,0,0.0,0,154.91957342002354,1191.5,812.5,146.32156368765337,821.5,862.5,163.51758315239374,1006.5,837.5,821.5,862.5,1191.5,812.5,blink,750,1006.75,840.25,273,3.22
3.224,1005.6666666666669,838.0,0.2332039366040436,0,197.64235376052355,0,152.37274658823776,1191.0,815.5,141.4390328021229,819.5,869.0,163.3064603743526,1005.25,842.25,819.5,869.0,1191.0,815.5,visual intake,751,1006.5,841.0,273,3.224
3.228,1008.0833333333334,836.25,0.2398266821827474,0,225.3469547164991,0,155.2313514259058,1188.0,815.0,141.22322755127783,826.5,865.5,169.23947530053383,1007.25,840.25,826.5,865.5,1188.0,815.0,visual intake,752,1006.0,840.25,273,3.228
3.232,1006.25,837.4166666666667,0.2372225504931722,0,0.0,0,157.94708584224875,1190.0,816.0,141.66156853571826,822.0,867.5,174.23260314877925,1006.0,841.75,822.0,867.5,1190.0,816.0,blink,753,1006.0,840.25,273,3.232
3.236,1004.5833333333334,837.25,0.2180732278859207,0,318.68871959954873,0,157.0980462285828,1186.5,814.0,135.9154148726332,823.0,866.0,178.2806775845324,1004.75,840.0,823.0,866.0,1186.5,814.0,visual intake,754,1007.25,840.0,273,3.236
3.24,1013.9166666666669,835.5833333333334,0.2387752641865109,0,0.0,0,160.81849092090778,1196.5,813.0,152.3975065412817,827.5,866.5,169.23947530053383,1012.0,839.75,827.5,866.5,1196.5,813.0,blink,755,1010.25,839.75,274,3.24
3.244,1011.5833333333331,832.3333333333334,0.2211848664169639,0,0.0,0,152.26665269789473,1193.5,810.0,129.2478239662084,830.5,860.0,175.28548142958104,1012.0,835.0,830.5,860.0,1193.5,810.0,blink,756,1012.0,839.0,275,3.244
3.248,1011.75,834.75,0.2314570668288401,0,0.0,0,157.0313663568599,1193.0,815.5,150.81445554057476,827.5,862.5,163.24827717314508,1010.25,839.0,827.5,862.5,1193.0,815.5,blink,757,1012.0,838.5,275,3.248
3.252,1014.1666666666669,835.6666666666666,0.2281374859207856,0,0.0,0,158.9630171293539,1201.0,814.5,152.7776161615307,825.5,862.5,165.14841809717706,1013.25,838.5,825.5,862.5,1201.0,814.5,blink,758,1012.0,838.5,275,3.252
3.256,1013.5833333333334,834.25,0.2286965048862563,0,0.0,0,156.78932414448718,1195.5,813.0,138.2931668593933,830.5,862.0,175.28548142958104,1013.0,837.5,830.5,862.0,1195.5,813.0,blink,759,1013.0,838.5,275,3.256
3.26,1011.0833333333334,835.0,0.2496391901177401,0,0.0,0,157.73874390864205,1191.5,813.0,140.24621207005913,829.5,865.5,175.231275747225,1010.5,839.25,829.5,865.5,1191.5,813.0,blink,760,1013.0,838.5,275,3.26
3.264,1014.75,832.5,0.2323463394700479,0,0.0,0,157.15736291318206,1194.5,812.0,148.07092894960846,833.0,859.5,166.24379687675568,1013.75,835.75,833.0,859.5,1194.5,812.0,blink,761,1010.75,839.25,276,3.264
3.268,1011.0833333333334,836.6666666666667,0.2382900153513796,0,0.0,0,159.81576898488055,1194.0,814.5,145.34441853748632,826.0,866.0,174.28711943227475,1010.0,840.25,826.0,866.0,1194.0,814.5,blink,762,1010.75,839.5,277,3.268
3.272,1011.25,836.25,0.2443950874789096,0,0.0,0,160.01692250366102,1197.0,814.5,144.9310180741169,824.5,866.0,175.10282693320517,1010.75,840.25,824.5,866.0,1197.0,814.5,blink,763,1011.5,839.5,277,3.272
3.276,1012.1666666666669,835.8333333333334,0.2288418964889885,0,0.0,0,158.23656001435606,1194.5,814.0,149.2816130673835,828.5,865.0,167.19150696132863,1011.5,839.5,828.5,865.0,1194.5,814.0,blink,764,1011.5,839.5,277,3.276
3.28,1013.5833333333331,835.8333333333333,0.2304868171482201,0,0.0,0,158.69224771766233,1196.5,815.5,152.190669884852,826.5,863.0,165.19382555047267,1011.5,839.25,826.5,863.0,1196.5,815.5,blink,765,1011.5,839.25,277,3.28
3.2840000000000003,1013.75,835.25,0.2458540167263637,0,0.0,0,157.17151173801514,1197.0,815.5,139.05754204644924,830.5,863.0,175.28548142958104,1013.75,839.25,830.5,863.0,1197.0,815.5,blink,766,1013.75,839.25,278,3.2840000000000003
3.2880000000000003,1014.6666666666669,833.0,0.235990507686372,0,0.0,0,156.66239439262148,1197.0,812.0,145.13442045221387,831.0,861.0,168.1903683330291,1014.0,836.5,831.0,861.0,1197.0,812.0,blink,767,1013.75,839.25,279,3.2880000000000003
3.2920000000000003,1016.0,833.8333333333333,0.2383523113969662,0,0.0,0,155.6409726303703,1198.0,813.0,145.13442045221387,832.0,861.5,166.14752480852673,1015.0,837.25,832.0,861.5,1198.0,813.0,blink,768,1013.75,839.25,279,3.2920000000000003
3.2960000000000003,1014.6666666666666,836.0,0.243060807936438,0,0.0,0,154.04054005275623,1197.0,812.5,142.97202523570826,830.5,866.0,165.10905486980417,1013.75,839.25,830.5,866.0,1197.0,812.5,blink,769,1013.75,839.25,279,3.2960000000000003
3.3000000000000003,1013.0833333333334,836.3333333333333,0.2481145792320662,0,124.99999999999989,0,166.4736523426818,1194.0,816.5,155.54099138169337,828.5,864.0,177.40631330367023,1011.25,840.25,828.5,864.0,1194.0,816.5,visual intake,770,1013.75,839.75,279,3.3000000000000003
3.3040000000000003,1014.6666666666666,836.5,0.246079032851411,0,395.2847075210471,0,157.19711695943704,1196.5,814.0,144.15616532080756,831.0,865.5,170.23806859806652,1013.75,839.75,831.0,865.5,1196.5,814.0,visual intake,771,1012.25,840.25,279,3.3040000000000003
3.3080000000000003,1013.8333333333331,837.1666666666667,0.2541309107433583,0,62.49999999999994,0,162.31009160085574,1193.5,815.5,148.2767682410161,831.0,865.5,176.34341496069538,1012.25,840.5,831.0,865.5,1193.5,815.5,visual intake,772,1012.25,840.5,279,3.3080000000000003
3.3120000000000003,1012.9166666666669,838.0,0.2440502533849423,0,374.99999999999966,0,160.70916441039572,1197.5,816.5,148.2767682410161,825.5,867.5,173.1415605797753,1011.5,842.0,825.5,867.5,1197.5,816.5,visual intake,773,1012.25,842.0,279,3.3120000000000003
3.3160000000000003,1016.1666666666669,837.9166666666667,0.245571089422606,0,0.0,0,161.5049698054284,1198.5,815.5,150.65855435387664,831.0,868.5,172.35138525698017,1014.75,842.0,831.0,868.5,1198.5,815.5,blink,774,1012.25,842.0,279,3.3160000000000003
3.3200000000000003,1012.8333333333331,838.8333333333333,0.2510271325382404,0,249.99999999999977,0,160.33871624969066,1190.5,818.0,146.53668482670133,833.0,866.5,174.14074767268,1011.75,842.25,833.0,866.5,1190.5,818.0,visual intake,775,1013.25,842.0,279,3.3200000000000003
3.3240000000000003,1015.9166666666669,838.4166666666666,0.244490083916967,0,249.99999999999977,0,163.2396857669798,1191.0,818.0,153.37535656030275,837.5,866.0,173.1040149736568,1014.25,842.0,837.5,866.0,1191.0,818.0,visual intake,776,1014.25,842.0,279,3.3240000000000003
3.3280000000000003,1013.5833333333334,838.3333333333333,0.2460100805291767,0,0.0,0,159.25274418359345,1193.0,817.0,141.22322755127783,833.5,867.0,177.28226081590904,1013.25,842.0,833.5,867.0,1193.0,817.0,blink,777,1014.25,842.0,279,3.3280000000000003
3.332,1016.0,837.6666666666667,0.2309877961755969,0,125.00000000001377,0,154.29516617848924,1198.0,816.0,147.5127113166862,831.5,866.5,161.07762104029226,1014.75,841.25,831.5,866.5,1198.0,816.0,visual intake,778,1014.75,842.0,279,3.332
3.336,1017.9166666666666,838.75,0.2402421075432913,0,124.99999999999989,0,156.8487321302345,1193.5,817.5,140.46351839534705,839.5,867.5,173.23394586512194,1016.5,842.5,839.5,867.5,1193.5,817.5,visual intake,779,1015.25,842.0,279,3.336
3.34,1018.3333333333334,837.25,0.222852273524826,0,124.99999999999989,0,154.41773490237847,1203.0,812.5,136.69308687713507,834.0,866.5,172.14238292762187,1018.5,839.5,834.0,866.5,1203.0,812.5,visual intake,780,1015.25,842.5,279,3.34
3.344,1015.6666666666669,839.0,0.2312644136361585,0,312.4999999999997,0,154.05504901214283,1196.5,817.5,140.03570973148243,834.0,867.5,168.07438829280326,1015.25,842.5,834.0,867.5,1196.5,817.5,visual intake,781,1016.5,842.5,279,3.344
3.348,1013.5833333333334,839.4166666666667,0.2194172737737902,0,336.5728004459062,0,157.65110657464317,1187.5,819.0,146.11296999240005,836.5,867.0,169.1892431568863,1012.0,843.0,836.5,867.0,1187.5,819.0,visual intake,782,1015.25,842.0,279,3.348
3.352,1017.3333333333331,838.6666666666666,0.1994161349685861,0,0.0,0,154.34696059930394,1198.0,817.5,134.34656675925888,836.0,864.5,174.34735443934903,1017.0,841.0,836.0,864.5,1198.0,817.5,blink,783,1013.25,842.5,280,3.352
3.356,1013.9166666666669,839.5,0.2257689722611478,0,0.0,0,156.51932047280826,1189.0,818.5,146.8911161370898,836.0,865.5,166.14752480852673,1012.5,842.0,836.0,865.5,1189.0,818.5,blink,784,1013.25,842.0,281,3.356
3.36,1013.9166666666669,839.8333333333333,0.2223090565851758,0,0.0,0,161.04632805006503,1195.5,819.5,145.91093173576817,831.0,866.0,176.1817243643619,1013.25,842.75,831.0,866.0,1195.5,819.5,blink,785,1013.25,842.0,281,3.36
3.364,1015.8333333333331,838.8333333333333,0.2257673136157798,0,0.0,0,154.02326139624842,1193.0,816.5,136.69308687713507,837.5,867.5,171.3534359153618,1015.25,842.0,837.5,867.5,1193.0,816.5,blink,786,1012.5,842.75,281,3.364
3.368,1006.75,841.9166666666666,0.2290521063786495,0,0.0,0,153.5447339086007,1184.0,821.5,141.01418368376991,827.0,867.5,166.0752841334315,1005.5,844.5,827.0,867.5,1184.0,821.5,blink,787,1010.5,844.5,282,3.368
3.372,1011.5,841.6666666666667,0.2275651554417436,0,257.69410160110357,0,152.5129338290692,1185.5,823.0,139.83204210766573,835.5,868.0,165.19382555047267,1010.5,845.5,835.5,868.0,1185.5,823.0,visual intake,788,1009.5,844.75,283,3.372
3.376,1010.5,842.5833333333334,0.2151637181596181,0,0.0,0,154.43115785119247,1187.5,823.0,143.75326083258076,831.5,868.0,165.10905486980417,1009.5,845.5,831.5,868.0,1187.5,823.0,blink,789,1009.5,844.75,283,3.376
3.38,1008.3333333333334,841.1666666666666,0.2263294738451567,0,187.49999999999983,0,152.8880015761681,1183.0,821.5,142.57980221616245,831.5,868.0,163.19620093617377,1007.25,844.75,831.5,868.0,1183.0,821.5,visual intake,790,1009.5,845.5,283,3.38
3.384,1010.25,841.0,0.2181111257294912,0,475.9858191164939,0,153.251769742954,1186.0,822.0,142.3938200906205,833.0,865.0,164.1097193952875,1009.5,843.5,833.0,865.0,1186.0,822.0,visual intake,791,1007.75,844.75,283,3.384
3.388,1008.4166666666666,842.8333333333333,0.2396783953638372,0,124.99999999999989,0,154.13738889193684,1189.0,821.5,142.97202523570826,826.5,871.0,165.3027525481654,1007.75,846.25,826.5,871.0,1189.0,821.5,visual intake,792,1007.25,844.75,283,3.388
3.392,1007.0,839.3333333333334,0.2219772039205558,0,62.49999999999994,0,151.12528489718483,1181.0,819.5,137.10215169719257,830.5,865.5,165.14841809717706,1005.75,842.5,830.5,865.5,1181.0,819.5,visual intake,793,1007.0,844.75,283,3.392
3.396,1008.1666666666666,841.3333333333333,0.2245976998203436,0,0.0,0,148.40277367706926,1183.0,822.5,136.69308687713507,831.0,869.0,160.11246047700348,1007.0,845.75,831.0,869.0,1183.0,822.5,blink,794,1007.0,844.75,283,3.396
3.4,1004.3333333333331,841.8333333333333,0.2194246653051001,0,312.4999999999997,0,158.41696541347977,1186.0,820.5,138.6542462386205,823.0,869.0,178.1796845883391,1004.5,844.75,823.0,869.0,1186.0,820.5,visual intake,795,1005.75,844.75,283,3.4
3.404,1010.8333333333334,838.0833333333333,0.2316483510957673,0,0.0,0,150.38703379295646,1188.0,817.5,130.41855696180662,835.0,864.5,170.35551062410633,1011.5,841.0,835.0,864.5,1188.0,817.5,blink,796,1005.75,844.75,283,3.404
3.408,1003.5833333333331,843.6666666666666,0.2361320363930099,0,312.4999999999997,0,158.6922880341877,1186.5,822.0,140.24621207005913,819.5,872.5,177.1383639983163,1003.0,847.25,819.5,872.5,1186.5,822.0,visual intake,797,1004.5,844.75,283,3.408
3.412,1004.4166666666669,840.25,0.2051528492859421,0,312.4999999999997,0,151.8537702672229,1184.0,817.0,126.30122723077557,827.5,866.0,177.40631330367023,1005.75,841.5,827.5,866.0,1184.0,817.0,visual intake,798,1005.5,844.0,283,3.412
3.416,1004.9166666666666,842.0833333333333,0.2164391263911833,0,0.0,0,156.33056470693165,1183.0,822.0,147.5127113166862,824.5,869.5,165.14841809717706,1003.75,845.75,824.5,869.5,1183.0,822.0,blink,799,1003.75,845.75,284,3.416
3.42,1005.8333333333331,840.9166666666667,0.2186683850824838,0,0.0,0,153.6191149094454,1183.5,820.5,141.9929575718458,827.5,867.5,165.24527224704494,1005.5,844.0,827.5,867.5,1183.5,820.5,blink,800,1003.75,844.0,285,3.42
3.424,1002.3333333333334,842.9166666666666,0.2327125907657426,0,0.0,0,156.63482779830218,1183.5,820.5,140.03570973148243,820.5,871.5,173.23394586512194,1002.0,846.0,820.5,871.5,1183.5,820.5,blink,801,1002.5,844.75,285,3.424
3.428,1003.0,838.75,0.2186320850586888,0,0.0,0,152.37850092115315,1181.5,817.0,135.51752654177244,823.5,866.5,169.23947530053383,1002.5,841.75,823.5,866.5,1181.5,817.0,blink,802,1002.5,844.0,285,3.428
3.432,998.9166666666666,841.6666666666667,0.2325084929834241,0,0.0,0,152.67928211101486,1177.5,819.5,134.17153200288055,819.5,870.0,171.18703221914913,998.5,844.75,819.5,870.0,1177.5,819.5,blink,803,1002.0,844.75,285,3.432
3.436,1003.6666666666669,839.5,0.2232844161093316,0,0.0,0,153.55542974692807,1182.5,816.0,129.634100452003,826.5,866.5,177.47675904185314,1004.5,841.25,826.5,866.5,1182.5,816.0,blink,804,1002.5,841.75,286,3.436
3.44,999.4166666666666,842.4166666666667,0.2238216303250336,0,0.0,0,154.57468036887758,1181.5,820.0,135.9154148726332,817.5,871.5,173.23394586512194,999.5,845.75,817.5,871.5,1181.5,820.0,blink,805,999.5,844.25,286,3.44
3.444,1002.9166666666669,837.3333333333333,0.2101415615805512,0,0.0,0,150.25785776175505,1180.5,816.0,128.09761902549164,827.0,863.0,172.41809649801846,1003.75,839.5,827.0,863.0,1180.5,816.0,blink,806,1001.25,842.0,286,3.444
3.448,999.5833333333334,840.9166666666666,0.2252729268589303,0,0.0,0,153.3132620569766,1178.5,819.0,134.39121995130486,820.0,869.5,172.23530416264836,999.25,844.25,820.0,869.5,1178.5,819.0,blink,807,1000.0,843.75,286,3.448
3.452,1000.9166666666669,839.6666666666667,0.2195464320963994,0,0.0,0,149.24956112690256,1180.0,817.0,129.07362240210043,822.5,867.0,169.42549985170473,1001.25,842.0,822.5,867.0,1180.0,817.0,blink,808,1001.25,843.25,287,3.452
3.456,1001.0,840.4166666666666,0.2434941932404202,0,0.0,0,152.52934844101338,1178.0,819.0,140.81193131265547,822.0,868.5,164.24676556937126,1000.0,843.75,822.0,868.5,1178.0,819.0,blink,809,1000.0,843.75,287,3.456
3.46,1003.5,840.8333333333333,0.2271455742676638,0,0.0,0,152.82730776832045,1179.5,819.5,133.3641631023867,827.0,867.0,172.29045243425418,1003.25,843.25,827.0,867.0,1179.5,819.5,blink,810,1000.0,843.75,287,3.46
3.464,1000.75,842.9166666666666,0.2330540073586539,0,0.0,0,157.3988083936395,1181.0,820.0,143.61058456812992,818.5,873.0,171.18703221914913,999.75,846.5,818.5,873.0,1181.0,820.0,blink,811,999.75,844.0,287,3.464
3.468,997.75,840.9166666666667,0.2363738030274411,0,0.0,0,153.36048831718108,1179.0,820.0,143.61058456812992,815.5,868.0,163.11039206623224,997.25,844.0,815.5,868.0,1179.0,820.0,blink,812,997.25,844.0,288,3.468
3.472,995.1666666666669,843.3333333333333,0.2338686868864661,0,0.0,0,156.75106300860438,1178.0,819.0,139.26952286842948,813.0,874.5,174.23260314877925,995.5,846.75,813.0,874.5,1178.0,819.0,blink,813,997.0,844.5,289,3.472
3.476,996.5,838.9166666666667,0.2171871951187731,0,0.0,0,154.097612620468,1175.5,818.0,132.90974381135493,818.5,866.0,175.28548142958104,997.0,842.0,818.5,866.0,1175.5,818.0,blink,814,997.0,844.0,289,3.476
3.48,998.0,840.25,0.2405436489580326,0,0.0,0,154.4129341259227,1177.5,819.0,145.71547618561317,815.5,870.0,163.11039206623224,996.5,844.5,815.5,870.0,1177.5,819.0,blink,815,997.0,842.5,289,3.48
3.484,998.0,837.5,0.2161714847449031,0,0.0,0,150.72348862954442,1175.5,816.0,128.09761902549164,821.5,864.5,173.34935823359717,998.5,840.25,821.5,864.5,1175.5,816.0,blink,816,997.0,842.5,289,3.484
3.488,1000.25,838.8333333333333,0.2307578480472708,0,0.0,0,154.95653381686031,1178.5,817.5,150.65855435387664,818.5,867.5,159.25451327984396,998.5,842.5,818.5,867.5,1178.5,817.5,blink,817,996.5,844.5,290,3.488
3.492,996.8333333333334,842.0833333333334,0.2484479275406199,0,279.5084971874735,0,153.6971940686321,1178.5,818.0,142.20056258679148,813.5,873.0,165.19382555047267,996.0,845.5,813.5,873.0,1178.5,818.0,visual intake,818,996.0,845.5,291,3.492
3.496,991.4166666666669,842.6666666666666,0.2183757610838093,0,437.4999999999996,0,152.3668115075644,1168.0,821.5,139.48835076808385,813.5,869.5,165.24527224704494,990.75,845.5,813.5,869.5,1168.0,821.5,visual intake,819,994.25,845.5,291,3.496
3.5,994.9166666666669,843.1666666666667,0.2159791910510594,0,62.49999999999994,0,154.10284532254929,1174.0,822.5,141.01418368376991,814.5,871.0,167.19150696132863,994.25,846.75,814.5,871.0,1174.0,822.5,visual intake,820,994.0,845.5,291,3.5
3.504,994.5,842.1666666666666,0.2244263004724578,0,312.4999999999997,0,151.69822479068938,1171.5,821.0,140.24621207005913,816.5,869.5,163.1502375113196,994.0,845.25,816.5,869.5,1171.5,821.0,visual intake,821,992.75,845.5,291,3.504
3.508,993.6666666666669,841.5,0.2222343622099587,0,312.4999999999997,0,153.41771108567372,1172.5,820.0,144.5856147754679,813.0,870.5,162.24980739587951,992.75,845.25,813.0,870.5,1172.5,820.0,visual intake,822,992.75,846.75,291,3.508
3.512,991.5833333333331,844.3333333333334,0.2345009489381617,0,455.00686808003195,0,151.79903508168567,1172.0,822.5,139.48835076808385,810.0,872.0,164.1097193952875,991.0,847.25,810.0,872.0,1172.0,822.5,visual intake,823,991.0,847.25,291,3.512
3.516,987.5833333333331,844.9166666666667,0.2301418467629908,0,0.0,0,153.01747153085685,1168.5,824.0,136.79546776117988,806.5,872.5,169.23947530053383,987.5,848.25,806.5,872.5,1168.5,824.0,blink,824,987.5,847.25,292,3.516
3.52,987.0833333333331,844.5,0.2300937759571686,0,0.0,0,147.81932063201924,1167.5,824.0,132.4424403278647,807.5,873.0,163.19620093617377,987.5,848.5,807.5,873.0,1167.5,824.0,blink,825,987.5,848.25,293,3.52
3.524,986.0,843.8333333333333,0.2301223380748914,0,0.0,0,152.99954093273146,1165.0,823.0,138.85243966167826,806.5,870.5,167.14664220378464,985.75,846.75,806.5,870.5,1165.0,823.0,blink,826,986.75,848.25,293,3.524
3.528,986.1666666666669,846.0833333333333,0.2110099800756289,0,0.0,0,146.97668989149398,1163.5,824.5,133.75350462698165,808.0,874.0,160.1998751560063,985.75,849.25,808.0,874.0,1163.5,824.5,blink,827,985.75,847.75,293,3.528
3.532,987.0833333333334,844.3333333333334,0.2246656908164214,0,0.0,0,152.0350498493369,1168.5,822.5,141.9929575718458,805.0,872.5,162.077142126828,986.75,847.5,805.0,872.5,1168.5,822.5,blink,828,985.75,847.75,293,3.532
3.536,984.0,844.6666666666666,0.2211791196459772,0,0.0,0,145.9045862194423,1163.0,823.5,136.69308687713507,803.5,872.0,155.11608556174951,983.25,847.75,803.5,872.0,1163.0,823.5,blink,829,985.75,848.75,293,3.536
3.54,982.5,845.5,0.2177725653911537,0,0.0,0,151.35261434674737,1164.0,825.5,143.39107364128355,801.5,872.0,159.31415505221122,982.75,848.75,801.5,872.0,1164.0,825.5,blink,830,983.25,848.75,294,3.54
3.544,985.3333333333334,846.25,0.2224049995195101,0,0.0,0,149.5090206835844,1169.0,825.5,132.7742444904131,803.0,872.5,166.24379687675568,986.0,849.0,803.0,872.5,1169.0,825.5,blink,831,982.75,849.0,295,3.544
3.548,979.6666666666669,846.0,0.2206535654880977,0,0.0,0,150.97155757047062,1162.5,826.0,139.83204210766573,797.0,873.0,162.11107303327557,979.75,849.5,797.0,873.0,1162.5,826.0,blink,832,979.75,849.5,296,3.548
3.552,978.3333333333331,847.5,0.2296171209450045,0,0.0,0,145.37760220601672,1159.5,827.5,137.6735268670052,795.5,873.5,153.08167754502824,977.5,850.5,795.5,873.5,1159.5,827.5,blink,833,978.0,849.5,297,3.552
3.556,978.5,847.5833333333334,0.2209645723798291,0,0.0,0,146.17992576210145,1159.0,826.5,138.27870407260838,797.0,872.5,154.0811474515945,978.0,849.5,797.0,872.5,1159.0,826.5,blink,834,978.0,849.5,297,3.556
3.56,976.3333333333331,846.0833333333333,0.2209031793981221,0,0.0,0,149.11636946743602,1160.5,825.5,138.07968713753664,793.0,872.5,160.15305179733542,976.75,849.0,793.0,872.5,1160.5,825.5,blink,835,977.5,849.5,297,3.56
3.564,978.5,846.4166666666667,0.2087991141656889,0,0.0,0,148.5267879033194,1161.5,825.5,137.6735268670052,795.5,872.5,159.38004893963358,978.5,849.0,795.5,872.5,1161.5,825.5,blink,836,976.75,849.5,297,3.564
3.568,973.25,849.5833333333334,0.2104204767986874,0,0.0,0,152.3939570895127,1157.5,826.5,142.414886862294,789.0,879.5,162.3730273167314,973.25,853.0,789.0,879.5,1157.5,826.5,blink,837,974.0,850.75,298,3.568
3.572,974.8333333333331,847.75,0.2197229508459895,0,197.64235376052355,0,148.88845525540523,1157.0,827.0,141.66156853571826,791.0,875.0,156.11534197509224,974.0,851.0,791.0,875.0,1157.0,827.0,visual intake,838,973.25,851.0,299,3.572
3.576,971.5833333333331,847.5,0.2079296421972805,0,124.99999999999989,0,152.2859673715831,1156.5,826.0,145.04137340772803,785.5,875.5,159.53056133543816,971.0,850.75,785.5,875.5,1156.5,826.0,visual intake,839,973.25,851.5,299,3.576
3.58,973.4166666666669,848.9166666666667,0.2074655210127479,0,0.0,0,150.4952368876851,1154.5,828.0,136.79546776117988,792.0,875.0,164.19500601419034,973.25,851.5,792.0,875.0,1154.5,828.0,blink,840,973.25,851.5,299,3.58
3.584,975.4166666666669,849.8333333333333,0.2186792799005125,0,124.99999999999989,0,152.16680980875503,1158.0,833.0,141.22322755127783,793.5,874.0,163.11039206623224,975.75,853.5,793.5,874.0,1158.0,833.0,visual intake,841,973.25,852.0,299,3.584
3.588,973.25,850.25,0.2207872058680897,0,0.0,0,150.4982610247714,1154.5,830.5,140.91841611372163,792.0,877.5,160.0781059358212,973.25,854.0,792.0,877.5,1154.5,830.5,blink,842,973.25,852.0,299,3.588
3.592,970.0,848.6666666666667,0.2032478111440148,0,312.4999999999997,0,149.87525397989106,1152.5,830.0,142.63590010933433,786.5,874.0,157.1146078504478,969.5,852.0,786.5,874.0,1152.5,830.0,visual intake,843,972.0,852.0,299,3.592
3.596,970.6666666666666,848.0,0.224211543199757,0,249.99999999999977,0,148.746792557048,1150.5,828.0,136.34148304899725,790.5,873.5,161.15210206509877,970.5,850.75,790.5,873.5,1150.5,828.0,visual intake,844,972.0,851.0,299,3.596
3.6,972.1666666666666,847.0,0.2247849667368673,0,380.1726581436384,0,153.024503222124,1157.0,824.5,147.73286702694156,787.0,876.0,158.3161394173064,972.0,850.25,787.0,876.0,1157.0,824.5,visual intake,845,970.5,850.75,299,3.6
3.604,972.5833333333334,848.1666666666666,0.2138359614958951,0,0.0,0,152.55826325049122,1157.0,827.0,140.81193131265547,789.0,875.0,164.30459518832697,973.0,851.0,789.0,875.0,1157.0,827.0,blink,846,970.5,850.75,299,3.604
3.608,969.0,847.25,0.2138230372458356,0,380.1726581436384,0,151.07642619710475,1152.0,825.5,143.83671297690307,786.0,875.0,158.3161394173064,969.0,850.25,786.0,875.0,1152.0,825.5,visual intake,847,972.0,851.0,299,3.608
3.612,970.25,848.5833333333333,0.217929205470817,0,257.69410160110357,0,150.5725267739119,1151.0,828.5,139.94641831786907,789.5,874.0,161.19863522995473,970.25,851.25,789.5,874.0,1151.0,828.5,visual intake,848,973.0,851.25,299,3.612
3.616,973.0833333333334,849.4166666666667,0.2271641142116404,0,0.0,0,151.869814117065,1157.5,830.0,144.5856147754679,789.5,875.5,159.15401345866212,973.5,852.75,789.5,875.5,1157.5,830.0,blink,849,970.25,851.25,300,3.616
3.62,974.3333333333331,850.8333333333333,0.2175484836612062,0,249.99999999999977,0,155.15084182726727,1159.0,829.0,149.05032707109368,789.5,879.5,161.25135658344087,974.25,854.25,789.5,879.5,1159.0,829.0,visual intake,850,970.25,852.25,301,3.62
3.624,970.4166666666669,847.5,0.2091121908140976,0,124.99999999999989,0,147.98669664492442,1150.0,826.0,139.71399357258383,789.0,874.5,156.259399717265,969.5,850.25,789.0,874.5,1150.0,826.0,visual intake,851,970.25,852.75,301,3.624
3.628,969.75,848.8333333333333,0.2229321753054928,0,139.75424859373675,0,149.9834593314461,1153.0,830.0,139.71399357258383,787.0,874.5,160.25292509030842,970.0,852.25,787.0,874.5,1153.0,830.0,visual intake,852,970.0,852.25,301,3.628
3.632,969.5833333333334,850.5,0.22123352076956,0,437.4999999999996,0,152.5208487531807,1155.5,828.0,138.74076545846214,785.0,879.0,166.30093204789924,970.25,853.5,785.0,879.0,1155.5,828.0,visual intake,853,970.0,850.5,301,3.632
3.636,969.5833333333334,846.5,0.2150717646631422,0,437.4999999999996,0,149.56393483007054,1148.5,827.5,138.97481786280562,791.0,872.5,160.15305179733542,969.75,850.0,791.0,872.5,1148.5,827.5,visual intake,854,970.0,852.25,301,3.636
3.64,971.1666666666669,847.0,0.2063962748620069,0,441.94173824159185,0,150.11202630896832,1155.0,824.5,143.83671297690307,786.0,876.5,156.3873396410336,970.5,850.5,786.0,876.5,1155.0,824.5,visual intake,855,970.25,850.5,301,3.64
3.644,969.8333333333331,849.0833333333334,0.2077110949671748,0,62.49999999999994,0,153.10778771501256,1153.0,826.0,147.95945390545344,786.0,879.5,158.25612152457168,969.5,852.75,786.0,879.5,1153.0,826.0,visual intake,856,970.5,850.5,301,3.644
3.648,973.5,846.3333333333333,0.2228911227311006,0,0.0,0,151.29938833629984,1154.5,824.5,141.40014144264495,792.5,874.0,161.19863522995473,973.5,849.25,792.5,874.0,1154.5,824.5,blink,857,973.5,850.5,302,3.648
3.652,977.4166666666666,848.1666666666667,0.2460067318854417,0,265.1650429449551,0,154.07065408261502,1158.0,824.5,143.83671297690307,796.0,878.0,164.30459518832697,977.0,851.25,796.0,878.0,1158.0,824.5,visual intake,858,974.25,851.25,303,3.652
3.656,975.3333333333334,846.6666666666667,0.2106687593756111,0,249.99999999999977,0,155.92298916687702,1160.5,823.0,149.40214188558343,790.0,875.0,162.4438364481706,975.25,849.0,790.0,875.0,1160.5,823.0,visual intake,859,975.25,851.25,303,3.656
3.66,974.3333333333331,848.9166666666666,0.229860545121618,0,437.4999999999996,0,153.3086968928114,1156.5,825.5,144.3675863897433,792.0,879.5,162.24980739587951,974.25,852.5,792.0,879.5,1156.5,825.5,visual intake,860,977.0,851.25,303,3.66
3.664,977.9166666666669,849.5,0.2347472883453102,0,249.99999999999977,0,152.3387933862954,1160.0,826.5,142.36923825040296,796.0,879.0,162.30834852218786,978.0,852.75,796.0,879.0,1160.0,826.5,visual intake,861,978.0,851.25,303,3.664
3.668,979.1666666666669,848.6666666666667,0.2218663373153365,0,312.4999999999997,0,151.7781676429778,1161.0,825.0,140.18559127100045,797.5,877.5,163.37074401495514,979.25,851.25,797.5,877.5,1161.0,825.0,visual intake,862,978.0,852.5,303,3.668
3.672,979.0833333333331,847.6666666666667,0.2186107420357625,0,364.434493427831,0,149.01302431327045,1157.0,823.5,138.49548729110273,800.5,878.5,159.53056133543816,978.75,851.0,800.5,878.5,1157.0,823.5,visual intake,863,978.75,851.25,303,3.672
3.676,977.4166666666669,849.8333333333334,0.2139242511015151,0,0.0,0,153.91475598501964,1155.0,826.5,143.39107364128355,799.0,879.0,164.43843832875572,977.0,852.75,799.0,879.0,1155.0,826.5,blink,864,978.75,851.25,303,3.676
3.68,978.5,847.9166666666666,0.212095391447892,0,374.99999999999966,0,152.44889692991762,1159.0,823.0,141.20906486483082,798.5,878.5,163.68872899500442,978.75,850.75,798.5,878.5,1159.0,823.0,visual intake,865,978.75,852.75,303,3.68
3.684,977.8333333333334,850.5833333333333,0.2227376671198375,0,0.0,0,154.89604706174686,1159.5,824.5,133.15404612703287,798.0,881.5,176.63804799646084,978.75,853.0,798.0,881.5,1159.5,824.5,blink,866,978.75,852.75,303,3.684
3.688,976.9166666666666,852.0,0.2069873885486468,0,374.99999999999966,0,153.28030839191797,1156.5,828.5,138.97481786280562,797.5,880.0,167.5857989210303,977.0,854.25,797.5,880.0,1156.5,828.5,visual intake,867,978.75,851.25,303,3.688
3.692,983.5,848.0833333333333,0.2081532239221681,0,437.4999999999996,0,156.5131367733794,1161.0,825.5,153.57408635573907,803.5,877.0,159.45218719101973,982.25,851.25,803.5,877.0,1161.0,825.5,visual intake,868,978.75,853.0,303,3.692
3.696,982.0,849.1666666666667,0.2223888631371474,0,197.64235376052355,0,148.90641287737958,1161.0,824.0,131.93938001976514,802.5,878.5,165.873445734994,981.75,851.25,802.5,878.5,1161.0,824.0,visual intake,869,979.0,853.75,303,3.696
3.7,977.3333333333331,851.4166666666667,0.2276601495531398,0,0.0,0,152.92037279213304,1154.5,826.0,136.34148304899725,799.5,881.5,169.49926253526883,977.0,853.75,799.5,881.5,1154.5,826.0,blink,870,981.75,851.25,304,3.7
3.704,978.6666666666666,851.75,0.2154778638073538,0,0.0,0,153.6053453834942,1159.0,826.0,134.3726162579266,799.0,881.5,172.8380745090618,979.0,853.75,799.0,881.5,1159.0,826.0,blink,871,979.0,853.75,304,3.704
3.708,987.5,848.25,0.2348309930023176,0,0.0,0,147.60322992145765,1164.0,824.5,135.5912976558599,809.5,876.0,159.6151621870554,986.75,850.25,809.5,876.0,1164.0,824.5,blink,872,979.0,853.75,305,3.708
3.712,979.0,851.0833333333333,0.200699291109199,0,0.0,0,155.62785298098038,1157.0,828.5,146.74126890551273,799.0,879.5,164.51443705644803,978.0,854.0,799.0,879.5,1157.0,828.5,blink,873,979.0,853.75,305,3.712
3.716,979.0833333333334,851.5,0.2135489580660901,0,0.0,0,148.25133461135715,1157.5,825.5,130.728726758888,800.5,882.0,165.77394246382633,979.0,853.75,800.5,882.0,1157.5,825.5,blink,874,982.0,854.0,306,3.716
3.72,981.3333333333331,852.25,0.2102845213098438,0,0.0,0,149.48076704197234,1161.0,825.0,130.0,803.0,883.0,168.96153408394468,982.0,854.0,803.0,883.0,1161.0,825.0,blink,875,982.0,854.0,307,3.72
3.724,984.0833333333331,854.4166666666667,0.2145579466407074,0,0.0,0,155.38056290094275,1167.0,829.5,134.12307780542466,802.0,884.5,176.63804799646084,984.5,857.0,802.0,884.5,1167.0,829.5,blink,876,984.5,855.5,308,3.724
3.728,985.1666666666669,853.3333333333334,0.2282225471180718,0,0.0,0,146.69298280694332,1161.0,830.0,131.93938001976514,808.5,881.0,161.4465855941215,984.75,855.5,808.5,881.0,1161.0,830.0,blink,877,984.5,855.5,309,3.728
3.732,985.25,853.5833333333333,0.2381556451316842,0,0.0,0,145.90750299050745,1163.0,828.5,129.29423807734048,807.0,882.5,162.5207679036744,985.0,855.5,807.0,882.5,1163.0,828.5,blink,878,984.5,856.0,309,3.732
3.736,983.9166666666666,853.5,0.2517062352141661,0,0.0,0,148.0950561680474,1161.5,829.5,132.67252918370102,804.5,882.5,163.51758315239374,983.0,856.0,804.5,882.5,1161.5,829.5,blink,879,983.0,856.0,309,3.736
3.74,979.5833333333334,854.5833333333334,0.2221652523712256,0,0.0,0,152.83796129117178,1160.0,830.5,138.00362314084367,798.5,883.5,167.6722994414999,979.25,857.0,798.5,883.5,1160.0,830.5,blink,880,979.25,857.0,310,3.74
3.744,976.3333333333334,857.3333333333334,0.2268963885825156,0,0.0,0,155.21746163525916,1159.0,832.5,139.01438774457844,794.5,887.0,171.42053552593984,976.75,859.75,794.5,887.0,1159.0,832.5,blink,881,977.25,859.75,310,3.744
3.748,976.4166666666669,858.1666666666666,0.2144478376018895,0,0.0,0,153.49248760422552,1158.0,835.0,140.6840431605518,794.0,887.0,166.30093204789924,976.0,861.0,794.0,887.0,1158.0,835.0,blink,882,977.25,860.0,311,3.748
3.752,978.25,857.4166666666667,0.2115556937178332,0,0.0,0,155.15232652810312,1157.0,835.5,142.8740704256724,797.5,886.0,167.4305826305338,977.25,860.75,797.5,886.0,1157.0,835.5,blink,883,977.25,860.75,311,3.752
3.756,983.0833333333331,857.0833333333334,0.2295658253338166,0,0.0,0,149.31875743093633,1158.0,835.5,134.12307780542466,806.0,884.5,164.51443705644803,982.0,860.0,806.0,884.5,1158.0,835.5,blink,884,977.5,861.0,311,3.756
3.76,980.4166666666666,858.8333333333333,0.2199446521316503,0,0.0,0,151.03353490161817,1159.5,834.5,139.46325680981354,801.0,889.0,162.60381299342276,980.25,861.75,801.0,889.0,1159.5,834.5,blink,885,980.25,860.75,312,3.76
3.764,977.8333333333331,858.25,0.2210408670992545,0,0.0,0,151.30126386452628,1158.5,834.0,141.15594213493105,796.5,889.0,161.4465855941215,977.5,861.5,796.5,889.0,1158.5,834.0,blink,886,982.0,860.5,313,3.764
3.768,984.0,857.5833333333333,0.2187445396622285,0,0.0,0,151.5089684048139,1162.5,834.0,132.4424403278647,805.0,885.0,170.57549648176317,983.75,859.5,805.0,885.0,1162.5,834.0,blink,887,980.75,861.5,313,3.768
3.772,985.9166666666669,857.5,0.2284077906996843,0,0.0,0,147.24593793637365,1161.0,835.0,133.88054376943649,808.0,886.0,160.61133210331082,984.5,860.5,808.0,886.0,1161.0,835.0,blink,888,983.75,860.5,314,3.772
3.776,981.9166666666669,858.5,0.2107689945087798,0,0.0,0,149.84637143220257,1157.0,838.0,138.24615727028365,804.5,885.0,161.4465855941215,980.75,861.5,804.5,885.0,1157.0,838.0,blink,889,984.5,860.5,315,3.776
3.78,988.5,855.9166666666667,0.2347769876529509,0,0.0,0,150.27806337767663,1166.0,833.0,137.7679207943562,810.0,884.0,162.78820596099706,988.0,858.5,810.0,884.0,1166.0,833.0,blink,890,985.25,860.5,315,3.78
3.784,985.9166666666666,858.3333333333333,0.2199446280184694,0,0.0,0,151.79824869183426,1162.0,836.5,138.00362314084367,808.5,887.0,165.59287424282482,985.25,861.75,808.5,887.0,1162.0,836.5,blink,891,985.25,860.0,315,3.784
3.788,989.3333333333334,857.5,0.233519451818477,0,0.0,0,149.73848982665362,1169.0,833.5,139.94641831786907,809.5,886.5,159.53056133543816,989.25,860.0,809.5,886.5,1169.0,833.5,blink,892,988.0,860.0,316,3.788
3.792,985.5,857.4166666666666,0.2129937784203971,0,0.0,0,147.44629661535026,1160.0,837.5,133.19534526401438,808.5,882.5,161.69724796668618,984.25,860.0,808.5,882.5,1160.0,837.5,blink,893,985.25,860.0,316,3.792
3.796,989.5833333333334,857.0,0.2327041156042309,0,0.0,0,149.30581036589712,1170.0,833.0,135.82341477079717,808.0,884.0,162.78820596099706,989.0,858.5,808.0,884.0,1170.0,833.0,blink,894,984.25,860.0,317,3.796
3.8,985.0833333333331,857.25,0.2153752601920682,0,0.0,0,150.68262005984312,1162.0,836.5,135.5912976558599,805.5,882.0,165.77394246382633,983.75,859.25,805.5,882.0,1162.0,836.5,blink,895,984.25,860.0,317,3.8
3.804,981.6666666666669,859.1666666666666,0.2296335868118263,0,0.0,0,155.63154683038056,1160.5,837.0,140.68759717899798,800.0,887.0,170.57549648176317,980.25,862.0,800.0,887.0,1160.5,837.0,blink,896,989.0,859.25,318,3.804
3.808,990.5,857.9166666666667,0.2372939793841534,0,0.0,0,146.47064772537652,1167.0,833.5,131.24404748406687,813.5,886.5,161.69724796668618,990.25,860.0,813.5,886.5,1167.0,833.5,blink,897,989.25,859.25,319,3.808
3.812,989.1666666666666,857.1666666666667,0.2196116006113125,0,0.0,0,149.4262143944051,1163.0,834.0,133.41664064126334,815.5,883.0,165.43578814754684,989.25,858.5,815.5,883.0,1163.0,834.0,blink,898,989.25,858.5,319,3.812
3.816,992.6666666666666,855.9166666666667,0.2238184629229191,0,0.0,0,149.00936897502845,1169.0,831.0,137.31715115017496,814.0,884.5,160.70158679988197,991.5,857.75,814.0,884.5,1169.0,831.0,blink,899,990.25,857.75,319,3.816
3.82,989.6666666666666,855.3333333333333,0.2303053068003882,0,0.0,0,156.3210420962788,1164.0,830.5,141.89080308462562,813.0,884.0,170.75128110793196,988.5,857.25,813.0,884.0,1164.0,830.5,blink,900,989.25,857.75,319,3.82
3.824,992.9166666666666,854.8333333333334,0.2298831646465035,0,0.0,0,150.02200852913697,1170.0,830.0,141.66156853571826,812.0,883.5,158.38244852255568,991.0,856.75,812.0,883.5,1170.0,830.0,blink,901,991.0,857.75,319,3.824
3.828,987.9166666666666,858.5833333333333,0.2347543972088376,0,0.0,0,154.3475113600671,1167.0,836.0,139.26952286842948,807.5,886.0,169.42549985170473,987.25,861.0,807.5,886.0,1167.0,836.0,blink,902,988.75,859.5,320,3.828
3.832,991.4166666666669,858.4166666666667,0.2155286634675565,0,62.49999999999994,0,155.3556316787059,1171.5,836.0,138.2931668593933,811.0,885.0,172.41809649801846,991.25,860.5,811.0,885.0,1171.5,836.0,visual intake,903,988.75,859.75,321,3.832
3.836,988.8333333333334,857.75,0.2120311889124863,0,419.26274578121024,0,156.499246808081,1169.5,834.5,138.5135372445596,808.0,884.5,174.4849563716024,988.75,859.5,808.0,884.5,1169.5,834.5,visual intake,904,987.25,860.5,321,3.836
3.84,987.6666666666669,857.8333333333333,0.2307836840030968,0,187.49999999999983,0,152.80758344087434,1166.5,834.5,137.03284277865654,808.0,885.0,168.58232410309213,987.25,859.75,808.0,885.0,1166.5,834.5,visual intake,905,987.25,859.75,321,3.84
3.844,985.0,859.0,0.2326540401400588,0,0.0,0,152.39583496192324,1163.0,836.0,135.36617007214173,806.5,886.0,169.42549985170473,984.75,861.0,806.5,886.0,1163.0,836.0,blink,906,987.25,859.75,321,3.844
3.848,985.8333333333331,856.75,0.2232409146575605,0,0.0,0,154.7649225866787,1165.5,834.0,138.2931668593933,805.5,883.5,171.23667831396403,985.5,858.75,805.5,883.5,1165.5,834.0,blink,907,987.25,859.75,321,3.848
3.852,989.0833333333331,857.4166666666667,0.2315923579073493,0,437.4999999999996,0,150.23623202538988,1168.5,835.5,134.17153200288055,808.0,884.0,166.30093204789924,988.25,859.75,808.0,884.0,1168.5,835.5,visual intake,908,985.5,859.75,321,3.852
3.856,990.8333333333331,857.4166666666667,0.2263608798826419,0,0.0,0,151.82840849792024,1170.0,834.0,138.4629914453678,810.5,884.0,165.19382555047267,990.25,859.0,810.5,884.0,1170.0,834.0,blink,909,985.5,859.75,321,3.856
3.86,982.75,860.0,0.2281168894983135,0,279.5084971874735,0,157.94963703761107,1163.5,837.5,148.70776711389354,800.5,888.0,167.19150696132863,982.0,862.75,800.5,888.0,1163.5,837.5,visual intake,910,985.0,860.75,321,3.86
3.864,981.25,858.4166666666667,0.2192179341989282,0,0.0,0,158.0401796469881,1162.0,838.5,146.8911161370898,798.5,883.0,169.1892431568863,980.25,860.75,798.5,883.0,1162.0,838.5,blink,911,982.0,860.75,322,3.864
3.868,985.5833333333334,859.6666666666666,0.2326777600362502,0,0.0,0,157.7599171184968,1164.0,835.0,147.09180806557515,806.0,889.0,168.4280261714184,985.0,862.0,806.0,889.0,1164.0,835.0,blink,912,981.25,862.0,323,3.868
3.872,981.5833333333331,857.9166666666667,0.211968164869394,0,0.0,0,145.21546586007278,1162.5,837.5,134.17153200288055,800.0,883.5,156.259399717265,981.25,860.5,800.0,883.5,1162.5,837.5,blink,913,980.25,862.0,323,3.872
3.876,979.75,859.1666666666666,0.2358981641971238,0,0.0,0,148.44799288355765,1156.5,839.5,138.5135372445596,802.0,886.5,158.38244852255568,979.25,863.0,802.0,886.5,1156.5,839.5,blink,914,979.25,862.5,323,3.876
3.88,976.25,863.3333333333333,0.2211433264320596,0,0.0,0,150.3016382454557,1152.0,842.0,141.22322755127783,798.5,891.5,159.38004893963358,975.25,866.75,798.5,891.5,1152.0,842.0,blink,915,977.5,863.0,323,3.88
3.884,978.25,860.5,0.2224340496421278,0,0.0,0,148.37606189658936,1156.5,839.5,137.6735268670052,798.5,885.5,159.07859692617356,977.5,862.5,798.5,885.5,1156.5,839.5,blink,916,975.25,863.25,324,3.884
3.888,975.25,860.4166666666667,0.23206171736483,0,0.0,0,150.2816904683204,1153.5,838.5,136.12494260788506,797.0,888.0,164.43843832875572,975.25,863.25,797.0,888.0,1153.5,838.5,blink,917,975.25,863.25,325,3.888
3.892,976.9166666666669,861.0833333333334,0.2269177556023218,0,0.0,0,150.04534768269306,1148.0,842.0,142.772546380598,801.5,887.0,157.31814898478814,974.75,864.5,801.5,887.0,1148.0,842.0,blink,918,975.25,862.75,325,3.892
3.896,977.4166666666669,859.9166666666666,0.2190220133752204,0,0.0,0,146.03026026608353,1155.0,837.0,130.61393493804556,799.5,887.0,161.4465855941215,977.25,862.0,799.5,887.0,1155.0,837.0,blink,919,974.75,863.25,325,3.896
3.9,971.6666666666669,859.4166666666667,0.2350236799060783,0,0.0,0,148.3806392361068,1148.0,839.5,141.4390328021229,793.5,886.0,155.32224567009067,970.75,862.75,793.5,886.0,1148.0,839.5,blink,920,970.75,864.5,326,3.9
3.904,970.5,865.25,0.2243778554551105,0,0.0,0,149.95884503014497,1148.0,844.0,141.66156853571826,791.0,893.5,158.25612152457168,969.5,868.75,791.0,893.5,1148.0,844.0,blink,921,969.5,865.5,327,3.904
3.908,968.0,862.1666666666667,0.241937732590226,0,0.0,0,148.58890791549334,1147.5,844.5,140.91841611372163,788.0,886.5,156.259399717265,967.75,865.5,788.0,886.5,1147.5,844.5,blink,922,967.75,866.5,328,3.908
3.912,968.0833333333331,863.3333333333334,0.2389288019458218,0,0.0,0,147.87851570193982,1147.5,842.5,141.59802258506295,787.0,890.5,154.1590088188167,967.25,866.5,787.0,890.5,1147.5,842.5,blink,923,967.25,867.5,329,3.912
3.916,967.75,863.75,0.2459373888389939,0,0.0,0,152.00801236282408,1152.0,843.0,145.5609837834301,782.0,892.0,158.45504094221806,967.0,867.5,782.0,892.0,1152.0,843.0,blink,924,967.0,867.5,329,3.916
3.92,964.4166666666669,864.5833333333334,0.233062903782066,0,0.0,0,153.62702854096833,1148.5,846.5,144.81022063376605,779.0,891.0,162.4438364481706,963.75,868.75,779.0,891.0,1148.5,846.5,blink,925,963.75,867.75,330,3.92
3.924,964.5,863.9166666666667,0.2115424884807064,0,0.0,0,157.76166775227506,1151.0,844.5,152.08221460775746,776.5,891.0,163.44112089679268,963.75,867.75,776.5,891.0,1151.0,844.5,blink,926,963.75,868.75,331,3.924
3.928,959.5,865.75,0.2216490510700425,0,0.0,0,153.58029227735238,1143.0,848.0,147.95945390545344,774.5,891.0,159.20113064925135,958.75,869.5,774.5,891.0,1143.0,848.0,blink,927,959.25,868.75,332,3.928
3.932,958.5,866.75,0.2089072170725206,0,0.0,0,153.12902240209866,1140.0,847.0,141.66156853571826,777.0,894.0,164.59647626847908,958.5,870.5,777.0,894.0,1140.0,847.0,blink,928,958.75,869.5,333,3.932
3.936,960.4166666666669,865.4166666666667,0.2133728323642252,0,0.0,0,153.76074151307296,1144.0,846.5,150.136604464068,774.5,890.5,157.3848785620779,959.25,868.5,774.5,890.5,1144.0,846.5,blink,929,958.5,870.5,333,3.936
3.94,954.9166666666669,866.75,0.2042945999342112,0,0.0,0,156.15731501772552,1140.0,848.0,146.01369798755184,769.0,893.0,166.30093204789924,954.5,870.5,769.0,893.0,1140.0,848.0,blink,930,958.5,870.5,333,3.94
3.944,956.3333333333331,867.0833333333333,0.2147127696012667,0,0.0,0,151.50311791416948,1138.0,849.5,143.39107364128355,774.5,893.0,159.6151621870554,956.25,871.25,774.5,893.0,1138.0,849.5,blink,931,957.25,871.25,333,3.944
3.948,962.9166666666669,868.25,0.2384789715182628,0,0.0,0,153.7450076204458,1150.0,850.0,147.95945390545344,775.5,893.5,159.53056133543816,962.75,871.75,775.5,893.5,1150.0,850.0,blink,932,957.25,871.75,333,3.948
3.952,958.3333333333331,867.75,0.2256317128150275,0,0.0,0,159.53960459831222,1144.0,850.5,159.8780785473731,770.5,893.0,159.20113064925135,957.25,871.75,770.5,893.0,1144.0,850.5,blink,933,960.0,871.75,334,3.952
3.956,960.6666666666669,869.9166666666667,0.2236723505182429,0,0.0,0,155.88971999385342,1147.5,851.5,156.51836952894698,772.5,895.5,155.2610704587599,960.0,873.5,772.5,895.5,1147.5,851.5,blink,934,960.0,873.5,335,3.956
3.96,959.75,871.1666666666666,0.2311548705399432,0,0.0,0,152.4309705757854,1149.0,854.0,143.61058456812992,772.5,896.5,161.25135658344087,960.75,875.25,772.5,896.5,1149.0,854.0,blink,935,959.75,875.25,335,3.96
3.964,956.75,873.75,0.2329096107221618,0,0.0,0,151.69752166926455,1145.0,857.5,145.34441853748632,770.0,899.0,158.05062480104277,957.5,878.25,770.0,899.0,1145.0,857.5,blink,936,959.75,875.25,335,3.964
3.968,959.5833333333331,872.4166666666667,0.2342517878481433,0,0.0,0,153.12644705086126,1148.5,855.0,151.99013125857877,771.0,897.5,154.26276284314372,959.75,876.25,771.0,897.5,1148.5,855.0,blink,937,957.5,876.25,336,3.968
3.972,955.1666666666669,869.75,0.2346056286992437,0,0.0,0,157.76326030088063,1144.0,853.0,153.37535656030275,767.0,896.5,162.15116404145854,955.5,874.75,767.0,896.5,1144.0,853.0,blink,938,957.5,876.25,337,3.972
3.976,952.0833333333331,872.4166666666666,0.2068507693762878,0,0.0,0,156.51472078694536,1137.5,853.5,149.83324063771698,767.5,899.0,163.19620093617377,952.5,876.25,767.5,899.0,1137.5,853.5,blink,939,957.25,876.25,337,3.976
3.98,959.25,873.0,0.2182772928270475,0,0.0,0,155.24927138607757,1150.0,855.0,151.4199458459816,769.5,900.5,159.07859692617356,959.75,877.75,769.5,900.5,1150.0,855.0,blink,940,957.25,876.25,337,3.98
3.984,956.8333333333331,872.25,0.2153631277494836,0,0.0,0,158.4028108172338,1142.5,853.5,152.6106156202772,772.0,898.0,164.19500601419034,957.25,875.75,772.0,898.0,1142.5,853.5,blink,941,959.75,877.0,338,3.984
3.988,959.8333333333334,875.3333333333333,0.2234192307161971,0,197.64235376052355,0,151.61738112349056,1146.5,855.0,144.15616532080756,773.5,902.5,159.07859692617356,960.0,878.75,773.5,902.5,1146.5,855.0,visual intake,942,960.0,877.75,339,3.988
3.992,961.5,873.1666666666667,0.2232786081541281,0,124.99999999999989,0,162.03998263876514,1150.0,853.5,161.8301578816507,773.0,900.5,162.24980739587951,961.5,877.0,773.0,900.5,1150.0,853.5,visual intake,943,960.0,877.25,339,3.992
3.996,962.0,874.4166666666666,0.2373347213352337,0,249.99999999999977,0,158.51362213224994,1149.0,854.5,155.97756248896826,774.5,902.0,161.0496817755316,961.75,878.25,774.5,902.0,1149.0,854.5,visual intake,944,960.0,878.25,339,3.996
4.0,958.75,873.0,0.2173875364144028,0,374.99999999999966,0,159.19166458459492,1145.5,854.5,152.190669884852,772.0,900.0,166.19265928433782,958.75,877.25,772.0,900.0,1145.5,854.5,visual intake,945,961.5,878.25,339,4.0
4.004,959.0833333333331,875.9166666666667,0.236657093058287,0,250.00000000002754,0,155.14518447733835,1147.0,858.5,151.21177202850313,770.5,900.5,159.07859692617356,958.75,879.5,770.5,900.5,1147.0,858.5,visual intake,946,961.5,879.25,339,4.004
4.008,961.75,875.0833333333334,0.221248509902566,0,0.0,0,161.62946393904116,1153.0,855.0,156.8948692596415,770.0,903.5,166.3640586184408,961.5,879.25,770.0,903.5,1153.0,855.0,blink,947,961.5,879.25,339,4.008
4.0120000000000005,962.1666666666666,876.4166666666666,0.2218976710878477,0,139.75424859372123,0,154.7779236942506,1151.5,859.0,150.44268011438774,772.5,901.0,159.11316727411344,962.0,880.0,772.5,901.0,1151.5,859.0,visual intake,948,962.0,879.5,339,4.0120000000000005
4.016,965.8333333333331,874.0833333333333,0.2249944504177756,0,0.0,0,154.02160910109427,1153.0,855.5,146.8911161370898,777.5,900.5,161.15210206509877,965.25,878.0,777.5,900.5,1153.0,855.5,blink,949,965.25,879.25,340,4.016
4.0200000000000005,966.5,878.1666666666666,0.2302032694631341,0,0.0,0,151.18641865635132,1153.5,859.5,146.32156368765337,780.0,905.0,156.05127362504928,966.75,882.25,780.0,905.0,1153.5,859.5,blink,950,966.75,880.0,341,4.0200000000000005
4.024,969.3333333333331,872.1666666666667,0.2351783178405445,0,0.0,0,156.09499673069143,1156.0,853.0,154.9322432549145,781.5,899.5,157.25775020646836,968.75,876.25,781.5,899.5,1156.0,853.0,blink,951,968.75,878.25,342,4.024
4.0280000000000005,970.0,876.1666666666667,0.2227372670925584,0,0.0,0,156.1854855113047,1161.0,857.5,153.16984037335808,780.5,904.0,159.20113064925135,970.75,880.75,780.5,904.0,1161.0,857.5,blink,952,968.75,879.75,343,4.0280000000000005
4.032,971.0833333333334,874.0,0.2405957371390847,0,0.0,0,155.75529320754765,1161.5,853.5,153.05554547287727,782.0,903.0,158.45504094221806,971.75,878.25,782.0,903.0,1161.5,853.5,blink,953,968.75,878.25,343,4.032
4.0360000000000005,967.1666666666666,875.1666666666667,0.2306395975090515,0,0.0,0,157.347914897801,1157.0,856.5,154.49595463959565,779.0,903.0,160.1998751560063,968.0,879.75,779.0,903.0,1157.0,856.5,blink,954,970.75,878.25,343,4.0360000000000005
4.04,967.8333333333331,870.9166666666667,0.2326812269982926,0,0.0,0,155.55237864312042,1151.5,851.5,145.91093173576817,784.5,898.0,165.19382555047267,968.0,874.75,784.5,898.0,1151.5,851.5,blink,955,971.75,874.75,344,4.04
4.0440000000000005,974.25,870.25,0.2435529581414831,0,0.0,0,156.1477304848694,1162.0,852.5,157.08914666519772,785.5,896.0,155.2063143045411,973.75,874.25,785.5,896.0,1162.0,852.5,blink,956,973.75,874.25,344,4.0440000000000005
4.048,975.0833333333334,870.25,0.2382731599856975,0,0.0,0,155.27624690821133,1160.5,850.0,152.3975065412817,790.0,898.5,158.15498727514097,975.25,874.25,790.0,898.5,1160.5,850.0,blink,957,975.0,874.25,345,4.048
4.0520000000000005,975.9166666666666,864.0833333333333,0.2296251259830372,0,0.0,0,158.23173609650138,1160.5,844.5,149.164338901763,792.5,891.0,167.29913329123974,976.5,867.75,792.5,891.0,1160.5,844.5,blink,958,975.0,868.0,346,4.0520000000000005
4.056,975.9166666666669,863.75,0.21996422768279,0,88.38834764832818,0,160.14107883864762,1158.0,844.5,155.97756248896826,792.0,890.0,164.30459518832697,975.0,867.25,792.0,890.0,1158.0,844.5,visual intake,959,975.25,867.75,347,4.056
4.0600000000000005,975.6666666666669,863.4166666666666,0.2214346581841929,0,225.3469547164741,0,158.34654672339605,1157.0,844.5,155.54099138169337,792.5,891.5,161.15210206509877,974.75,868.0,792.5,891.5,1157.0,844.5,visual intake,960,976.0,867.25,347,4.0600000000000005
4.064,976.3333333333331,862.6666666666666,0.2437879887983373,0,125.00000000001377,0,158.83187136136866,1161.0,844.0,151.4199458459816,791.0,889.5,166.24379687675568,976.0,866.75,791.0,889.5,1161.0,844.0,visual intake,961,976.0,866.75,347,4.064
4.0680000000000005,976.5833333333331,861.5,0.2307489887125725,0,249.99999999997203,0,155.34428681016155,1158.5,844.5,147.49237268414933,793.5,887.0,163.19620093617377,976.0,865.75,793.5,887.0,1158.5,844.5,visual intake,962,976.0,865.75,347,4.0680000000000005
4.072,980.9166666666669,860.1666666666667,0.2367305269457562,0,455.0068680800825,0,158.03118201571755,1163.5,843.0,153.95129099815955,797.0,885.0,162.11107303327557,980.25,864.0,797.0,885.0,1163.5,843.0,visual intake,963,976.5,864.0,347,4.072
4.0760000000000005,977.0,859.75,0.2242003542558261,0,364.4344934277905,0,151.66563121504947,1156.0,841.0,143.17821063276352,797.0,885.5,160.15305179733542,976.5,863.25,797.0,885.5,1156.0,841.0,visual intake,964,977.75,863.25,347,4.0760000000000005
4.08,977.8333333333331,858.0,0.2234992985263774,0,0.0,0,150.12808863820197,1155.0,838.5,139.05754204644924,800.5,884.0,161.19863522995473,977.75,861.25,800.5,884.0,1155.0,838.5,blink,965,980.25,861.25,348,4.08
4.0840000000000005,983.25,858.0833333333333,0.2289929929567657,0,0.0,0,151.4061542711151,1160.0,840.0,146.696966567138,806.0,882.0,156.11534197509224,983.0,861.0,806.0,882.0,1160.0,840.0,blink,966,983.0,861.0,348,4.0840000000000005
4.088,986.0833333333334,858.25,0.2202942804043065,0,0.0,0,146.43445290132917,1161.5,839.5,135.71293232407882,811.5,881.5,157.15597347857954,986.5,860.5,811.5,881.5,1161.5,839.5,blink,967,984.0,860.5,349,4.088
4.0920000000000005,984.75,855.0833333333333,0.2143925924862051,0,0.0,0,144.51650836736565,1158.5,838.0,135.9154148726332,809.5,878.0,153.11760186209813,984.0,858.0,809.5,878.0,1158.5,838.0,blink,968,986.5,858.0,350,4.0920000000000005
4.096,988.9166666666666,855.1666666666667,0.2110401885973694,0,0.0,0,147.788840586093,1163.0,835.0,136.49908424601244,814.5,880.5,159.07859692617356,988.75,857.75,814.5,880.5,1163.0,835.0,blink,969,986.75,857.75,351,4.096
4.1,986.5,853.8333333333333,0.2144138111464609,0,0.0,0,146.70416115385916,1162.5,834.5,135.32922818075923,811.0,879.5,158.07909412695912,986.75,857.0,811.0,879.5,1162.5,834.5,blink,970,988.0,857.0,351,4.1
4.104,987.5,852.5833333333334,0.2162628948602231,0,0.0,0,147.68825415550788,1161.5,835.5,133.3641631023867,815.0,876.0,162.01234520862909,988.25,855.75,815.0,876.0,1161.5,835.5,blink,971,988.25,856.0,351,4.104
4.108,988.25,852.4166666666667,0.2033024452828191,0,0.0,0,146.43271306355297,1164.0,835.0,138.85243966167826,812.0,877.0,154.01298646542764,988.0,856.0,812.0,877.0,1164.0,835.0,blink,972,988.25,855.75,351,4.108
4.112,993.0,853.0833333333334,0.2068712315819766,0,0.0,0,151.6717439774812,1171.5,834.5,137.2953021774598,815.0,877.0,166.04818577750254,993.25,855.75,815.0,877.0,1171.5,834.5,blink,973,993.25,855.75,352,4.112
4.116,993.25,850.5,0.2000222679237555,0,0.0,0,146.48704400980415,1170.5,833.5,136.94524453225822,816.0,873.5,156.02884348735012,993.25,853.5,816.0,873.5,1170.5,833.5,blink,974,993.25,853.5,352,4.116
4.12,995.8333333333331,849.8333333333333,0.2159291932206538,0,0.0,0,147.57559595914643,1169.5,834.0,135.14806694880988,823.0,872.5,160.00312496948305,996.25,853.25,823.0,872.5,1169.5,834.0,blink,975,993.25,853.5,353,4.12
4.124,997.5,850.25,0.1987552831049673,0,0.0,0,147.15377377997925,1175.0,837.5,138.27870407260838,820.0,869.5,156.02884348735012,997.5,853.5,820.0,869.5,1175.0,837.5,blink,976,996.25,853.5,354,4.124
4.128,992.8333333333331,851.4166666666667,0.2023796819620131,0,0.0,0,147.99440275127466,1168.0,837.5,133.98880550254935,818.0,874.0,162.0,993.0,855.75,818.0,874.0,1168.0,837.5,blink,977,997.5,853.5,355,4.128
4.132,998.4166666666666,848.75,0.2165265520633962,0,0.0,0,145.4227829435152,1171.0,837.0,135.79396157414365,825.5,868.0,155.05160431288675,998.25,852.5,825.5,868.0,1171.0,837.0,blink,978,998.25,855.0,355,4.132
4.136,997.8333333333334,851.0,0.1972176748063785,1,0.0,0,149.31209731661738,1178.0,839.5,137.6117727521886,818.5,872.0,161.01242188104618,998.25,855.75,818.5,872.0,1178.0,839.5,blink,979,998.25,855.0,355,4.136
4.14,1002.75,850.5,0.2417545077925936,0,0.0,0,146.67174490652636,1180.5,839.5,139.26234236145822,825.0,870.5,154.0811474515945,1002.75,855.0,825.0,870.5,1180.5,839.5,blink,980,1000.5,852.5,356,4.14
4.144,1001.0,847.4166666666667,0.2190270135977931,0,0.0,0,150.90189399501008,1181.0,836.5,147.80054127099805,821.0,865.5,154.00324671902212,1001.0,851.0,821.0,865.5,1181.0,836.5,blink,981,1001.0,851.25,357,4.144
4.148,1000.4166666666666,847.9166666666667,0.2183092420860376,0,0.0,0,152.11339134823106,1180.5,836.5,149.11069713471264,820.5,866.0,155.11608556174951,1000.5,851.25,820.5,866.0,1180.5,836.5,blink,982,1002.25,851.0,357,4.148
4.152,1002.25,846.9166666666666,0.2051878079413961,0,0.0,0,148.1719125511553,1183.5,834.5,140.29255147726127,821.0,867.0,156.05127362504928,1002.25,850.75,821.0,867.0,1183.5,834.5,blink,983,1002.25,851.0,357,4.152
4.156,1004.8333333333331,846.75,0.2115257130647689,0,0.0,0,151.1816453062059,1187.5,837.0,149.2816130673835,821.5,862.5,153.08167754502824,1004.5,849.75,821.5,862.5,1187.5,837.0,blink,984,1004.5,850.75,358,4.156
4.16,1007.0,848.0833333333333,0.2178891786028829,0,62.49999999999301,0,151.8970631480787,1188.5,834.5,150.7647173578752,825.5,868.5,153.0294089382822,1007.0,851.5,825.5,868.5,1188.5,834.5,visual intake,985,1004.5,850.5,359,4.16
4.164,1008.3333333333334,846.5833333333333,0.2260887584649322,0,265.1650429449845,0,148.44639464571435,1184.5,834.5,142.86357128393507,831.0,863.5,154.02921800749365,1007.75,849.0,831.0,863.5,1184.5,834.5,visual intake,986,1005.25,849.75,359,4.164
4.168,1002.1666666666666,846.5833333333333,0.2320051793245118,0,441.94173824154274,0,148.9601930867459,1182.5,831.5,138.91724155050014,821.5,869.5,159.00314462299164,1002.0,850.5,821.5,869.5,1182.5,831.5,visual intake,987,1007.0,850.0,359,4.168
4.172,1005.4166666666666,843.8333333333333,0.2475314701714029,0,312.5000000000344,0,145.9470598345904,1182.0,832.0,136.8941196691808,828.5,862.0,155.0,1005.25,847.0,828.5,862.0,1182.0,832.0,visual intake,988,1007.75,849.0,359,4.172
4.176,1009.0,845.8333333333333,0.2234268552395418,0,318.6887195995134,0,148.9399560667343,1186.0,832.5,141.8767070381886,830.0,867.5,156.00320509528,1008.0,850.0,830.0,867.5,1186.0,832.5,visual intake,989,1007.5,847.75,359,4.176
4.18,1010.9166666666669,844.6666666666667,0.2246724762857661,0,139.75424859375227,0,146.8667531692634,1192.5,832.0,140.73023839957068,828.5,863.5,153.00326793895613,1010.5,847.75,828.5,863.5,1192.5,832.0,visual intake,990,1008.0,847.5,359,4.18
4.184,1007.9166666666669,844.1666666666667,0.2333964576217259,0,88.38834764830855,0,145.89858333471182,1184.0,830.0,135.79396157414365,831.0,863.5,156.00320509528,1007.5,846.75,831.0,863.5,1184.0,830.0,visual intake,991,1008.25,847.75,359,4.184
4.188,1009.75,843.6666666666667,0.2212446700970222,0,197.6423537605455,0,150.93325008199724,1189.5,831.5,144.83784035948617,828.5,863.5,157.0286598045083,1009.0,847.5,828.5,863.5,1189.5,831.5,visual intake,992,1009.0,847.5,359,4.188
4.192,1008.1666666666669,844.6666666666667,0.2254427776984053,0,187.49999999997902,0,148.56841690743806,1189.5,832.0,141.05672617780408,827.0,867.5,156.08010763707205,1008.25,849.75,827.0,867.5,1189.5,832.0,visual intake,993,1009.0,846.75,359,4.192
4.196,1009.1666666666669,841.5,0.2252933823581655,0,364.4344934278714,0,150.61671666569617,1189.5,828.5,141.23030836190935,830.0,862.5,160.00312496948305,1009.75,845.5,830.0,862.5,1189.5,828.5,visual intake,994,1009.75,845.5,359,4.196
4.2,1010.9166666666669,839.9166666666666,0.2142674528231626,0,279.50849718744246,0,144.34267458487608,1190.5,827.5,132.67252918370102,831.0,859.0,156.01281998605114,1010.75,843.25,831.0,859.0,1190.5,827.5,visual intake,995,1010.75,845.0,359,4.2
4.204,1012.1666666666669,838.25,0.2095785565618185,0,437.5000000000482,0,143.12488003827724,1189.5,828.0,130.24976007655445,834.0,855.0,156.0,1011.75,841.5,834.0,855.0,1189.5,828.0,visual intake,996,1010.75,843.25,359,4.204
4.208,1010.9166666666669,841.75,0.2322143373270677,0,441.94173824154274,0,148.79028275371888,1190.5,826.5,140.57738082636197,831.5,863.5,157.00318468107582,1011.0,845.0,831.5,863.5,1190.5,826.5,visual intake,997,1011.0,841.5,359,4.208
4.212,1010.0833333333331,837.9166666666666,0.2228369986632248,0,139.75424859375227,0,147.32405959192835,1187.0,825.5,135.63554106501732,832.5,857.0,159.0125781188394,1009.75,841.25,832.5,857.0,1187.0,825.5,visual intake,998,1011.5,841.25,359,4.212
4.216,1011.5833333333331,837.1666666666667,0.2047074414952764,0,187.49999999997902,0,142.70828981050596,1184.5,823.5,128.41339493993607,838.5,857.5,157.00318468107582,1011.5,840.5,838.5,857.5,1184.5,823.5,visual intake,999,1011.5,840.5,359,4.216
4.22,1014.0,835.0833333333334,0.2195971754574681,0,475.98581911654674,0,141.11451921878398,1187.0,823.5,123.17873193047572,840.5,854.0,159.05030650709227,1013.75,838.75,840.5,854.0,1187.0,823.5,visual intake,1000,1012.25,838.75,359,4.22
4.224,1016.5833333333331,835.5833333333333,0.2204793196168379,0,374.99999999995805,0,142.1412026473272,1190.0,823.0,127.27922061357856,842.5,854.5,157.00318468107582,1016.25,838.75,842.5,854.5,1190.0,823.0,visual intake,1001,1013.75,838.75,359,4.224
4.228,1012.0833333333331,835.4166666666667,0.2218911326890598,0,419.26274578125674,0,142.1510040120061,1187.5,823.0,126.28935030318272,837.0,853.0,158.01265772082945,1012.25,838.0,837.0,853.0,1187.5,823.0,visual intake,1002,1015.25,838.0,359,4.228
4.232,1017.0,829.0833333333334,0.2125528917173846,0,257.694101601075,0,142.84769858166294,1190.5,818.5,131.64345787011217,843.0,844.0,154.0519392932137,1016.75,831.25,843.0,844.0,1190.5,818.5,visual intake,1003,1016.25,837.75,359,4.232
4.236,1015.1666666666669,833.4166666666667,0.2041759246212936,0,257.69410160113216,0,147.3319202167001,1194.0,824.5,135.63554106501732,836.5,848.5,159.02829936838285,1015.25,836.5,836.5,848.5,1194.0,824.5,visual intake,1004,1015.25,837.5,359,4.236
4.24,1016.5833333333331,835.4166666666667,0.2224368775578973,0,62.49999999999301,0,145.49960518156462,1194.0,824.0,128.9961239727768,840.0,851.5,162.00308639035245,1017.0,837.75,840.0,851.5,1194.0,824.0,visual intake,1005,1015.25,837.25,359,4.24
4.244,1011.9166666666669,834.4166666666667,0.2164144415873156,0,0.0,0,148.87763913866843,1193.0,824.0,139.74262055650738,830.0,851.0,158.01265772082945,1011.5,837.5,830.0,851.0,1193.0,824.0,blink,1006,1015.25,837.25,359,4.244
4.248,1013.75,834.25,0.2222024927230759,0,187.49999999997902,0,148.43096010204178,1194.5,824.0,132.83448347473634,833.0,850.5,164.02743672934722,1013.75,837.25,833.0,850.5,1194.5,824.0,visual intake,1007,1016.0,837.25,359,4.248
4.252,1016.25,833.5,0.1999724960971061,0,312.5000000000344,0,145.4407934062632,1191.5,823.5,129.8691649314802,840.5,850.0,161.01242188104618,1016.0,836.75,840.5,850.0,1191.5,823.5,visual intake,1008,1014.75,837.25,359,4.252
4.256,1018.5,833.6666666666667,0.2330666827477488,0,336.57280044586884,0,145.4957832932322,1194.5,823.0,129.98846102635417,842.5,850.5,161.00310556011024,1018.5,836.75,842.5,850.5,1194.5,823.0,visual intake,1009,1016.0,836.75,359,4.256
4.26,1014.75,835.25,0.2489844456105056,0,0.0,0,150.22708299473652,1197.0,825.0,139.44174410842686,832.5,853.0,161.01242188104618,1014.75,839.0,832.5,853.0,1197.0,825.0,blink,1010,1016.0,836.75,359,4.26
4.264,1016.4166666666666,833.3333333333333,0.2409959160042617,0,62.49999999999301,0,149.2375720502814,1196.0,823.0,137.46272221951665,836.5,850.0,161.01242188104618,1016.25,836.5,836.5,850.0,1196.0,823.0,visual intake,1011,1016.25,836.75,359,4.264
4.268,1012.0,833.8333333333333,0.2173181490794865,0,62.500000000006885,0,147.75944967742907,1191.0,823.0,133.5065541462291,834.0,851.0,162.01234520862909,1012.5,837.0,834.0,851.0,1191.0,823.0,visual intake,1012,1016.25,836.5,359,4.268
4.272,1016.25,834.0,0.2306099903078805,0,0.0,0,150.04679855365225,1195.5,825.5,136.06616037795732,837.0,847.5,164.02743672934722,1016.25,836.5,837.0,847.5,1195.5,825.5,blink,1013,1016.25,836.5,359,4.272
4.276,1018.0,831.8333333333334,0.2494187379376874,0,395.284707521091,0,147.23295345029624,1197.0,822.0,137.46272221951665,837.5,847.5,157.00318468107582,1017.25,834.75,837.5,847.5,1197.0,822.0,visual intake,1014,1014.75,837.0,359,4.276
4.28,1013.25,834.1666666666667,0.220028280048104,0,0.0,0,147.54258499167906,1191.5,822.5,134.08206442324789,834.5,851.5,161.00310556011024,1013.0,837.0,834.5,851.5,1191.5,822.5,blink,1015,1014.75,837.0,359,4.28
4.284,1015.1666666666669,834.8333333333333,0.2164852535453098,0,197.6423537605455,0,147.05539667242908,1192.5,827.5,132.09844813622905,837.0,847.0,162.01234520862909,1014.75,837.25,837.0,847.0,1192.5,827.5,visual intake,1016,1014.0,837.25,359,4.284
4.288,1013.9166666666669,835.0833333333333,0.2285758855622964,0,279.50849718744246,0,151.04187778388706,1195.0,828.0,140.07141035914503,833.0,848.0,162.01234520862909,1014.0,838.0,833.0,848.0,1195.0,828.0,visual intake,1017,1013.0,837.75,359,4.288
4.292,1011.0,836.25,0.2434965510775918,0,250.00000000002754,0,149.16187136395888,1192.5,827.5,138.31124321616085,830.0,851.0,160.0124995117569,1011.25,839.25,830.0,851.0,1192.5,827.5,visual intake,1018,1014.0,837.75,359,4.292
4.296,1011.9166666666669,834.25,0.2313268216199865,0,0.0,0,148.59028340093502,1189.5,826.0,138.1774221788784,834.5,849.5,159.00314462299164,1012.0,837.75,834.5,849.5,1189.5,826.0,blink,1019,1012.0,838.0,360,4.296
4.3,1014.9166666666669,834.6666666666667,0.2215709572021467,0,0.0,0,152.27220910631078,1194.0,827.5,143.54441821262157,834.5,848.0,161.0,1014.25,837.75,834.5,848.0,1194.0,827.5,blink,1020,1011.25,838.75,361,4.3
4.304,1011.4166666666666,835.3333333333333,0.2355421532629673,0,0.0,0,147.7276712414839,1188.5,828.0,138.452157801892,833.5,849.5,157.00318468107582,1011.0,838.75,833.5,849.5,1188.5,828.0,blink,1021,1011.0,838.75,361,4.304
4.308,1004.8333333333331,836.1666666666666,0.2126494848187626,0,0.0,0,150.1110751415706,1183.5,825.0,136.194713553794,827.0,853.5,164.02743672934722,1005.25,839.25,827.0,853.5,1183.5,825.0,blink,1022,1006.25,839.25,362,4.308
4.312,1007.0833333333331,835.75,0.2185136030214403,0,0.0,0,151.21491676516484,1186.0,828.0,143.4015341619468,826.5,850.5,159.02829936838285,1006.25,839.25,826.5,850.5,1186.0,828.0,blink,1023,1006.25,839.25,363,4.312
4.316,1004.25,839.6666666666666,0.2191640279649854,0,0.0,0,149.30632190591302,1182.5,831.5,138.6001443000692,826.0,855.0,160.0124995117569,1004.25,843.25,826.0,855.0,1182.5,831.5,blink,1024,1005.25,843.25,364,4.316
4.32,1006.25,842.0,0.2117693502131762,0,0.0,0,145.75960593352926,1185.0,832.0,133.5065541462291,828.0,858.0,158.01265772082945,1006.5,845.0,828.0,858.0,1185.0,832.0,blink,1025,1004.75,843.25,365,4.32
4.324,999.75,840.6666666666667,0.2218303653807466,0,0.0,0,147.6813551532451,1181.5,831.5,134.35028842544403,817.5,857.0,161.01242188104618,999.5,844.25,817.5,857.0,1181.5,831.5,blink,1026,1004.75,844.25,365,4.324
4.328,1004.75,838.3333333333333,0.2159454955226372,0,0.0,0,149.36538412059497,1186.0,831.0,141.718029904455,823.5,853.0,157.01273833673497,1004.75,842.0,823.5,853.0,1186.0,831.0,blink,1027,1004.75,845.0,365,4.328
4.332,1005.1666666666666,842.5833333333333,0.2135489773525726,0,0.0,0,148.78472200418838,1187.0,833.5,141.56623891309678,823.0,859.5,156.00320509528,1005.0,846.5,823.0,859.5,1187.0,833.5,blink,1028,1004.25,845.5,365,4.332
4.336,1005.0833333333331,844.0833333333334,0.2256380738188335,0,0.0,0,153.55693082999204,1187.5,835.5,149.11069713471264,821.0,858.5,158.00316452527144,1004.25,847.0,821.0,858.5,1187.5,835.5,blink,1029,1004.25,846.5,365,4.336
4.34,1001.3333333333331,842.9166666666666,0.2189335805024538,0,0.0,0,154.7846075386056,1187.0,831.5,141.56623891309678,816.0,859.5,168.0029761641144,1001.5,845.5,816.0,859.5,1187.0,831.5,blink,1030,1001.5,847.0,366,4.34
4.344,1000.6666666666669,847.0833333333333,0.236955079198592,0,0.0,0,152.82973476019123,1182.5,837.0,146.6594695203825,818.5,864.0,159.0,1000.5,850.5,818.5,864.0,1182.5,837.0,blink,1031,1000.5,850.5,366,4.344
4.348,996.8333333333334,849.9166666666667,0.2255947418457073,0,0.0,0,159.40049312678207,1185.0,838.5,151.75308893067054,809.5,868.0,167.0478973228936,997.25,853.25,809.5,868.0,1185.0,838.5,blink,1032,998.0,853.0,366,4.348
4.352,991.25,850.0833333333333,0.2223668945903565,0,0.0,0,152.89634025879266,1174.5,838.0,136.7808466123821,809.5,868.0,169.01183390520322,992.0,853.0,809.5,868.0,1174.5,838.0,blink,1033,997.25,853.25,367,4.352
4.356,998.0833333333331,850.8333333333333,0.2231173514843095,0,0.0,0,157.96765177170658,1184.0,838.0,151.90786681406595,812.0,870.5,164.02743672934722,998.0,854.25,812.0,870.5,1184.0,838.0,blink,1034,996.25,854.0,367,4.356
4.36,990.0833333333331,851.5,0.2235201342117037,0,0.0,0,155.7112567683208,1173.5,838.0,141.41074923781431,809.0,870.0,170.01176429882727,991.25,854.0,809.0,870.0,1173.5,838.0,blink,1035,992.0,854.25,368,4.36
4.364,995.9166666666669,852.6666666666667,0.2267701091656148,0,0.0,0,156.67154956776417,1182.0,839.0,150.2664300500947,810.5,871.5,163.07666908543356,996.25,855.25,810.5,871.5,1182.0,839.0,blink,1036,991.25,855.25,369,4.364
4.368,989.1666666666669,852.6666666666666,0.2167471761098177,0,0.0,0,153.73149572268392,1173.0,838.0,138.4629914453678,806.5,873.0,169.0,989.75,855.5,806.5,873.0,1173.0,838.0,blink,1037,989.75,855.5,369,4.368
4.372,989.8333333333331,856.5833333333333,0.2144464399493148,0,0.0,0,154.3303437365925,1174.0,841.0,148.66068747318505,805.0,877.0,160.0,989.5,859.0,805.0,877.0,1174.0,841.0,blink,1038,989.5,858.75,370,4.372
4.376,986.1666666666669,856.4166666666667,0.228370702332871,0,0.0,0,155.56371080927454,1171.0,840.0,138.10141201305655,803.5,877.5,173.02600960549256,987.25,858.75,803.5,877.5,1171.0,840.0,blink,1039,987.25,859.0,370,4.376
4.38,984.4166666666669,857.9166666666667,0.2252324184827658,0,0.0,0,153.72114890881022,1169.0,843.0,142.3938200906205,801.5,879.0,165.04847772699995,985.25,861.0,801.5,879.0,1169.0,843.0,blink,1040,987.0,861.0,370,4.38
4.384,986.0,858.5833333333333,0.2110404585705961,0,0.0,0,154.17808659370604,1171.0,845.0,146.32839779072276,803.0,877.5,162.02777539668932,987.0,861.25,803.0,877.5,1171.0,845.0,blink,1041,987.0,861.25,371,4.384
4.388,986.4166666666666,860.3333333333333,0.230415245658041,0,0.0,0,154.4716063713421,1170.0,846.5,144.9310180741169,804.0,879.0,164.01219466856725,987.0,862.75,804.0,879.0,1170.0,846.5,blink,1042,987.0,862.5,371,4.388
4.392,986.75,862.6666666666666,0.2108397989095846,0,0.0,0,152.3536825538044,1170.5,848.0,147.6787053031005,803.5,882.5,157.0286598045083,987.0,865.25,803.5,882.5,1170.5,848.0,blink,1043,987.0,862.75,371,4.392
4.396,982.5833333333331,860.1666666666667,0.2288810258113603,0,0.0,0,151.54248938789823,1165.0,844.5,139.05754204644924,801.0,880.5,164.02743672934722,983.0,862.5,801.0,880.5,1165.0,844.5,blink,1044,983.25,865.25,372,4.396
4.4,982.8333333333331,861.9166666666667,0.2342277528580989,0,0.0,0,150.49805109741874,1165.5,846.5,141.9929575718458,799.5,884.5,159.00314462299164,982.5,865.5,799.5,884.5,1165.5,846.5,blink,1045,983.25,865.25,373,4.4
4.404,982.9166666666666,862.3333333333334,0.2105831122605643,0,0.0,0,157.98889765093412,1170.0,842.5,144.9310180741169,796.5,888.0,171.04677722775136,983.25,865.25,796.5,888.0,1170.0,842.5,blink,1046,983.0,865.5,373,4.404
4.408,984.1666666666669,864.4166666666666,0.2249810164742358,0,0.0,0,156.63989925811023,1171.5,847.5,148.2767682410161,798.5,888.5,165.00303027520434,985.0,868.0,798.5,888.5,1171.5,847.5,blink,1047,982.5,867.25,373,4.408
4.412,980.0,864.6666666666667,0.2203647146021431,0,0.0,0,150.40051241336562,1163.0,847.0,142.772546380598,797.0,887.5,158.02847844613325,980.0,867.25,797.0,887.5,1163.0,847.0,blink,1048,981.75,868.0,373,4.412
4.416,981.5833333333331,866.5,0.2225221364871578,0,0.0,0,153.73936592095055,1166.0,846.5,148.47558721890948,797.5,892.5,159.00314462299164,981.75,869.5,797.5,892.5,1166.0,846.5,blink,1049,980.0,868.0,373,4.416
4.42,976.5,866.5833333333333,0.2295266149401487,0,0.0,0,151.66237418436458,1155.5,847.5,146.32156368765337,796.5,891.5,157.00318468107582,976.0,869.5,796.5,891.5,1155.5,847.5,blink,1050,976.75,869.5,374,4.42
4.424,976.75,865.4166666666666,0.2141882586133406,0,0.0,0,154.1669544481412,1160.5,846.5,146.32156368765337,793.0,889.0,162.01234520862909,976.75,867.75,793.0,889.0,1160.5,846.5,blink,1051,976.0,869.5,375,4.424
4.428,972.5,866.75,0.2107198601298842,0,0.0,0,151.43334812670906,1152.5,846.5,142.86357128393507,793.0,892.5,160.00312496948305,972.75,869.5,793.0,892.5,1152.5,846.5,blink,1052,973.25,869.5,376,4.428
4.432,971.1666666666666,867.1666666666667,0.2201819907985496,0,124.99999999998602,0,154.50456784049254,1151.0,849.0,147.95945390545344,793.5,892.0,161.0496817755316,972.25,870.5,793.5,892.0,1151.0,849.0,visual intake,1053,972.75,869.5,377,4.432
4.436,972.5833333333331,865.4166666666666,0.218528076709161,0,125.00000000001377,0,153.40511031688305,1153.5,846.5,144.81022063376605,793.0,891.0,162.0,973.25,868.75,793.0,891.0,1153.5,846.5,visual intake,1054,972.25,869.5,377,4.436
4.44,971.5,866.75,0.2196259019008485,0,225.3469547164741,0,153.28240367760597,1149.5,848.0,146.53668482670133,794.0,892.5,160.0281225285106,971.75,870.25,794.0,892.5,1149.5,848.0,visual intake,1055,971.75,868.75,377,4.44
4.444,971.1666666666669,864.5,0.2272838985591333,0,125.00000000001377,0,152.86263296776042,1153.0,843.0,146.696966567138,788.5,891.5,159.02829936838285,970.75,867.25,788.5,891.5,1153.0,843.0,visual intake,1056,971.25,868.75,377,4.444
4.448,968.0833333333334,866.4166666666666,0.2224569640870646,0,395.2847075210032,0,153.25016319330024,1149.0,845.5,139.48835076808385,788.5,892.0,167.01197561851666,968.75,868.75,788.5,892.0,1149.0,845.5,visual intake,1057,970.75,867.25,377,4.448
4.452,970.75,863.5,0.205219435624192,0,336.5728004459435,0,150.47320915893454,1153.0,843.5,139.94641831786907,789.5,890.0,161.0,971.25,866.75,789.5,890.0,1153.0,843.5,visual intake,1058,969.5,866.75,377,4.452
4.456,969.9166666666669,861.9166666666667,0.2250902409328181,0,374.99999999995805,0,146.6363847937258,1147.0,843.0,139.26952286842948,792.0,887.5,154.00324671902212,969.5,865.25,792.0,887.5,1147.0,843.0,visual intake,1059,969.5,865.25,377,4.456
4.46,969.3333333333334,861.75,0.2264837802255913,0,125.00000000001377,0,148.50869438952498,1149.0,841.5,141.01418368376991,789.0,887.5,156.00320509528,969.0,864.5,789.0,887.5,1149.0,841.5,visual intake,1060,969.5,864.75,377,4.46
4.464,971.4166666666666,860.8333333333333,0.2238988452893088,0,62.49999999999301,0,149.8878655308369,1153.0,841.0,142.772546380598,789.5,886.5,157.00318468107582,971.25,863.75,789.5,886.5,1153.0,841.0,visual intake,1061,969.5,864.5,377,4.464
4.468,969.3333333333331,861.5833333333333,0.2308915224386766,0,139.75424859375227,0,149.1373452580962,1148.5,842.0,140.24621207005913,790.0,887.5,158.02847844613325,969.25,864.75,790.0,887.5,1148.5,842.0,visual intake,1062,969.25,864.0,377,4.468
4.472,970.6666666666666,860.9166666666667,0.2319228638163217,0,62.49999999999301,0,151.53325078260883,1157.5,841.0,146.98639392814562,784.0,886.5,156.08010763707205,970.75,863.75,784.0,886.5,1157.5,841.0,visual intake,1063,969.25,863.75,377,4.472
4.476,967.1666666666669,860.8333333333333,0.2219834348623504,0,0.0,0,150.68538553540958,1147.5,841.5,144.3675863897433,787.5,886.5,157.00318468107582,967.5,864.0,787.5,886.5,1147.5,841.5,blink,1064,969.25,863.75,377,4.476
4.48,968.1666666666669,856.25,0.2171928553806287,0,0.0,0,147.41503956716667,1146.0,836.0,139.71399357258383,789.5,881.0,155.11608556174951,967.75,858.5,789.5,881.0,1146.0,836.0,blink,1065,967.75,858.5,378,4.48
4.484,969.1666666666666,855.0,0.2161295558391058,0,0.0,0,150.8310768126509,1150.5,835.5,140.46351839534705,789.5,881.0,161.19863522995473,970.0,858.25,789.5,881.0,1150.5,835.5,blink,1066,967.5,858.25,379,4.484
4.488,963.25,853.75,0.2246498558117364,0,0.0,0,146.67299731876255,1142.0,838.0,137.31715115017496,786.0,877.5,156.02884348735012,964.0,857.75,786.0,877.5,1142.0,838.0,blink,1067,967.75,857.75,379,4.488
4.492,960.8333333333331,853.0833333333333,0.2231391199600918,0,0.0,0,148.6917029384242,1142.0,836.0,139.26952286842948,780.0,877.0,158.11388300841898,961.0,856.5,780.0,877.0,1142.0,836.0,blink,1068,967.75,856.5,379,4.492
4.496,968.5833333333331,851.8333333333334,0.2181958850170404,0,0.0,0,148.2718130162095,1148.5,832.5,140.46351839534705,789.0,877.5,156.08010763707205,968.75,855.0,789.0,877.5,1148.5,832.5,blink,1069,967.75,855.25,379,4.496
4.5,968.0833333333334,850.8333333333333,0.2248006892585424,0,0.0,0,146.58454973010498,1146.5,832.0,141.15594213493105,789.0,877.0,152.0131573252789,967.75,854.5,789.0,877.0,1146.5,832.0,blink,1070,967.75,855.25,379,4.5
4.504,968.5,852.0833333333334,0.2203936729080751,0,0.0,0,147.68638225806137,1146.5,832.0,138.2931668593933,789.5,878.5,157.07959765672945,968.0,855.25,789.5,878.5,1146.5,832.0,blink,1071,967.75,855.0,379,4.504
4.508,960.0,852.4166666666666,0.2141095916137944,0,0.0,0,153.13502773528288,1143.5,832.5,138.07968713753664,779.0,878.0,168.1903683330291,961.25,855.25,779.0,878.0,1143.5,832.5,blink,1072,963.5,854.75,380,4.508
4.5120000000000005,963.5833333333331,850.8333333333334,0.2252653711582966,0,0.0,0,153.28091668403238,1144.5,832.5,143.56183336806478,782.5,876.0,163.0,963.5,854.25,782.5,876.0,1144.5,832.5,blink,1073,963.5,854.75,381,4.5120000000000005
4.516,961.0833333333331,851.1666666666667,0.2237772024835616,0,0.0,0,157.65545997562106,1142.0,832.5,147.29901561110313,780.0,877.0,168.01190434013895,961.0,854.75,780.0,877.0,1142.0,832.5,blink,1074,961.25,854.25,382,4.516
4.5200000000000005,962.5,850.1666666666666,0.1977011790070868,0,0.0,0,152.85637879879292,1145.0,829.0,130.23056476879765,782.5,873.5,175.4821928287882,963.75,851.25,782.5,873.5,1145.0,829.0,blink,1075,961.0,851.25,382,4.5200000000000005
4.524,961.4166666666669,847.25,0.2381241266663976,0,0.0,0,151.77349078445303,1139.0,828.0,136.49908424601244,782.5,873.0,167.0478973228936,960.75,850.5,782.5,873.0,1139.0,828.0,blink,1076,961.0,851.0,383,4.524
4.5280000000000005,958.25,847.8333333333333,0.2016518737822626,0,0.0,0,151.786023157586,1138.0,829.0,138.4629914453678,778.5,873.0,165.10905486980417,958.25,851.0,778.5,873.0,1138.0,829.0,blink,1077,960.75,850.5,383,4.5280000000000005
4.532,961.75,847.8333333333334,0.2254018245844437,0,0.0,0,150.85422505693134,1140.0,826.5,134.34656675925888,783.5,874.5,167.36188335460378,961.75,850.5,783.5,874.5,1140.0,826.5,blink,1078,960.5,850.5,383,4.532
4.5360000000000005,959.1666666666666,845.1666666666666,0.2277279733165749,0,0.0,0,149.33345782527604,1134.5,825.5,133.3641631023867,782.5,872.0,165.3027525481654,958.5,848.75,782.5,872.0,1134.5,825.5,blink,1079,958.75,848.75,384,4.5360000000000005
4.54,961.1666666666669,844.6666666666666,0.2192268769287284,0,0.0,0,145.4750617501062,1138.5,825.5,129.83836104942176,782.5,870.0,161.11176245079065,960.5,847.75,782.5,870.0,1138.5,825.5,blink,1080,958.75,848.75,385,4.54
4.5440000000000005,959.0833333333331,845.25,0.2365963886546679,0,62.49999999999301,0,149.05609308360488,1135.5,826.0,132.00378782444085,782.0,870.0,166.10839834276894,958.75,848.0,782.0,870.0,1135.5,826.0,visual intake,1081,958.5,848.75,385,4.5440000000000005
4.548,955.25,846.0,0.2218028369951547,0,279.50849718750453,0,151.84057437972928,1133.0,827.0,134.5362404707371,777.5,871.5,169.14490828872147,955.25,849.25,777.5,871.5,1133.0,827.0,visual intake,1082,957.5,849.25,385,4.548
4.5520000000000005,956.3333333333331,846.0,0.2194463323278183,0,0.0,0,148.76318001827542,1134.0,826.0,133.41664064126334,778.0,873.0,164.1097193952875,956.0,849.5,778.0,873.0,1134.0,826.0,blink,1083,957.5,849.25,385,4.5520000000000005
4.556,958.25,847.1666666666667,0.2388491977119794,0,62.500000000006885,0,149.47537556367,1134.5,827.0,137.87313008704777,780.5,873.5,161.07762104029226,957.5,850.25,780.5,873.5,1134.5,827.0,visual intake,1084,957.25,849.25,385,4.556
4.5600000000000005,963.9166666666669,846.75,0.2118983516093729,0,197.6423537605016,0,150.53078767065864,1145.0,826.5,136.69308687713507,783.0,870.5,164.3684884641822,964.0,848.5,783.0,870.5,1145.0,826.5,visual intake,1085,957.5,848.5,385,4.5600000000000005
4.564,958.0833333333331,843.8333333333333,0.2551049231910647,0,0.0,0,149.18584854933022,1133.0,824.5,139.05754204644924,781.5,871.0,159.31415505221122,957.25,847.75,781.5,871.0,1133.0,824.5,blink,1086,959.75,848.25,386,4.564
4.5680000000000005,960.0,843.8333333333333,0.2450187748071648,0,0.0,0,149.09607380727005,1136.5,821.5,138.07968713753664,783.0,873.0,160.11246047700348,959.75,847.25,783.0,873.0,1136.5,821.5,blink,1087,959.75,848.25,387,4.5680000000000005
4.572,961.8333333333334,844.8333333333333,0.2245528321301597,0,125.00000000001377,0,145.23441385593142,1135.5,824.5,130.26895255585654,788.0,872.0,160.1998751560063,961.75,848.25,788.0,872.0,1135.5,824.5,visual intake,1088,959.75,847.75,387,4.572
4.5760000000000005,956.9166666666669,844.8333333333333,0.2328907830764285,0,124.99999999998602,0,154.63647864180376,1135.0,823.5,142.97202523570826,779.0,873.0,166.30093204789924,957.0,848.25,779.0,873.0,1135.0,823.5,visual intake,1089,959.75,848.25,387,4.5760000000000005
4.58,961.0833333333331,845.0,0.2319619135249857,0,125.00000000001377,0,155.43839941152686,1140.5,822.0,142.63590010933433,783.0,873.5,168.24089871371942,961.75,847.75,783.0,873.5,1140.5,822.0,visual intake,1090,960.25,848.25,387,4.58
4.5840000000000005,959.3333333333331,845.9166666666666,0.2299102272583126,0,0.0,0,151.76649500516294,1136.5,823.0,136.34148304899725,782.5,876.0,167.19150696132863,959.5,849.5,782.5,876.0,1136.5,823.0,blink,1091,960.25,848.25,387,4.5840000000000005
4.588,960.4166666666666,843.0,0.2254832227283363,0,488.1406047442196,0,145.42897492200615,1127.5,821.0,128.5496013218244,793.0,873.0,162.30834852218786,960.25,847.0,793.0,873.0,1127.5,821.0,visual intake,1092,961.75,849.5,387,4.588
4.5920000000000005,963.5,846.75,0.2340322518287166,0,62.49999999999301,0,151.01315693096842,1139.0,827.0,133.88054376943649,790.0,875.5,168.14577009250038,964.5,851.25,790.0,875.5,1139.0,827.0,visual intake,1093,961.5,849.5,387,4.5920000000000005
4.596,964.1666666666666,847.75,0.2214282492541474,0,312.5000000000344,0,153.54793067382587,1142.5,822.5,138.5135372445596,787.0,878.0,168.58232410309213,964.75,850.25,787.0,878.0,1142.5,822.5,visual intake,1094,962.5,850.25,387,4.596
4.6000000000000005,962.1666666666669,845.5,0.2420148026079339,0,0.0,0,147.1100019347091,1129.5,823.0,132.90974381135493,793.5,875.0,161.31026005806325,961.5,849.0,793.5,875.0,1129.5,823.0,blink,1095,962.5,850.25,387,4.6000000000000005
4.604,963.75,846.5,0.239807602638087,0,0.0,0,152.3387933862954,1129.0,822.5,142.36923825040296,796.0,878.0,162.30834852218786,962.5,850.25,796.0,878.0,1129.0,822.5,blink,1096,962.5,850.25,387,4.604
4.6080000000000005,960.6666666666669,848.0833333333333,0.2208211577759121,0,0.0,0,148.17077073929826,1133.0,824.0,128.57682528356344,788.5,879.0,167.7647161950331,960.75,851.5,788.5,879.0,1133.0,824.0,blink,1097,962.5,850.25,387,4.6080000000000005
4.612,968.0,849.3333333333334,0.223392637907693,0,0.0,0,150.60354985132318,1139.5,824.0,132.90974381135493,797.0,879.0,168.2973558912914,968.25,851.5,797.0,879.0,1139.5,824.0,blink,1098,964.75,850.75,388,4.612
4.616,965.3333333333334,846.0833333333334,0.2449707501965398,0,0.0,0,146.69298280694332,1127.0,822.0,131.93938001976514,802.5,878.0,161.4465855941215,964.75,850.0,802.5,878.0,1127.0,822.0,blink,1099,967.5,851.5,388,4.616
4.62,967.0833333333334,848.5833333333334,0.2282284423778157,0,0.0,0,146.3101531136195,1136.5,820.5,126.84636376341264,798.5,881.0,165.77394246382633,967.5,850.75,798.5,881.0,1136.5,820.5,blink,1100,968.25,851.5,389,4.62
4.624,969.1666666666666,850.6666666666667,0.2021883740189561,0,0.0,0,153.25289130964254,1144.5,820.5,132.67252918370102,795.5,883.5,173.83325343558406,970.0,852.0,795.5,883.5,1144.5,820.5,blink,1101,970.0,852.0,389,4.624
4.628,969.1666666666669,852.1666666666667,0.1869888222415288,0,0.0,0,152.72121115962506,1142.0,823.0,130.61393493804556,798.0,883.5,174.82848738120455,970.0,853.25,798.0,883.5,1142.0,823.0,blink,1102,970.0,852.0,389,4.628
4.632,970.6666666666669,853.0,0.2209330979932841,0,0.0,0,152.46124516164997,1140.0,827.0,138.24615727028365,800.0,884.5,166.67633305301626,970.0,855.75,800.0,884.5,1140.0,827.0,blink,1103,970.0,852.0,389,4.632
4.636,968.5,849.0833333333334,0.2243310895250054,0,0.0,0,145.2868977861745,1136.0,820.5,130.77079184588584,800.5,883.0,159.80300372646315,968.25,851.75,800.5,883.0,1136.0,820.5,blink,1104,970.0,853.25,389,4.636
4.64,975.6666666666669,851.0833333333333,0.1930624806563348,1,0.0,0,150.84754342289014,1147.0,819.0,131.93938001976514,806.5,885.0,169.75570682601514,976.75,852.0,806.5,885.0,1147.0,819.0,blink,1105,975.0,853.25,390,4.64
4.644,974.4166666666666,853.0,0.2272917272338004,0,0.0,0,150.08907388008134,1143.0,822.5,131.3202193114221,807.0,887.5,168.8579284487406,975.0,855.0,807.0,887.5,1143.0,822.5,blink,1106,976.75,853.25,391,4.644
4.648,980.6666666666669,851.1666666666667,0.2350917177812623,0,0.0,0,149.1475871730339,1151.5,821.0,136.40014662748715,809.5,885.5,161.89502771858065,980.5,853.25,809.5,885.5,1151.5,821.0,blink,1107,976.75,855.0,391,4.648
4.652,979.6666666666669,854.1666666666667,0.2162773042212423,0,0.0,0,156.05804382915568,1157.5,823.5,139.46325680981354,803.0,889.5,172.6528308484978,980.25,856.5,803.0,889.5,1157.5,823.5,blink,1108,978.25,856.0,391,4.652
4.656,972.75,852.4166666666667,0.24804270778712,0,0.0,0,149.98632416729208,1139.5,823.5,140.52046114356443,804.5,889.0,159.45218719101973,972.0,856.25,804.5,889.0,1139.5,823.5,blink,1109,978.25,856.25,391,4.656
4.66,978.9166666666669,853.9166666666667,0.2222746476385523,0,0.0,0,152.65002427559304,1152.0,826.5,143.40502083260543,804.5,885.5,161.89502771858065,978.25,856.0,804.5,885.5,1152.0,826.5,blink,1110,978.25,856.25,391,4.66
4.664,976.75,855.0833333333334,0.2263947044311486,0,0.0,0,153.70529039553202,1145.0,823.5,144.80676779764127,807.0,892.0,162.60381299342276,976.0,857.75,807.0,892.0,1145.0,823.5,blink,1111,978.25,856.25,391,4.664
4.668,981.4166666666669,852.9166666666667,0.2239551244824184,0,0.0,0,154.16105410733036,1151.0,823.0,150.86417732516887,809.5,889.0,157.45793088949188,980.25,856.0,809.5,889.0,1151.0,823.0,blink,1112,980.25,856.5,392,4.668
4.672,982.5,855.25,0.2244472557763371,0,0.0,0,148.58569914944587,1156.0,826.5,137.64083696345355,808.5,889.5,159.53056133543816,982.25,858.0,808.5,889.5,1156.0,826.5,blink,1113,980.25,857.75,393,4.672
4.676,985.25,853.5,0.242171939724988,0,0.0,0,149.947607437576,1159.0,824.0,139.2838827718412,810.0,889.0,160.61133210331082,984.5,856.5,810.0,889.0,1159.0,824.0,blink,1114,982.25,858.0,394,4.676
4.68,980.4166666666669,857.25,0.2373930709349256,0,0.0,0,160.13775912997212,1150.0,827.0,154.40207252495026,807.5,894.5,165.873445734994,978.75,860.75,807.5,894.5,1150.0,827.0,blink,1115,982.25,858.0,395,4.68
4.684,984.5,856.0,0.2224027096105229,0,0.0,0,149.46121229608138,1159.0,826.5,138.2208377922808,810.0,890.5,160.70158679988197,984.5,858.5,810.0,890.5,1159.0,826.5,blink,1116,981.5,858.5,395,4.684
4.688,981.6666666666666,854.25,0.2449258284712506,0,0.0,0,150.53558755011755,1156.5,824.5,139.17614738165446,806.5,890.5,161.89502771858065,981.5,857.5,806.5,890.5,1156.5,824.5,blink,1117,981.5,860.25,395,4.688
4.692,971.9166666666669,856.9166666666667,0.2499778097789196,0,0.0,0,156.17425700387082,1141.0,829.0,143.68020044529447,800.0,891.5,168.66831356244717,970.5,860.25,800.0,891.5,1141.0,829.0,blink,1118,981.5,860.25,395,4.692
4.696,985.25,860.1666666666667,0.2245085464103061,0,0.0,0,152.62991731054336,1162.0,830.0,138.7515765676196,809.0,896.5,166.50825805346713,985.5,863.25,809.0,896.5,1162.0,830.0,blink,1119,975.25,861.5,396,4.696
4.7,972.0,858.5,0.2175975734863762,0,0.0,0,157.26384207145364,1142.0,829.5,141.4814475470194,800.0,893.5,173.04623659588788,971.0,861.5,800.0,893.5,1142.0,829.5,blink,1120,975.25,861.5,397,4.7
4.704,975.6666666666666,859.25,0.2314958978706684,0,0.0,0,155.16185941426778,1144.0,827.0,138.7515765676196,806.5,898.0,171.572142260916,975.25,862.5,806.5,898.0,1144.0,827.0,blink,1121,979.25,861.5,398,4.704
4.708,980.0833333333331,858.25,0.2191470158764483,0,187.49999999997902,0,152.01580010105775,1151.0,825.5,140.4314779527724,807.5,895.0,163.6001222493431,979.25,860.25,807.5,895.0,1151.0,825.5,visual intake,1122,978.5,861.5,399,4.708
4.712,983.25,856.6666666666666,0.2179431757283882,0,0.0,0,154.9698040952656,1157.0,827.5,150.136604464068,806.5,892.0,159.80300372646315,981.75,859.75,806.5,892.0,1157.0,827.5,blink,1123,978.5,861.5,399,4.712
4.716,979.5,858.1666666666667,0.2257183666300177,0,0.0,0,153.48115053134097,1146.0,830.0,146.1642911247477,811.0,893.0,160.79800993793424,978.5,861.5,811.0,893.0,1146.0,830.0,blink,1124,978.5,861.5,399,4.716
4.72,979.8333333333331,858.25,0.2328973318133011,0,62.500000000006885,0,155.0769601690186,1152.0,829.0,149.45233353815524,805.0,894.5,160.70158679988197,978.5,861.75,805.0,894.5,1152.0,829.0,visual intake,1125,978.5,861.75,399,4.72
4.724,978.8333333333331,858.9166666666667,0.2328415637822815,0,139.75424859372123,0,152.1527506547206,1149.0,831.0,146.4923206178399,804.5,893.0,157.8131806916013,976.75,862.0,804.5,893.0,1149.0,831.0,visual intake,1126,978.0,862.0,399,4.724
4.728,979.75,859.8333333333334,0.2326463239706218,0,318.68871959958415,0,154.56669466105888,1147.0,834.0,148.43180252223578,809.0,892.5,160.70158679988197,978.0,863.25,809.0,892.5,1147.0,834.0,visual intake,1127,977.75,863.25,399,4.728
4.732,978.6666666666669,860.4166666666666,0.2300912505773655,0,279.50849718744246,0,150.94141961884333,1146.0,836.0,140.18559127100045,809.5,891.5,161.69724796668618,977.75,863.75,809.5,891.5,1146.0,836.0,visual intake,1128,976.75,863.75,399,4.732
4.736,974.25,860.9166666666667,0.2299176952552775,0,176.77669529665636,0,153.56186759678087,1143.0,835.5,145.33065746772084,802.5,893.0,161.7930777258409,972.75,864.25,802.5,893.0,1143.0,835.5,visual intake,1129,976.25,864.25,399,4.736
4.74,977.5833333333331,861.8333333333333,0.2311331714164056,0,279.50849718744246,0,153.23709633750775,1143.0,836.5,142.8740704256724,809.5,894.0,163.6001222493431,976.25,865.25,809.5,894.0,1143.0,836.5,visual intake,1130,975.75,865.25,399,4.74
4.744,976.0833333333331,862.3333333333333,0.2172665190770495,0,375.0000000000413,0,149.91302842175182,1144.0,837.0,136.3084736911099,807.5,893.5,163.51758315239374,975.75,865.25,807.5,893.5,1144.0,837.0,visual intake,1131,974.25,865.25,399,4.744
4.748,973.5833333333331,863.0833333333334,0.2302824061766842,0,187.49999999997902,0,153.4858882244071,1145.5,834.5,140.46351839534705,799.0,897.5,166.50825805346713,972.25,866.0,799.0,897.5,1145.5,834.5,visual intake,1132,974.25,866.0,399,4.748
4.752,976.4166666666669,863.25,0.2270964054549059,0,187.50000000002066,0,153.2186802869167,1144.5,839.0,149.8966310495336,804.0,894.5,156.54072952429985,974.25,866.75,804.0,894.5,1144.5,839.0,visual intake,1133,974.25,866.75,399,4.752
4.756,974.6666666666669,866.4166666666667,0.2389096858120959,0,0.0,0,160.0679718798167,1151.0,839.5,150.28306624500314,797.5,900.5,169.85287751463028,974.25,870.0,797.5,900.5,1151.0,839.5,blink,1134,974.25,870.0,400,4.756
4.76,975.6666666666669,867.0,0.2210260437265311,0,0.0,0,157.5787892263756,1150.5,838.5,149.64624953536256,798.5,903.5,165.51132891738862,974.5,871.0,798.5,903.5,1150.5,838.5,blink,1135,974.25,870.0,401,4.76
4.764,970.8333333333334,866.75,0.236294007362495,0,0.0,0,151.80283457017157,1135.5,841.5,141.90842117365693,803.5,899.5,161.69724796668618,969.5,870.5,803.5,899.5,1135.5,841.5,blink,1136,970.25,870.5,402,4.764
4.768,969.3333333333331,865.4166666666667,0.2382966341873141,0,0.0,0,149.5396148064601,1138.0,841.0,142.61837188805654,798.0,898.0,156.46085772486356,968.0,869.5,798.0,898.0,1138.0,841.0,blink,1137,970.25,871.0,403,4.768
4.772,970.75,868.9166666666667,0.2288478836429261,0,0.0,0,158.49149507035992,1151.5,841.5,148.22280526288793,789.0,904.0,168.7601848778319,970.25,872.75,789.0,904.0,1151.5,841.5,blink,1138,970.25,872.5,403,4.772
4.776,971.6666666666669,869.0833333333333,0.2229556365758937,0,0.0,0,156.02985589794065,1151.0,841.0,144.55448799674122,791.5,904.5,167.50522379914003,971.25,872.75,791.5,904.5,1151.0,841.0,blink,1139,970.25,872.75,403,4.776
4.78,970.25,869.25,0.2220018898857442,0,0.0,0,156.4467907752114,1145.5,842.5,141.40014144264495,795.5,902.5,171.49344010777787,970.5,872.5,795.5,902.5,1145.5,842.5,blink,1140,970.25,872.75,403,4.78
4.784,969.0,871.25,0.2518997399067472,0,0.0,0,158.68677414584027,1150.5,844.5,147.70917371646215,787.5,905.5,169.66437457521835,969.0,875.0,787.5,905.5,1150.5,844.5,blink,1141,970.5,874.75,404,4.784
4.788,965.4166666666669,872.3333333333333,0.240461629731668,0,0.0,0,163.38103117051867,1149.5,844.5,154.0194792875239,780.0,908.0,172.74258305351347,964.75,876.25,780.0,908.0,1149.5,844.5,blink,1142,969.0,875.0,405,4.788
4.792,970.8333333333331,871.3333333333333,0.2292473638965589,0,0.0,0,156.9571280344866,1148.5,846.5,143.33875958721003,793.0,903.0,170.57549648176317,970.75,874.75,793.0,903.0,1148.5,846.5,blink,1143,964.75,876.25,406,4.792
4.796,961.9166666666666,876.0833333333333,0.2082683463369097,0,0.0,0,155.3144647700549,1142.0,850.0,142.12670403551894,781.0,912.5,168.50222550459088,961.5,881.25,781.0,912.5,1142.0,850.0,blink,1144,964.75,879.5,406,4.796
4.8,963.4166666666669,875.9166666666667,0.2399963856288272,0,0.0,0,161.98514625364658,1145.5,851.0,146.5639792036229,781.5,908.0,177.40631330367023,963.5,879.5,781.5,908.0,1145.5,851.0,blink,1145,964.5,880.0,407,4.8
4.804,965.5,876.5833333333334,0.2305699665177851,0,0.0,0,161.99760858743224,1147.0,849.5,154.49595463959565,783.5,910.5,169.49926253526883,965.25,880.0,783.5,910.5,1147.0,849.5,blink,1146,964.5,880.5,407,4.804
4.808,965.6666666666669,877.5,0.2271597184926898,0,0.0,0,163.30187131043078,1146.5,852.0,157.17824276915684,782.5,912.0,169.42549985170473,964.5,882.0,782.5,912.0,1146.5,852.0,blink,1147,965.25,880.5,407,4.808
4.812,973.0833333333331,876.25,0.236547008716126,0,0.0,0,155.97796964291672,1149.5,852.5,147.70917371646215,796.0,908.5,164.24676556937126,972.75,880.5,796.0,908.5,1149.5,852.5,blink,1148,969.0,882.0,408,4.812
4.816,970.0833333333331,880.6666666666667,0.2267327357632476,0,0.0,0,166.43931332839605,1158.0,855.0,164.4506004853737,780.0,914.0,168.4280261714184,969.0,884.5,780.0,914.0,1158.0,855.0,blink,1149,971.25,884.5,408,4.816
4.82,973.3333333333334,882.3333333333333,0.238920781620413,0,0.0,0,157.22105546678984,1160.5,854.5,145.7737973711325,786.0,918.5,168.66831356244717,973.25,886.5,786.0,918.5,1160.5,854.5,blink,1150,972.75,886.5,408,4.82
4.824,971.6666666666669,883.1666666666667,0.2489349413443329,0,0.0,0,160.9226602536098,1159.0,861.0,154.2595215861893,783.5,916.0,167.5857989210303,971.25,888.5,783.5,916.0,1159.0,861.0,blink,1151,972.5,888.5,408,4.824
4.828,975.4166666666666,885.1666666666667,0.2465295330715342,0,0.0,0,155.60034799557434,1163.0,859.0,142.61837188805654,788.0,920.0,168.58232410309213,975.5,889.5,788.0,920.0,1163.0,859.0,blink,1152,973.25,889.5,409,4.828
4.832,972.4166666666666,885.5833333333333,0.2475493692050713,0,0.0,0,161.49780388447988,1161.5,860.5,149.64624953536256,783.5,921.5,173.34935823359717,972.5,891.0,783.5,921.5,1161.5,860.5,blink,1153,975.5,891.0,410,4.832
4.836,976.9166666666669,889.0,0.2312975151858657,0,0.0,0,163.6732757034668,1164.0,862.5,156.92354826475216,788.0,927.0,170.42300314218147,976.0,894.75,788.0,927.0,1164.0,862.5,blink,1154,976.0,892.0,411,4.836
4.84,979.8333333333334,888.1666666666666,0.2147430581580873,0,0.0,0,161.33889873805467,1166.0,861.5,157.4325252290644,791.5,922.5,165.24527224704494,978.75,892.0,791.5,922.5,1166.0,861.5,blink,1155,978.0,894.0,412,4.84
4.844,978.5833333333331,889.6666666666666,0.2342466859676893,0,0.0,0,163.6732757034668,1167.0,864.5,156.92354826475216,789.0,925.0,170.42300314218147,978.0,894.75,789.0,925.0,1167.0,864.5,blink,1156,978.0,894.75,413,4.844
4.848,980.5,888.6666666666666,0.2313191527105513,0,0.0,0,160.82030133512467,1165.5,866.0,152.34500319997372,794.5,922.0,169.29559947027565,980.0,894.0,794.5,922.0,1165.5,866.0,blink,1157,978.75,894.75,413,4.848
4.852,976.3333333333331,891.5833333333333,0.2390790121126917,0,0.0,0,163.1722781553646,1166.0,866.0,155.76905982896602,786.0,927.0,170.57549648176317,976.0,896.5,786.0,927.0,1166.0,866.0,blink,1158,980.0,896.5,414,4.852
4.856,985.3333333333331,894.5833333333334,0.2296734489314272,0,0.0,0,162.20866056426715,1170.0,870.0,161.04657711357916,797.5,928.5,163.37074401495514,983.75,899.25,797.5,928.5,1170.0,870.0,blink,1159,983.75,899.25,414,4.856
4.86,986.1666666666666,896.0833333333333,0.2418501933173387,0,0.0,0,159.08980498393515,1169.0,872.0,154.7384890710776,800.5,931.0,163.44112089679268,984.75,901.5,800.5,931.0,1169.0,872.0,blink,1160,984.75,900.75,415,4.86
4.864,987.1666666666669,897.25,0.2469379827842099,0,0.0,0,157.47266180032415,1173.0,875.5,154.49595463959565,799.0,930.0,160.44936896105264,986.0,902.75,799.0,930.0,1173.0,875.5,blink,1161,986.0,901.5,415,4.864
4.868,992.1666666666669,896.8333333333333,0.2359858641769863,0,0.0,0,155.95858411019844,1177.0,871.5,151.11915828246265,806.0,930.0,160.79800993793424,991.5,900.75,806.0,930.0,1177.0,871.5,blink,1162,989.25,902.75,416,4.868
4.872,990.0833333333334,902.5833333333334,0.2384132505590672,0,0.0,0,155.9772990287752,1178.5,878.5,149.64624953536256,800.0,936.0,162.30834852218786,989.25,907.25,800.0,936.0,1178.5,878.5,blink,1163,989.25,905.75,416,4.872
4.876,998.25,901.3333333333334,0.243300298310188,0,0.0,0,154.0098090856436,1183.5,875.0,148.48905683584903,810.5,936.5,159.53056133543816,997.0,905.75,810.5,936.5,1183.5,875.0,blink,1164,991.5,906.25,416,4.876
4.88,989.5833333333331,902.9166666666666,0.2249969733644563,0,0.0,0,159.6196271044141,1168.0,880.5,158.86157496386593,805.0,934.5,160.37767924496225,986.5,907.5,805.0,934.5,1168.0,880.5,blink,1165,989.25,907.25,416,4.88
4.884,995.5,902.5,0.2479223202484693,0,0.0,0,152.398209669501,1176.0,877.5,138.49548729110273,813.0,935.0,166.30093204789924,994.5,906.25,813.0,935.0,1176.0,877.5,blink,1166,988.25,907.5,417,4.884
4.888,990.9166666666669,906.9166666666669,0.2406410158841492,0,0.0,0,157.44111355153973,1172.0,882.0,155.76905982896602,804.5,940.0,159.11316727411344,988.25,911.0,804.5,940.0,1172.0,882.0,blink,1167,988.25,911.0,418,4.888
4.892,988.0,910.5833333333331,0.2205394823882085,0,0.0,0,155.4883189010862,1172.0,886.0,150.86417732516887,801.0,944.0,160.11246047700348,986.5,915.0,801.0,944.0,1172.0,886.0,blink,1168,989.25,915.0,418,4.892
4.896,991.5,911.25,0.2198243770429375,0,0.0,0,159.2576428507313,1178.5,886.0,159.20113064925135,802.5,946.0,159.31415505221122,990.5,916.0,802.5,946.0,1178.5,886.0,blink,1169,989.25,916.0,419,4.896
4.9,991.4166666666666,913.9166666666669,0.2224894680443276,0,0.0,0,160.10974153660226,1174.5,891.0,158.14234094637652,804.0,945.5,162.077142126828,989.25,918.25,804.0,945.5,1174.5,891.0,blink,1170,990.5,917.0,419,4.9
4.904,992.75,912.75,0.2304270032302833,0,0.0,0,160.6775764713575,1176.5,888.5,159.8311609167624,805.5,945.5,161.5239920259526,991.0,917.0,805.5,945.5,1176.5,888.5,blink,1171,991.0,918.25,419,4.904
4.908,994.0833333333331,917.4166666666666,0.2217567583716012,0,0.0,0,160.64019437317734,1180.0,891.0,155.76905982896602,804.5,951.5,165.51132891738862,992.25,921.25,804.5,951.5,1180.0,891.0,blink,1172,991.5,920.25,420,4.908
4.912,993.75,917.5833333333334,0.2301073049341914,0,0.0,0,159.67573369109053,1175.5,894.0,154.27572718998928,807.5,951.5,165.07574019219177,991.5,922.75,807.5,951.5,1175.5,894.0,blink,1173,992.25,921.25,421,4.912
4.916,996.9166666666666,916.9166666666669,0.2455690593447572,0,0.0,0,160.30526947519593,1182.0,889.5,148.1924424523734,809.0,951.0,172.41809649801846,995.5,920.25,809.0,951.0,1182.0,889.5,blink,1174,993.75,922.75,422,4.916
4.92,1002.0833333333334,919.1666666666669,0.2490432562332218,0,0.0,0,162.39277069153871,1189.0,894.0,154.7384890710776,811.0,953.0,170.0470523119998,1000.0,923.5,811.0,953.0,1189.0,894.0,blink,1175,993.75,923.5,423,4.92
4.924,995.1666666666669,921.5833333333334,0.2406566569233766,0,0.0,0,157.08598889031884,1182.0,897.0,145.06550244630873,805.5,954.0,169.10647533432893,993.75,925.5,805.5,954.0,1182.0,897.0,blink,1176,993.75,925.5,423,4.924
4.928,993.1666666666669,923.5,0.2347696081997111,0,0.0,0,160.2870927249288,1183.0,897.0,148.43180252223578,801.0,957.5,172.14238292762187,992.0,927.25,801.0,957.5,1183.0,897.0,blink,1177,993.75,927.25,423,4.928
4.932,994.4166666666669,924.0,0.2349894170089554,0,0.0,0,163.89401792658538,1180.0,898.5,157.4325252290644,804.0,957.5,170.35551062410633,992.0,928.0,804.0,957.5,1180.0,898.5,blink,1178,993.75,928.0,423,4.932
4.936,998.0,924.5,0.2459546334950185,0,0.0,0,163.5141027736779,1179.5,899.5,155.9551217498162,811.5,957.5,171.0730837975396,995.5,928.5,811.5,957.5,1179.5,899.5,blink,1179,992.0,928.5,423,4.936
4.94,998.75,927.5833333333331,0.240132284603687,0,0.0,0,163.34782791026672,1187.0,903.5,152.55490814785344,807.0,959.5,174.14074767268,997.0,931.5,807.0,959.5,1187.0,903.5,blink,1180,993.75,931.5,424,4.94
4.944,992.4166666666669,931.8333333333331,0.2427442694346665,0,0.0,0,159.52216021803406,1182.0,906.0,152.80052355931247,798.0,967.5,166.24379687675568,990.0,936.75,798.0,967.5,1182.0,906.0,blink,1181,994.25,936.25,424,4.944
4.948,996.0833333333331,934.25,0.2367867236214115,0,0.0,0,160.32320977718945,1183.5,908.5,154.53802121160993,804.0,969.0,166.10839834276894,993.75,938.75,804.0,969.0,1183.5,908.5,blink,1182,993.75,936.75,425,4.948
4.952,996.25,931.9166666666669,0.2450395994210582,0,0.0,0,165.02926964618956,1185.5,907.5,155.9551217498162,803.0,965.0,174.1034175425629,994.25,936.25,803.0,965.0,1185.5,907.5,blink,1183,993.25,938.75,426,4.952
4.956,994.9166666666669,936.0833333333331,0.2388709856174276,0,0.0,0,168.951392558417,1191.0,910.5,160.80111939908875,795.5,971.0,177.1016657177453,993.25,940.75,795.5,971.0,1191.0,910.5,blink,1184,993.25,940.75,427,4.956
4.96,994.75,939.4166666666669,0.240159819007598,0,0.0,0,162.0950608064831,1190.5,913.5,152.0855022676389,796.0,975.0,172.10461934532728,993.25,944.25,796.0,975.0,1190.5,913.5,blink,1185,993.25,943.25,428,4.96
4.964,995.0,939.4166666666669,0.2385561526441186,0,0.0,0,158.7739559890419,1189.5,912.0,149.40214188558343,796.0,974.5,168.14577009250038,992.75,943.25,796.0,974.5,1189.5,912.0,blink,1186,993.25,944.25,429,4.964
4.968,996.1666666666666,940.0833333333334,0.2323570150872232,0,0.0,0,161.4910328420105,1194.5,915.5,155.9551217498162,795.5,973.5,167.0269439342048,995.0,944.5,795.5,973.5,1194.5,915.5,blink,1187,993.25,944.5,429,4.968
4.972,992.5,943.0,0.231359487037771,0,0.0,0,165.46010671771975,1192.0,919.0,154.7384890710776,793.0,975.0,176.1817243643619,992.5,947.0,793.0,975.0,1192.0,919.0,blink,1188,992.75,946.75,430,4.972
4.976,996.4166666666669,943.0833333333331,0.2277450960739505,0,0.0,0,164.78522792486154,1195.5,914.5,155.46703830716015,796.0,979.0,174.1034175425629,995.75,946.75,796.0,979.0,1195.5,914.5,blink,1189,993.75,947.0,431,4.976
4.98,991.6666666666666,945.6666666666669,0.2319275217548453,0,0.0,0,173.65809970962755,1197.5,919.5,163.24827717314508,785.0,979.5,184.06792224611,991.25,949.5,785.0,979.5,1197.5,919.5,blink,1190,992.5,949.5,432,4.98
4.984,993.0833333333331,949.75,0.2218102539691061,0,0.0,0,169.1197282443475,1197.5,923.5,154.0194792875239,790.0,983.5,184.2199772011711,993.75,953.5,790.0,983.5,1197.5,923.5,blink,1191,991.25,953.5,432,4.984
4.988,990.5833333333334,949.8333333333331,0.2258041902853718,0,0.0,0,170.41761905116374,1193.0,924.0,154.7384890710776,788.0,983.0,186.09674903124989,990.5,953.5,788.0,983.0,1193.0,924.0,blink,1192,990.5,953.5,433,4.988
4.992,986.3333333333334,950.5,0.2257785800069915,0,0.0,0,174.8008082248748,1191.0,925.0,162.50538452617502,780.5,983.0,187.09623192357452,985.75,954.0,780.5,983.0,1191.0,925.0,blink,1193,986.5,954.0,434,4.992
4.996,986.25,952.5,0.2336505614850453,0,0.0,0,172.1723357831027,1193.5,926.5,161.3009609394811,779.5,987.0,183.0437106267244,986.5,956.75,779.5,987.0,1193.5,926.5,blink,1194,986.0,956.75,434,4.996
5.0,986.75,954.3333333333334,0.2055685727344549,0,0.0,0,175.6354407536825,1188.5,926.5,166.13849644197458,783.5,988.5,185.1323850653904,986.0,957.5,783.5,988.5,1188.5,926.5,blink,1195,985.75,957.5,435,5.0
5.004,985.75,953.9166666666669,0.2268681020825126,0,0.0,0,175.80029931900407,1191.0,927.0,162.50538452617502,778.5,989.0,189.0952141118331,984.75,958.0,778.5,989.0,1191.0,927.0,blink,1196,986.0,958.0,435,5.004
5.008,983.8333333333331,955.8333333333331,0.2123830509714016,0,0.0,0,172.04041165353004,1192.5,930.0,160.0781059358212,775.0,990.5,184.00271737123884,983.75,960.25,775.0,990.5,1192.5,930.0,blink,1197,984.75,960.25,436,5.008
5.0120000000000005,985.5,958.5,0.2315832041364024,0,0.0,0,177.540093669809,1199.5,933.0,162.0154313638056,772.5,994.5,193.06475597581243,986.0,963.75,772.5,994.5,1199.5,933.0,blink,1198,984.75,961.5,437,5.0120000000000005
5.016,985.0833333333331,957.1666666666669,0.2172535122813449,0,0.0,0,184.77807310079876,1195.5,930.0,168.46661390317072,773.5,993.0,201.08953229842672,984.5,961.5,773.5,993.0,1195.5,930.0,blink,1199,984.5,962.0,437,5.016
5.0200000000000005,986.5,958.1666666666669,0.2239307886681937,0,0.0,0,184.03233547283585,1198.0,928.0,167.90473489452285,772.0,996.0,200.1599360511489,985.0,962.0,772.0,996.0,1198.0,928.0,blink,1200,985.0,963.75,437,5.0200000000000005
5.024,979.5833333333334,962.25,0.2147155391739768,0,0.0,0,176.88875442960372,1184.5,932.0,158.68522300453813,771.5,1001.0,195.0922858546693,978.0,966.5,771.5,1001.0,1184.5,932.0,blink,1201,985.0,966.5,438,5.024
5.0280000000000005,985.0833333333331,963.4166666666666,0.2239027025533638,0,0.0,0,175.90412665201688,1198.0,938.5,162.74212730574712,772.5,998.5,189.06612599828665,985.25,968.5,772.5,998.5,1198.0,938.5,blink,1202,985.25,968.5,438,5.0280000000000005
5.032,986.3333333333334,965.8333333333331,0.2246005494284081,0,0.0,0,179.2041215795627,1200.5,935.5,167.14664220378464,770.5,1004.0,191.26160095534075,985.5,969.75,770.5,1004.0,1200.5,935.5,blink,1203,985.25,969.0,439,5.032
5.0360000000000005,985.3333333333334,964.1666666666666,0.2357591593621212,0,0.0,0,189.07252926386485,1203.0,936.5,172.02616080119907,768.0,1001.5,206.11889772653063,985.5,969.0,768.0,1001.5,1203.0,936.5,blink,1204,985.25,969.75,439,5.0360000000000005
5.04,978.5833333333331,967.6666666666669,0.2365945222511852,0,0.0,0,177.3495051278467,1192.5,941.0,161.533278305122,763.5,1004.0,193.1657319505714,978.0,972.5,763.5,1004.0,1192.5,941.0,blink,1205,981.5,972.5,440,5.04
5.0440000000000005,981.1666666666666,970.0833333333331,0.2208559205287435,0,0.0,0,182.70716699423065,1198.0,941.5,169.04733065032408,765.0,1007.0,196.36700333813724,981.5,974.25,765.0,1007.0,1198.0,941.5,blink,1206,981.5,974.25,441,5.0440000000000005
5.048,978.3333333333334,970.75,0.2212608847795576,0,0.0,1,180.90353601127208,1193.0,941.5,168.6801707374047,764.5,1008.5,193.12690128513947,978.75,975.0,764.5,1008.5,1193.0,941.5,blink,1207,980.0,975.0,441,5.048
5.0520000000000005,982.4166666666669,971.5,0.2403964133591221,0,0.0,1,182.6329932085953,1200.0,943.0,172.2556240010758,764.5,1011.0,193.01036241611484,982.25,977.0,764.5,1011.0,1200.0,943.0,blink,1208,981.0,975.0,441,5.0520000000000005
5.056,979.8333333333331,971.0,0.2112659648030576,0,0.0,1,180.1247706592049,1198.0,941.5,168.121979526771,762.0,1008.5,192.12756179163884,980.0,975.0,762.0,1008.5,1198.0,941.5,blink,1209,981.0,975.0,441,5.056
5.0600000000000005,980.4166666666666,970.25,0.2138732857712009,0,0.0,1,182.5430993973768,1202.5,941.5,171.95929750961415,759.5,1008.5,193.12690128513947,981.0,975.0,759.5,1008.5,1202.5,941.5,blink,1210,981.0,975.5,441,5.0600000000000005
5.064,983.9166666666666,974.3333333333331,0.2415784023814021,0,0.0,1,178.39558519133897,1203.5,947.0,171.72361514946044,763.5,1013.5,185.06755523321743,983.5,980.25,763.5,1013.5,1203.5,947.0,blink,1211,980.0,975.5,441,5.064
5.0680000000000005,977.9166666666669,971.4166666666669,0.2302108759519708,0,0.0,1,183.54366378212063,1196.5,940.0,167.83622970026465,759.5,1011.0,199.25109786397664,978.0,975.5,759.5,1011.0,1196.5,940.0,blink,1212,978.0,979.75,442,5.0680000000000005
5.072,976.1666666666669,974.9166666666669,0.2496438256959273,0,0.0,1,179.90332304801433,1195.5,944.0,163.6001222493431,756.0,1015.5,196.2065238466856,975.75,979.75,756.0,1015.5,1195.5,944.0,blink,1213,978.0,979.75,443,5.072
5.0760000000000005,977.0,977.5833333333334,0.235075515225461,0,0.0,1,188.23577003970587,1203.0,947.5,170.06175348972502,753.0,1016.5,206.4097865896867,978.0,982.0,753.0,1016.5,1203.0,947.5,blink,1214,975.75,979.75,444,5.0760000000000005
5.08,975.0833333333331,972.75,0.2176718816776154,0,0.0,1,181.3215183898591,1199.5,941.0,166.388100536066,752.0,1014.0,196.25493624365225,975.75,977.5,752.0,1014.0,1199.5,941.0,blink,1215,975.75,982.0,444,5.08
5.0840000000000005,975.25,978.0833333333331,0.2057675686670443,0,0.0,1,177.55576601373485,1192.5,947.5,160.85397104206038,757.0,1017.0,194.25756098540927,974.75,982.25,757.0,1017.0,1192.5,947.5,blink,1216,975.5,982.25,445,5.0840000000000005
5.088,974.4166666666666,979.3333333333334,0.2184349749794452,0,0.0,1,181.44545788564807,1202.5,956.0,173.761330565808,747.5,1014.5,189.12958520548813,975.0,985.25,747.5,1014.5,1202.5,956.0,blink,1217,975.0,984.75,446,5.088
5.0920000000000005,975.4166666666669,978.9166666666666,0.2317964021868984,0,0.0,1,185.8250445204777,1206.0,951.5,177.48521065147935,745.0,1018.0,194.164878389476,975.5,984.75,745.0,1018.0,1206.0,951.5,blink,1218,975.0,985.0,447,5.0920000000000005
5.096,974.0833333333331,980.0,0.2174347596972426,0,0.0,1,181.69295270921788,1195.0,952.0,168.34488409215172,753.5,1018.0,195.04102132628407,974.25,985.0,753.5,1018.0,1195.0,952.0,blink,1219,975.0,985.25,447,5.096
5.1000000000000005,980.5,981.5,0.2160243108261325,0,0.0,1,190.29266226968585,1214.5,950.5,182.28000438885223,747.0,1023.5,198.3053201505194,980.75,987.0,747.0,1023.5,1214.5,950.5,blink,1220,974.25,985.0,447,5.1000000000000005
5.104,968.0,981.1666666666669,0.215183157569805,0,0.0,1,186.61754592633864,1200.0,957.0,175.11139311878026,737.0,1015.5,198.12369873389704,968.5,986.25,737.0,1015.5,1200.0,957.0,blink,1221,970.5,986.25,448,5.104
5.1080000000000005,972.0833333333331,980.9166666666666,0.2053774481796439,0,419.2627457811637,1,172.3000315783088,1191.0,952.5,158.38244852255568,750.0,1016.5,186.21761463406196,970.5,984.5,750.0,1016.5,1191.0,952.5,visual intake,1222,969.0,987.0,449,5.1080000000000005
5.112,967.5,983.8333333333331,0.2352284497297428,0,176.77669529665636,1,194.22197920123017,1200.5,958.5,173.44163283364233,734.5,1018.5,215.002325568818,967.5,988.5,734.5,1018.5,1200.5,958.5,visual intake,1223,968.5,987.5,449,5.112
5.1160000000000005,969.8333333333334,983.5833333333331,0.235497448756941,0,353.5533905932342,1,185.68844282685197,1199.0,952.5,175.35392781457733,739.0,1022.5,196.02295783912655,969.0,987.5,739.0,1022.5,1199.0,952.5,visual intake,1224,967.5,988.5,449,5.1160000000000005
5.12,966.75,985.1666666666669,0.2216007197399439,0,312.5000000000344,1,188.7277870088555,1196.0,957.5,174.4161689752415,736.5,1022.0,203.03940504246955,966.25,989.75,736.5,1022.0,1196.0,957.5,visual intake,1225,966.25,988.5,449,5.12
5.124,965.25,986.4166666666669,0.237015515173814,0,336.5728004459435,1,192.5780534222752,1197.5,956.5,183.13383084509536,734.0,1024.5,202.02227599945508,965.75,990.5,734.0,1024.5,1197.5,956.5,visual intake,1226,965.75,989.75,449,5.124
5.128,960.5,983.0,0.2272122203837733,0,499.99999999994407,1,192.7867250049873,1195.0,955.0,181.41664752717708,728.0,1021.0,204.15680248279756,961.5,988.0,728.0,1021.0,1195.0,955.0,visual intake,1227,963.75,989.75,449,5.128
5.132,963.9166666666669,985.5833333333334,0.2295386084288221,0,197.6423537605455,1,197.93497997736665,1205.0,961.0,190.67249408344145,722.5,1020.5,205.19746587129188,963.75,990.75,722.5,1020.5,1205.0,961.0,visual intake,1228,963.5,990.5,449,5.132
5.136,963.8333333333331,985.0,0.2396325241880035,0,0.0,1,184.6814171051118,1195.5,954.0,172.20046457544765,731.5,1025.0,197.1623696347759,963.5,989.5,731.5,1025.0,1195.5,954.0,blink,1229,961.5,990.75,450,5.136
5.14,960.5833333333331,988.0,0.2263396777554565,0,0.0,1,190.6481775009756,1194.0,961.5,179.2344832893492,727.0,1024.5,202.06187171260197,960.5,993.0,727.0,1024.5,1194.0,961.5,blink,1230,960.5,990.75,451,5.14
5.144,958.4166666666669,985.4166666666669,0.2395176284188286,0,0.0,1,192.5193714749825,1197.0,954.0,179.97777640586628,721.5,1027.5,205.0609665440988,959.25,990.75,721.5,1027.5,1197.0,954.0,blink,1231,959.25,990.75,451,5.144
5.148,952.6666666666669,985.25,0.2435077212003394,0,0.0,1,194.2674855987444,1192.0,956.0,181.41664752717708,713.5,1023.5,207.1183236703117,952.75,989.75,713.5,1023.5,1192.0,956.0,blink,1232,953.75,990.75,452,5.148
5.152,952.9166666666666,988.8333333333331,0.2333027798781431,0,279.50849718744246,1,197.18880321037844,1197.0,959.5,187.0855419320264,710.5,1026.5,207.2920644887305,953.75,993.0,710.5,1026.5,1197.0,959.5,visual intake,1233,953.25,989.75,453,5.152
5.4,947.5,946.0833333333331,0.2088392215175782,0,154.24704771880965,1,192.52508681842505,1196.0,904.0,177.53872816937718,698.0,989.5,207.51144546747292,947.0,946.75,698.0,989.5,1196.0,904.0,visual intake,1234,952.75,951.5,453,5.4
5.404,954.1666666666669,942.6666666666666,0.2169103944183362,0,0.0,1,201.37829387011004,1208.0,899.5,187.0855419320264,698.5,990.5,215.67104580819367,953.25,945.0,698.5,990.5,1208.0,899.5,blink,1235,950.0,950.5,454,5.404
5.408,951.6666666666666,947.25,0.2056815386929368,0,0.0,1,206.70474050054844,1209.5,906.5,191.90101615155663,690.5,996.5,221.50846484954025,950.0,951.5,690.5,996.5,1209.5,906.5,blink,1236,947.0,946.75,454,5.408
5.412,946.5,946.1666666666666,0.2247031421327365,0,0.0,1,213.6144294107885,1211.0,907.0,193.68014869882768,680.5,994.0,233.54871012274933,945.75,950.5,680.5,994.0,1211.0,907.0,blink,1237,948.0,947.0,455,5.412
5.416,947.0833333333331,944.0,0.2058518460705192,0,0.0,1,206.3704493741624,1206.0,901.0,182.42806801586207,688.0,992.0,230.31283073246263,947.0,946.5,688.0,992.0,1206.0,901.0,blink,1238,948.0,947.25,455,5.416
5.42,948.75,944.5833333333331,0.2109914948829607,0,0.0,1,209.26264249139103,1204.0,902.5,182.16750533506243,692.0,991.5,236.35777964771967,948.0,947.0,692.0,991.5,1204.0,902.5,blink,1239,947.0,947.0,455,5.42
5.424,954.9166666666669,943.5833333333331,0.1963452504270798,0,0.0,1,211.421678079788,1210.0,903.5,185.53975315279476,698.5,991.0,237.3036030067812,954.25,947.25,698.5,991.0,1210.0,903.5,blink,1240,948.0,946.5,455,5.424
5.428,950.0,941.6666666666669,0.1864188056000506,1,0.0,1,214.6359443376624,1207.5,902.0,181.463494951464,686.5,985.0,247.8083937238608,947.0,943.5,686.5,985.0,1207.5,902.0,blink,1241,954.25,943.5,456,5.428
6.0200000000000005,1003.75,848.1666666666667,0.1716563433236482,1,0.0,0,208.2667243681069,1263.5,808.0,172.7917822120022,746.5,892.5,243.74166652421167,1005.0,850.25,746.5,892.5,1263.5,808.0,blink,1242,1001.0,855.5,457,6.0200000000000005
6.024,1003.4166666666666,847.5833333333334,0.2072002357101662,0,0.0,0,214.05695432075996,1259.5,809.5,185.58555978308223,746.0,893.0,242.5283488584376,1002.75,851.25,746.0,893.0,1259.5,809.5,blink,1243,1001.0,855.5,457,6.024
6.0280000000000005,1000.8333333333331,852.25,0.2170097779073499,0,0.0,0,219.15516614736453,1263.0,814.5,189.42280749687984,739.0,896.5,248.8875247978492,1001.0,855.5,739.0,896.5,1263.0,814.5,blink,1244,1002.75,851.5,458,6.0280000000000005
6.032,1000.75,851.6666666666667,0.2145334444929846,0,0.0,0,214.51287025020568,1260.5,816.0,189.19038030513076,741.5,897.0,239.83536019528063,1001.0,856.5,741.5,897.0,1260.5,816.0,blink,1245,1002.75,855.5,458,6.032
6.0360000000000005,1002.9166666666669,848.1666666666667,0.1949746831677141,0,0.0,0,220.09399331651468,1266.5,812.5,200.58414693090776,739.5,890.5,239.60383970212163,1003.0,851.5,739.5,890.5,1266.5,812.5,blink,1246,1003.0,856.5,459,6.0360000000000005
6.04,1006.5,853.6666666666667,0.2088660425270634,0,0.0,0,223.79611111863292,1279.5,815.0,203.24615617521528,735.0,901.5,244.3460660620506,1007.25,858.25,735.0,901.5,1279.5,815.0,blink,1247,1003.0,856.5,459,6.04
6.0440000000000005,1003.25,853.0,0.2108737971159575,0,0.0,0,218.9886299977494,1273.5,814.5,196.22945752358385,733.5,900.5,241.74780247191487,1003.5,857.5,733.5,900.5,1273.5,814.5,blink,1248,1003.5,856.25,459,6.0440000000000005
6.048,1000.5833333333334,851.6666666666666,0.2109547287700822,0,0.0,0,219.5544237919137,1267.5,817.0,194.5173514111273,736.0,895.5,244.59149617270015,1001.75,856.25,736.0,895.5,1267.5,817.0,blink,1249,1005.25,856.25,459,6.048
6.0520000000000005,1003.9166666666669,850.9166666666667,0.2026969766194085,0,0.0,0,221.0443084491498,1275.5,814.0,195.5019181491578,735.0,897.5,246.5866987491418,1005.25,855.75,735.0,897.5,1275.5,814.0,blink,1250,1005.25,855.75,459,6.0520000000000005
6.056,1004.9166666666669,848.6666666666667,0.2033260991667587,0,0.0,0,217.63145309650577,1271.0,811.5,196.72569735548024,740.0,895.0,238.53720883753127,1005.5,853.25,740.0,895.0,1271.0,811.5,blink,1251,1005.25,853.5,460,6.056
6.0600000000000005,1008.3333333333334,849.5833333333333,0.203359719813383,0,0.0,0,223.41165534534292,1280.5,812.0,202.2992832414391,737.0,895.0,244.5240274492468,1008.75,853.5,737.0,895.0,1280.5,812.0,blink,1252,1005.5,853.5,461,6.0600000000000005
6.064,1004.0833333333334,849.3333333333334,0.2025468932854455,0,0.0,0,224.4095296622069,1273.5,810.0,202.2992832414391,736.0,897.0,246.51977608297477,1004.75,853.5,736.0,897.0,1273.5,810.0,blink,1253,1008.75,853.25,462,6.064
6.0680000000000005,1009.5,847.0833333333333,0.1938568683935212,0,0.0,0,223.07902735520884,1277.5,810.5,198.64037857394453,743.5,892.0,247.51767613647317,1010.5,851.25,743.5,892.0,1277.5,810.5,blink,1254,1010.5,851.25,462,6.0680000000000005
6.072,1010.9166666666669,845.8333333333333,0.1843983302765234,0,0.0,0,220.434998526724,1277.5,806.5,194.28329830430613,747.0,891.5,246.5866987491418,1012.25,849.0,747.0,891.5,1277.5,806.5,blink,1255,1010.5,851.25,463,6.072
6.0760000000000005,1010.5833333333334,847.1666666666667,0.198841864313304,0,62.49999999999301,0,218.73445238381947,1272.5,812.0,196.0025510038071,748.5,890.5,241.46635376383188,1010.5,851.25,748.5,890.5,1272.5,812.0,visual intake,1256,1010.5,851.0,463,6.0760000000000005
6.08,1010.25,846.1666666666666,0.2078810006021779,0,419.26274578125674,0,225.0570546260408,1272.0,810.0,204.71443525066812,746.5,892.0,245.39967400141344,1009.25,851.0,746.5,892.0,1272.0,810.0,visual intake,1257,1009.75,849.5,463,6.08
6.0840000000000005,1007.5,844.25,0.2016555299459298,0,124.99999999998602,0,228.0486214442798,1277.5,810.0,204.70710783946905,737.5,888.0,251.3901350490906,1007.5,849.0,737.5,888.0,1277.5,810.0,visual intake,1258,1009.25,849.5,463,6.0840000000000005
6.088,1010.1666666666669,845.0833333333333,0.1926566215324212,0,455.0068680800825,0,222.55785970389712,1272.5,812.0,200.82081565415476,747.0,887.0,244.29490375363952,1009.75,849.5,747.0,887.0,1272.5,812.0,visual intake,1259,1007.5,849.0,463,6.088
6.0920000000000005,1005.1666666666666,837.1666666666667,0.2224759563598642,0,374.99999999995805,0,220.23701341857583,1269.5,804.5,198.17668884104407,740.0,879.0,242.2973379961076,1004.75,841.75,740.0,879.0,1269.5,804.5,visual intake,1260,1006.0,849.0,463,6.0920000000000005
6.096,1005.8333333333334,839.75,0.211777247383054,0,0.0,0,217.3343425249681,1273.0,804.5,192.41881404893857,739.0,883.5,242.24987100099764,1006.0,844.0,739.0,883.5,1273.0,804.5,blink,1261,1006.0,849.0,463,6.096
6.1000000000000005,1006.5,844.5833333333334,0.2159301725751335,0,0.0,0,224.267058173512,1270.5,806.0,198.40614909825757,741.0,894.0,250.12796724876648,1005.75,850.0,741.0,894.0,1270.5,806.0,blink,1262,1006.0,844.75,464,6.1000000000000005
6.104,1008.9166666666666,843.75,0.2142672855430614,0,0.0,0,222.22782099676647,1270.5,806.0,204.2473990042468,747.0,892.0,240.20824298928628,1008.75,849.0,747.0,892.0,1270.5,806.0,blink,1263,1006.0,849.0,464,6.104
6.1080000000000005,1010.0,840.0,0.2076007447105732,0,0.0,0,217.85765825908263,1275.0,806.5,189.42280749687984,745.0,883.0,246.2925090212855,1010.0,844.75,745.0,883.0,1275.0,806.5,blink,1264,1005.75,849.0,465,6.1080000000000005
6.112,1006.1666666666669,845.5,0.2028375186159283,0,0.0,0,222.25694783394192,1265.5,811.0,201.30822139197397,744.5,893.0,243.20567427590996,1005.0,852.0,744.5,893.0,1265.5,811.0,blink,1265,1008.25,849.0,466,6.112
6.1160000000000005,1006.1666666666669,842.4166666666666,0.2103967320006218,0,0.0,0,223.36084704996432,1266.0,804.5,201.55644370746373,743.5,893.5,245.16525039246488,1004.75,849.0,743.5,893.5,1266.0,804.5,blink,1266,1008.25,845.75,466,6.1160000000000005
6.12,1008.0833333333334,839.0,0.2099762269355041,0,0.0,0,221.5082766288431,1268.0,802.0,199.8499437077729,748.5,887.5,243.1666095499133,1008.25,844.75,748.5,887.5,1268.0,802.0,blink,1267,1008.25,845.75,467,6.12
6.1240000000000006,1010.4166666666669,839.9166666666666,0.2151966293967117,0,0.0,0,223.6367441166944,1268.0,804.0,207.17142660125697,751.0,887.5,240.10206163213172,1009.5,845.75,751.0,887.5,1268.0,804.0,blink,1268,1009.5,845.5,467,6.1240000000000006
6.128,1009.6666666666666,840.5,0.2088524906100941,0,0.0,0,218.2121165701427,1274.0,808.5,195.2562418976664,745.5,882.5,241.16799124261908,1009.75,845.5,745.5,882.5,1274.0,808.5,blink,1269,1009.75,844.75,467,6.128
6.132000000000001,1014.75,839.25,0.1846460002485598,0,0.0,0,216.4577784557754,1277.5,808.0,192.78226059469267,754.0,878.0,240.13329631685812,1015.75,843.0,754.0,878.0,1277.5,808.0,blink,1270,1009.75,843.0,467,6.132000000000001
6.136,1020.8333333333331,838.4166666666667,0.2100574764450173,0,0.0,0,217.30168845499225,1279.5,806.5,200.58414693090776,760.0,879.5,234.01922997907675,1019.75,843.0,760.0,879.5,1279.5,806.5,blink,1271,1015.5,843.0,468,6.136
6.140000000000001,1008.5833333333331,836.0833333333333,0.1888349876905104,0,0.0,0,214.131688742194,1262.5,802.0,190.16045856065872,754.0,879.5,238.10291892372928,1008.25,840.75,754.0,879.5,1262.5,802.0,blink,1272,1015.5,843.0,469,6.140000000000001
6.144,1017.0,836.6666666666666,0.2108577444525388,0,187.50000000002066,0,216.94206462242173,1273.0,806.0,199.8499437077729,758.0,877.0,234.03418553707064,1015.5,841.5,758.0,877.0,1273.0,806.0,visual intake,1273,1014.75,843.0,469,6.144
6.148,1013.9166666666666,842.5,0.193189717341616,0,375.0000000000413,0,214.25891719616533,1278.5,810.5,191.44189719076647,750.5,884.0,237.0759372015642,1014.5,847.25,750.5,884.0,1278.5,810.5,visual intake,1274,1014.75,841.5,469,6.148
6.152,1014.5,838.1666666666667,0.2000504036537314,0,374.99999999995805,0,216.86442863092475,1277.5,806.0,197.51708786836647,752.0,880.0,236.21176939348305,1014.75,843.0,752.0,880.0,1277.5,806.0,visual intake,1275,1014.75,843.0,469,6.152
6.156,1016.5,835.1666666666667,0.2017941430136736,0,139.75424859375227,0,217.66597300458517,1281.5,806.5,196.22945752358385,752.5,873.5,239.10248848558643,1017.0,840.0,752.5,873.5,1281.5,806.5,visual intake,1276,1014.5,843.5,469,6.156
6.16,1010.9166666666666,838.8333333333333,0.1993287920107615,0,139.75424859372123,0,225.74510486194288,1279.5,806.0,206.196508214858,742.5,881.0,245.29370150902776,1011.0,843.5,742.5,881.0,1279.5,806.0,visual intake,1277,1014.75,843.0,469,6.16
6.164,1011.0,838.75,0.1980237084333877,0,139.75424859375227,0,223.83695464130253,1281.0,810.0,209.57099035887575,740.0,878.5,238.10291892372928,1010.5,844.25,740.0,878.5,1281.0,810.0,visual intake,1278,1015.25,843.25,469,6.164
6.168,1015.0833333333331,836.4166666666666,0.2119279759028466,0,0.0,0,223.1346499289716,1287.0,808.5,204.97072961767003,743.5,875.0,241.29857024027308,1015.25,841.75,743.5,875.0,1287.0,808.5,blink,1279,1012.0,843.5,470,6.168
6.172,1014.75,837.6666666666667,0.2103539388534705,0,0.0,0,220.92302642492723,1288.5,807.5,198.64037857394453,743.5,879.0,243.20567427590996,1016.0,843.25,743.5,879.0,1288.5,807.5,blink,1280,1012.0,843.25,471,6.172
6.176,1011.6666666666669,840.1666666666667,0.210656867544406,0,0.0,0,222.25104497835184,1285.5,810.0,199.37151250868317,738.5,883.0,245.13057744802052,1012.0,846.5,738.5,883.0,1285.5,810.0,blink,1281,1012.75,841.75,471,6.176
6.18,1011.6666666666669,833.25,0.2072915379019341,0,0.0,0,228.1631440455549,1282.5,804.0,207.12556578076016,740.5,874.0,249.20072231034965,1011.5,839.0,740.5,874.0,1282.5,804.0,blink,1282,1012.75,839.0,472,6.18
6.184,1013.3333333333331,831.4166666666667,0.221135984810081,0,0.0,0,227.2140717443154,1287.0,802.5,207.3957569479183,738.5,872.0,247.0323865407125,1012.75,837.25,738.5,872.0,1287.0,802.5,blink,1283,1012.75,839.0,473,6.184
6.188,1022.0,830.1666666666667,0.2191413975649172,0,0.0,0,228.75198344671293,1296.5,802.0,215.37177159507232,747.0,871.0,242.1321952983535,1021.75,836.5,747.0,871.0,1296.5,802.0,blink,1284,1018.0,839.0,474,6.188
6.192,1021.0,831.9166666666667,0.2173320987852418,0,0.0,0,233.92768172476752,1294.5,803.5,215.61539833694624,747.0,875.5,252.2399651125888,1020.75,839.5,747.0,875.5,1294.5,803.5,blink,1285,1018.0,837.25,475,6.192
6.196,1018.0,833.1666666666667,0.2179299158781679,0,0.0,0,232.30731252665043,1294.5,803.0,215.37177159507232,741.5,876.5,249.24285345822855,1018.0,839.75,741.5,876.5,1294.5,803.0,blink,1286,1020.75,836.5,476,6.196
6.2,1015.0833333333334,829.5833333333333,0.2172020617145188,0,0.0,0,236.05269805562543,1292.5,798.5,223.86156436512275,737.0,873.5,248.2438317461282,1014.75,836.0,737.0,873.5,1292.5,798.5,blink,1287,1020.75,836.5,477,6.2
6.204,1026.0,830.4166666666666,0.2460402350032424,0,0.0,0,222.02538499111512,1294.0,802.5,202.03217565526535,758.0,870.5,242.0185943269649,1026.0,836.5,758.0,870.5,1294.0,802.5,blink,1288,1024.0,836.0,478,6.204
6.208,1023.9166666666666,826.1666666666666,0.220618849366072,0,0.0,0,238.8446884227818,1306.5,794.5,220.4948979001555,741.5,871.0,257.1944789454081,1024.0,832.75,741.5,871.0,1306.5,794.5,blink,1289,1024.0,835.5,479,6.208
6.212,1026.6666666666667,829.75,0.2427603005168174,0,0.0,0,229.56132968718384,1301.0,801.5,216.10414156142403,750.5,869.5,243.01851781294363,1025.75,835.5,750.5,869.5,1301.0,801.5,blink,1290,1024.0,833.25,480,6.212
6.216,1022.6666666666669,821.0,0.2203106238881068,0,0.0,0,250.5007439511053,1308.0,789.0,236.81216184985092,737.0,867.0,264.18932605235966,1022.5,828.0,737.0,867.0,1308.0,789.0,blink,1291,1023.0,833.25,481,6.216
6.22,1023.3333333333331,827.0,0.2289685682622247,0,0.0,0,232.11301766445663,1298.5,797.5,221.02036105300343,747.5,869.0,243.20567427590996,1023.0,833.25,747.5,869.0,1298.5,797.5,blink,1292,1023.0,833.25,481,6.22
6.224,1022.1666666666669,828.1666666666666,0.2277564080637083,0,0.0,0,233.1925396747992,1301.5,798.0,219.25555865245468,742.5,871.0,247.12952069714376,1022.0,834.5,742.5,871.0,1301.5,798.0,blink,1293,1022.5,833.25,481,6.224
6.228,1027.25,825.6666666666667,0.2405907393593212,0,0.0,0,237.87281744974047,1304.0,796.0,225.5836873534964,749.0,870.5,250.1619475459847,1026.5,833.25,749.0,870.5,1304.0,796.0,blink,1294,1023.0,834.0,481,6.228
6.232,1023.0,829.3333333333334,0.242328369224416,0,0.0,0,234.03422991117097,1299.0,799.5,219.01826407859232,744.5,873.5,249.0501957437496,1021.75,836.5,744.5,873.5,1299.0,799.5,blink,1295,1024.0,834.0,481,6.232
6.236,1024.3333333333337,827.8333333333333,0.2212784657256193,0,0.0,0,238.3010959421252,1304.0,795.0,228.4731931759173,744.0,873.0,248.1289987083332,1024.0,834.0,744.0,873.0,1304.0,795.0,blink,1296,1026.5,833.25,482,6.236
6.24,1025.0,825.4166666666667,0.2285155794643127,0,0.0,0,244.6042390399172,1310.0,793.0,224.1160413714288,743.5,872.5,265.0924367084056,1026.75,832.75,743.5,872.5,1310.0,793.0,blink,1297,1024.0,834.0,482,6.24
6.244,1025.9166666666663,824.25,0.2275777090654505,0,0.0,0,246.2013707710484,1309.5,790.0,230.08042072284204,745.0,871.5,262.32232081925474,1027.25,830.75,745.0,871.5,1309.5,790.0,blink,1298,1024.0,833.5,483,6.244
6.248,1014.5833333333331,827.9166666666667,0.231276761109709,0,0.0,0,231.8575699204381,1289.0,801.0,209.61870145576228,742.0,868.5,254.09643838511397,1015.5,834.75,742.0,868.5,1289.0,801.0,blink,1299,1026.75,832.75,484,6.248
6.252,1023.0,825.9166666666667,0.2289566472216458,0,0.0,0,235.847384049046,1300.5,798.5,213.67732682715777,747.0,868.5,258.0174412709342,1023.75,833.5,747.0,868.5,1300.5,798.5,blink,1300,1023.75,831.25,484,6.252
6.256,1025.25,823.0,0.2517640747849866,0,0.0,0,239.4667576546048,1303.5,791.5,214.70444802099468,750.0,867.5,264.2290672882149,1026.75,829.5,750.0,867.5,1303.5,791.5,blink,1301,1023.75,831.25,485,6.256
6.26,1022.5,824.25,0.2329765069065986,0,197.6423537605455,0,240.7485025155527,1304.5,793.5,222.4275162833951,742.5,869.0,259.0694887477103,1023.5,831.25,742.5,869.0,1304.5,793.5,visual intake,1302,1024.5,831.0,485,6.26
6.264,1023.5833333333331,823.5833333333333,0.2143187829063867,0,62.49999999999301,0,240.18730655412355,1304.0,794.5,214.28252378577213,747.0,864.5,266.092089322475,1025.5,829.5,747.0,864.5,1304.0,794.5,visual intake,1303,1024.5,830.75,485,6.264
6.268,1022.6666666666666,825.1666666666667,0.2212507951639085,0,0.0,0,241.8400715722472,1303.5,795.5,216.6333307688362,745.5,866.5,267.0468123756582,1024.5,831.0,745.5,866.5,1303.5,795.5,blink,1304,1024.5,830.75,485,6.268
6.272,1023.5833333333331,823.4166666666667,0.2260760518992178,0,0.0,0,240.99134375868528,1309.0,795.5,223.91292950609173,740.0,866.0,258.0697580112788,1024.5,830.75,740.0,866.0,1309.0,795.5,blink,1305,1024.5,830.75,485,6.272
6.276,1021.6666666666669,825.1666666666667,0.2002636996087826,0,0.0,0,239.2037654026792,1304.0,796.5,212.3605424743495,744.0,864.5,266.04698833100895,1024.0,830.5,744.0,864.5,1304.0,796.5,blink,1306,1024.5,830.75,485,6.276
6.28,1027.9166666666663,826.5,0.2261878385889413,0,139.75424859372123,0,242.37870740743256,1313.5,801.0,220.75552088226468,747.0,865.5,264.0018939326004,1030.25,833.25,747.0,865.5,1313.5,801.0,visual intake,1307,1025.0,830.5,485,6.28
6.284,1026.0833333333333,822.4166666666666,0.2237773818241215,0,0.0,0,241.6454253125676,1311.0,790.5,219.01826407859232,746.0,865.0,264.27258654654287,1028.5,827.75,746.0,865.0,1311.0,790.5,blink,1308,1028.5,830.5,486,6.284
6.288,1023.5833333333331,823.0,0.2149922819159438,0,0.0,0,232.7279912625362,1301.0,799.5,205.44829033116824,749.0,858.0,260.0076921939041,1025.0,828.75,749.0,858.0,1301.0,799.5,blink,1309,1028.5,831.0,487,6.288
6.292,1027.5,828.8333333333333,0.2460763399893705,0,0.0,0,234.18362534511292,1313.5,801.5,210.3188056261256,745.0,869.5,258.0484450641003,1029.25,835.5,745.0,869.5,1313.5,801.5,blink,1310,1026.75,830.0,488,6.292
6.296,1023.5833333333334,825.75,0.1884497389249478,0,0.0,0,235.8076822257678,1311.5,799.0,211.49231664530984,742.0,863.0,260.1230478062257,1026.75,831.0,742.0,863.0,1311.5,799.0,blink,1311,1026.75,831.0,489,6.296
6.3,1024.3333333333333,823.6666666666667,0.2206853062268599,0,0.0,0,234.787197007526,1305.0,795.5,218.524598157736,745.5,864.5,251.04979585731596,1025.25,830.0,745.5,864.5,1305.0,795.5,blink,1312,1027.0,831.5,489,6.3
6.304,1025.8333333333337,825.5,0.2096746834666461,0,0.0,0,234.270935208286,1305.5,795.5,209.3083849252103,748.5,867.5,259.23348549136165,1027.0,831.5,748.5,867.5,1305.5,795.5,blink,1313,1027.0,831.5,489,6.304
6.308,1026.5833333333333,834.1666666666667,0.2170475173263369,0,0.0,0,231.8214606656641,1313.0,812.5,215.64090521049107,743.0,868.5,248.0020161208372,1028.0,840.5,743.0,868.5,1313.0,812.5,blink,1314,1028.0,836.0,490,6.308
6.312,1029.5833333333333,831.0,0.1961859749278957,0,0.0,0,241.5793146744009,1315.5,806.0,225.08887133752305,747.0,867.0,258.0697580112788,1031.25,836.5,747.0,867.0,1315.5,806.0,blink,1315,1028.25,836.5,491,6.312
6.316,1026.4166666666667,830.3333333333333,0.1982231983888118,0,0.0,0,228.04932869977196,1307.0,807.5,203.0492551082126,749.5,864.5,253.04940229133123,1028.25,836.0,749.5,864.5,1307.0,807.5,blink,1316,1028.25,836.75,491,6.316
6.32,1032.4166666666663,832.6666666666667,0.2109889153377553,0,0.0,0,236.26328332702255,1317.0,809.5,218.524598157736,750.0,867.5,254.0019684963091,1033.5,838.5,750.0,867.5,1317.0,809.5,blink,1317,1031.25,836.75,492,6.32
6.324,1024.5,832.4166666666667,0.1976361745082938,0,0.0,0,228.249159177572,1301.0,809.0,200.44949488586892,752.0,864.5,256.0488234692751,1026.5,836.75,752.0,864.5,1301.0,809.0,blink,1318,1029.0,838.5,492,6.324
6.328,1031.6666666666667,834.9166666666667,0.2073892311908194,0,0.0,0,225.43540532757729,1310.5,811.0,200.82081565415476,755.0,868.5,250.04999500099976,1032.75,839.75,755.0,868.5,1310.5,811.0,blink,1319,1032.75,839.75,492,6.328
6.332,1027.6666666666667,836.5833333333333,0.2022826936967112,0,0.0,0,226.3888931902087,1302.5,812.0,205.75956842878531,755.5,871.5,247.01821795163207,1029.0,841.75,755.5,871.5,1302.5,812.0,blink,1320,1032.25,839.75,493,6.332
6.336,1032.4166666666667,834.9166666666667,0.2017849285300724,0,0.0,0,226.2115987527783,1313.0,808.0,201.32560691576225,753.5,871.5,251.0975905897944,1033.25,839.75,753.5,871.5,1313.0,808.0,blink,1321,1032.75,839.75,493,6.336
6.34,1031.8333333333337,832.8333333333334,0.21651620567105,0,0.0,0,219.56004551173197,1298.5,806.0,197.101496696499,766.0,867.5,242.0185943269649,1032.25,836.75,766.0,867.5,1298.5,806.0,blink,1322,1033.25,839.25,493,6.34
6.344,1035.9166666666667,834.9166666666666,0.2024073670254459,0,0.0,0,225.18222783617608,1310.0,808.0,204.3624231604235,764.0,870.5,246.00203251192863,1037.0,839.25,764.0,870.5,1310.0,808.0,blink,1323,1037.0,839.0,494,6.344
6.348,1038.5833333333333,834.3333333333333,0.2113622600248485,0,0.0,0,219.1866760415233,1310.0,805.5,194.3733520830466,767.0,872.0,244.0,1038.5,838.75,767.0,872.0,1310.0,805.5,blink,1324,1038.0,839.0,495,6.348
6.352,1037.25,835.0,0.21253853449623,0,0.0,0,219.0747651664005,1308.0,806.5,186.1316738225926,768.0,871.5,252.0178565102084,1038.0,839.0,768.0,871.5,1308.0,806.5,blink,1325,1038.0,839.25,495,6.352
6.356,1042.0833333333333,836.1666666666667,0.1938456427500568,0,0.0,0,227.08555186140325,1317.5,808.5,205.1389772812568,767.5,872.0,249.0321264415497,1042.5,840.25,767.5,872.0,1317.5,808.5,blink,1326,1038.5,839.75,495,6.356
6.36,1037.4166666666667,835.25,0.2255413574637853,0,0.0,0,222.0727724699054,1305.5,810.0,195.143536915779,768.5,869.5,249.0020080240318,1037.0,839.75,768.5,869.5,1305.5,810.0,blink,1327,1039.5,839.75,495,6.36
6.364,1047.9166666666667,836.25,0.1925229681259044,0,0.0,0,220.05607700685812,1323.5,807.0,199.06029237394384,772.5,872.5,241.05186163977243,1048.0,839.75,772.5,872.5,1323.5,807.0,blink,1328,1042.5,839.75,496,6.364
6.368,1040.1666666666663,835.0,0.2038086546611422,0,0.0,0,225.76403411162968,1306.5,810.0,206.52602741543257,772.5,867.5,245.00204080782677,1039.5,838.75,772.5,867.5,1306.5,810.0,blink,1329,1048.0,839.75,496,6.368
6.372,1050.0,833.6666666666667,0.190304240057162,0,0.0,0,223.37808318620887,1324.0,810.0,195.72429588582,778.5,865.0,251.03187048659777,1051.25,837.5,778.5,865.0,1324.0,810.0,blink,1330,1050.25,839.75,496,6.372
6.376,1050.0,840.5833333333334,0.2064187786581286,0,0.0,0,226.8012038815766,1326.0,815.5,204.57028132160352,774.5,875.0,249.0321264415497,1050.25,845.25,774.5,875.0,1326.0,815.5,blink,1331,1051.25,841.25,497,6.376
6.38,1051.5833333333333,836.75,0.2048999062752276,0,0.0,0,229.5510886691949,1324.5,807.5,205.9757267252625,779.5,875.0,253.12645061312736,1052.0,841.25,779.5,875.0,1324.5,807.5,blink,1332,1051.25,841.25,497,6.38
6.384,1051.25,837.9166666666667,0.1852902048094695,0,0.0,0,224.2646065283472,1322.5,810.5,198.47921805569467,781.0,874.5,250.04999500099976,1051.75,842.5,781.0,874.5,1322.5,810.5,blink,1333,1051.75,842.5,497,6.384
6.388,1051.75,836.1666666666666,0.211385324253084,0,0.0,0,221.3903799077535,1314.5,813.5,197.7725966861941,787.5,868.0,245.0081631293129,1051.0,840.75,787.5,868.0,1314.5,813.5,blink,1334,1052.0,842.25,497,6.388
6.392,1052.0833333333337,839.0,0.2100670777258894,0,0.0,0,220.38765549133845,1320.0,815.0,195.72429588582,784.5,871.5,245.05101509685693,1052.25,843.25,784.5,871.5,1320.0,815.0,blink,1335,1052.25,842.25,497,6.392
6.396,1064.1666666666667,839.1666666666667,0.1843188369708676,0,0.0,0,230.50791170404324,1337.5,811.5,212.9835674412465,792.0,873.0,248.03225596683995,1064.75,842.25,792.0,873.0,1337.5,811.5,blink,1336,1056.5,842.25,498,6.396
6.4,1056.5,835.9166666666666,0.2252322751193145,0,0.0,0,226.92054567827475,1322.5,813.5,200.8233054204616,790.5,869.5,253.0177859360879,1056.5,841.5,790.5,869.5,1322.5,813.5,blink,1337,1056.5,842.75,499,6.4
6.404,1066.1666666666663,838.0833333333333,0.1999260462102709,0,0.0,0,225.60606856708768,1339.5,811.5,205.1389772812568,792.0,874.0,246.0731598529185,1065.75,842.75,792.0,874.0,1339.5,811.5,blink,1338,1060.75,842.25,500,6.404
6.408,1056.4166666666663,838.9166666666667,0.2088587439867382,0,0.0,0,222.8096304820624,1323.5,811.5,192.5876423865249,789.5,875.0,253.03161857759991,1056.5,843.25,789.5,875.0,1323.5,811.5,blink,1339,1060.75,842.25,501,6.408
6.412,1061.0,835.6666666666667,0.2052693629845783,0,0.0,0,228.76975707665423,1334.5,813.0,205.34117950377123,787.0,868.0,252.1983346495373,1060.75,840.5,787.0,868.0,1334.5,813.0,blink,1340,1060.75,842.75,501,6.412
6.416,1061.1666666666667,837.0833333333334,0.2222113185938263,0,0.0,0,223.15697190043105,1324.0,815.0,197.3119357768303,797.5,869.5,249.0020080240318,1060.75,842.25,797.5,869.5,1324.0,815.0,blink,1341,1060.75,842.25,501,6.416
6.42,1063.6666666666663,840.25,0.2102626782294543,0,0.0,0,221.66496172231356,1332.0,818.0,199.2786993132984,795.0,870.5,244.05122413132864,1063.5,844.25,795.0,870.5,1332.0,818.0,blink,1342,1063.5,842.25,502,6.42
6.424,1068.0,837.1666666666666,0.2079302734870589,0,0.0,0,235.08819854622067,1344.0,815.0,214.15881957089692,790.0,868.5,256.0175775215444,1067.0,841.75,790.0,868.5,1344.0,815.0,blink,1343,1064.0,844.25,502,6.424
6.428,1065.75,841.25,0.2033012127794067,0,0.0,0,221.44727285641645,1335.5,813.5,198.8617610301186,795.0,878.0,244.0327846827143,1065.25,845.75,795.0,878.0,1335.5,813.5,blink,1344,1065.25,845.0,503,6.428
6.432,1065.25,841.0833333333333,0.211019538256945,0,0.0,0,220.68078442402503,1335.0,816.5,189.2643653728826,793.0,873.5,252.0972034751675,1064.0,845.0,793.0,873.5,1335.0,816.5,blink,1345,1067.0,845.0,503,6.432
6.436,1073.3333333333337,840.5,0.2031115828063263,0,0.0,0,221.4469364105972,1345.0,813.5,199.8424379354896,800.5,876.5,243.0514348857048,1072.75,845.0,800.5,876.5,1345.0,813.5,blink,1346,1067.75,845.0,503,6.436
6.44,1067.9166666666667,841.4166666666666,0.2194495533293759,0,0.0,0,224.01829067851645,1340.0,818.0,194.98717906570164,795.5,873.5,253.04940229133123,1067.75,845.75,795.5,873.5,1340.0,818.0,blink,1347,1071.0,845.0,504,6.44
6.444,1071.0,839.5,0.209150512885057,0,0.0,0,221.0058672291548,1346.0,813.5,193.96133635340837,796.0,874.5,248.0503981049013,1071.0,844.0,796.0,874.5,1346.0,813.5,blink,1348,1072.5,845.0,505,6.444
6.448,1072.3333333333333,841.5,0.2131811405073815,0,0.0,0,220.45368458228265,1339.5,817.5,189.88944151795275,805.5,875.5,251.0179276466125,1072.5,846.5,805.5,875.5,1339.5,817.5,blink,1349,1072.5,844.0,505,6.448
6.452,1078.6666666666667,836.4166666666666,0.1959899609435223,0,0.0,0,237.27610314946736,1361.5,808.0,219.45614596087304,795.5,872.5,255.09606033806168,1078.5,840.25,795.5,872.5,1361.5,808.0,blink,1350,1074.5,843.5,506,6.452
6.456,1075.9166666666667,839.4166666666666,0.2158850433206078,0,0.0,0,220.1977902551683,1348.5,814.0,194.3630623343849,803.0,873.0,246.03251817595168,1075.75,843.5,803.0,873.0,1348.5,814.0,blink,1351,1074.5,843.5,507,6.456
6.46,1075.0833333333333,839.5,0.2025594496040446,0,0.0,0,223.33572936635468,1350.0,815.0,196.6214637317096,799.0,871.5,250.04999500099976,1074.5,843.25,799.0,871.5,1350.0,815.0,blink,1352,1075.75,843.5,507,6.46
6.464,1069.9166666666667,840.75,0.2105423227659101,0,0.0,0,222.29351837618933,1345.0,816.5,193.56910910576616,795.5,873.5,251.0179276466125,1070.25,845.0,795.5,873.5,1345.0,816.5,blink,1353,1074.5,844.5,507,6.464
6.468,1082.9166666666663,840.9166666666667,0.193373381485875,0,0.0,0,221.9166843870081,1359.0,818.5,194.81529714065064,805.5,870.5,249.0180716333656,1082.25,844.5,805.5,870.5,1359.0,818.5,blink,1354,1074.5,844.5,507,6.468
6.472,1073.75,839.8333333333334,0.2040474644211531,0,0.0,0,223.6393496566492,1348.0,814.0,199.2786993132984,800.0,875.0,248.0,1074.0,844.5,800.0,875.0,1348.0,814.0,blink,1355,1074.0,844.5,507,6.472
6.476,1085.6666666666663,832.8333333333333,0.1881871433355362,0,0.0,0,229.1070863670443,1366.0,811.0,203.2141727340886,805.5,861.0,255.0,1085.75,836.0,805.5,861.0,1366.0,811.0,blink,1356,1082.25,840.75,508,6.476
6.48,1073.8333333333337,833.4166666666667,0.2165166663231981,0,0.0,0,227.298509257226,1345.0,814.0,198.59506539690256,803.0,862.5,256.0019531175495,1074.0,838.25,803.0,862.5,1345.0,814.0,blink,1357,1085.75,839.0,508,6.48
6.484,1087.3333333333333,836.3333333333334,0.1901909491094378,0,0.0,0,226.56201157431727,1367.0,815.0,209.1219739769114,806.0,866.5,244.00204917172317,1086.5,840.75,806.0,866.5,1367.0,815.0,blink,1358,1085.75,838.25,509,6.484
6.488,1090.5833333333333,835.6666666666667,0.2045464188136285,0,0.0,0,223.42223110934628,1365.0,811.5,199.8424379354896,814.5,866.5,247.00202428320296,1089.75,839.0,814.5,866.5,1365.0,811.5,blink,1359,1086.5,838.25,509,6.488
6.492,1085.25,833.6666666666667,0.2084168787707964,0,0.0,0,219.10247699646476,1359.0,811.5,193.19679086361657,812.5,865.0,245.0081631293129,1085.75,838.25,812.5,865.0,1359.0,811.5,blink,1360,1087.75,838.25,509,6.492
6.496,1088.75,834.0,0.2048534013003618,0,0.0,0,225.00487793271108,1359.0,810.5,205.00975586542216,816.5,866.0,245.0,1087.75,838.25,816.5,866.0,1359.0,810.5,blink,1361,1089.75,838.25,509,6.496
6.5,1090.3333333333333,830.0,0.1986861342839755,0,0.0,0,226.47204971429812,1365.5,809.0,199.9124808509964,815.5,856.0,253.03161857759991,1090.5,832.5,815.5,856.0,1365.5,809.0,blink,1362,1090.5,834.0,510,6.5
6.504,1091.3333333333333,830.4166666666667,0.2074268718152195,0,0.0,0,226.46454541504625,1366.0,808.0,198.92712233378333,817.0,859.5,254.0019684963091,1091.5,833.75,817.0,859.5,1366.0,808.0,blink,1363,1091.5,833.75,511,6.504
6.508,1097.5,830.6666666666666,0.1973975834966541,0,0.0,0,224.2062532746088,1375.5,806.5,202.41047403728888,820.0,861.5,246.00203251192863,1097.75,834.0,820.0,861.5,1375.5,806.5,blink,1364,1096.25,833.0,512,6.508
6.5120000000000005,1101.9166666666667,830.9166666666667,0.1992956147450784,0,0.0,0,220.59552136215848,1379.5,806.5,193.18902660347973,824.0,859.5,248.0020161208372,1101.75,833.0,824.0,859.5,1379.5,806.5,blink,1365,1097.75,833.0,513,6.5120000000000005
6.516,1096.1666666666663,829.75,0.2197699969520843,0,0.0,0,217.249472556468,1366.0,810.5,197.4968354176846,826.5,855.5,237.00210969525145,1096.25,833.0,826.5,855.5,1366.0,810.5,blink,1366,1097.75,833.0,513,6.516
6.5200000000000005,1103.0,824.75,0.1858661056838555,0,0.0,0,230.4207010325549,1382.0,805.0,204.84140206510983,825.0,852.0,256.0,1103.5,828.5,825.0,852.0,1382.0,805.0,blink,1367,1099.75,831.0,514,6.5200000000000005
6.524,1096.9166666666667,827.5833333333334,0.2110063265730204,1,0.0,0,221.423248465946,1366.0,807.5,192.844496939892,828.0,854.5,250.0019999920001,1097.0,831.0,828.0,854.5,1366.0,807.5,blink,1368,1099.75,829.25,515,6.524
6.5280000000000005,1099.8333333333337,825.75,0.1993124576732315,0,0.0,0,221.81844004470247,1373.5,807.0,195.6348639685677,826.0,851.5,248.0020161208372,1099.75,829.25,826.0,851.5,1373.5,807.0,blink,1369,1103.5,828.5,516,6.5280000000000005
6.532,1107.5,825.5,0.208386348614924,0,0.0,0,219.76272761361804,1379.5,804.5,191.52545522723605,835.0,852.0,248.0,1107.25,828.25,835.0,852.0,1379.5,804.5,blink,1370,1105.5,828.25,516,6.532
6.5360000000000005,1106.0,825.25,0.2062787636889005,0,0.0,0,215.37560471019108,1375.0,803.0,188.73261509341728,836.0,852.5,242.0185943269649,1105.5,827.75,836.0,852.5,1375.0,803.0,blink,1371,1106.5,828.25,517,6.5360000000000005
6.54,1106.6666666666663,823.5833333333333,0.1931579302742768,0,0.0,0,221.09551731375572,1376.5,802.5,193.18902660347973,836.5,849.5,249.0020080240318,1106.5,826.0,836.5,849.5,1376.5,802.5,blink,1372,1107.25,827.75,517,6.54
6.5440000000000005,1108.5,825.4166666666666,0.1997102298055487,0,0.0,0,226.6355860122276,1380.5,804.0,199.27117202445515,835.0,853.0,254.0,1107.75,828.5,835.0,853.0,1380.5,804.0,blink,1373,1107.75,827.25,517,6.5440000000000005
6.548,1109.1666666666663,825.4166666666667,0.1975536015764155,0,0.0,0,224.65982921367728,1385.5,806.0,195.3176899310454,834.0,848.5,254.0019684963091,1109.75,827.25,834.0,848.5,1385.5,806.0,blink,1374,1109.75,826.75,518,6.548
6.5520000000000005,1113.9166666666667,824.0,0.1999835639048754,0,0.0,0,219.74098999602728,1385.5,803.5,195.4737834084152,841.0,850.0,244.00819658363935,1113.25,826.75,841.0,850.0,1385.5,803.5,blink,1375,1109.75,826.75,519,6.5520000000000005
6.556,1111.6666666666667,817.5,0.1951807676207742,0,0.0,0,217.38946335959304,1382.0,800.0,191.7706964058899,842.5,841.0,243.00823031329617,1112.25,820.5,842.5,841.0,1382.0,800.0,blink,1376,1109.75,826.0,519,6.556
6.5600000000000005,1105.75,823.9166666666666,0.1842082037453532,0,0.0,0,224.6808113000306,1379.0,801.0,192.35384061671343,832.5,851.0,257.00778198334774,1105.75,826.0,832.5,851.0,1379.0,801.0,blink,1377,1112.25,823.0,520,6.5600000000000005
6.564,1108.0,820.5833333333333,0.2044355450476174,0,0.0,0,226.5669443164141,1380.0,801.5,197.1319355152787,835.0,844.5,256.0019531175495,1107.5,823.0,835.0,844.5,1380.0,801.5,blink,1378,1112.25,820.5,520,6.564
6.5680000000000005,1114.4166666666667,816.0,0.1978468322188981,0,0.0,0,219.47857149679533,1388.5,795.5,188.939143641544,841.0,842.5,250.01799935204664,1114.75,819.0,841.0,842.5,1388.5,795.5,blink,1379,1109.25,821.25,520,6.5680000000000005
6.572,1120.1666666666667,814.3333333333334,0.2098384823488475,0,0.0,0,224.775959726015,1396.0,796.0,202.54382241875464,842.5,839.0,247.00809703327545,1119.25,817.5,842.5,839.0,1396.0,796.0,blink,1380,1114.75,819.0,520,6.572
6.5760000000000005,1109.5833333333333,819.0,0.2122875846620563,0,0.0,0,219.6799792449638,1382.5,802.0,193.3416664870767,836.0,840.5,246.01829200285087,1109.25,821.25,836.0,840.5,1382.5,802.0,blink,1381,1114.75,819.0,521,6.5760000000000005
6.58,1121.8333333333333,809.4166666666666,0.1955827946530572,0,0.0,0,219.0764577908401,1396.5,793.5,197.144616969371,848.5,832.0,241.0082986123092,1122.5,812.75,848.5,832.0,1396.5,793.5,blink,1382,1114.25,817.5,521,6.58
6.5840000000000005,1113.5,815.75,0.1951987923403474,0,0.0,0,228.3508600898969,1393.0,799.0,199.69977466186583,835.5,839.5,257.00194551792794,1114.25,819.25,835.5,839.5,1393.0,799.0,blink,1383,1114.25,816.25,521,6.5840000000000005
6.588,1109.6666666666663,812.3333333333333,0.2121535148741586,0,0.0,0,223.88629834309705,1381.5,795.5,197.7725966861941,837.0,837.0,250.0,1109.25,816.25,837.0,837.0,1381.5,795.5,blink,1384,1114.25,816.25,521,6.588
6.5920000000000005,1117.8333333333333,810.1666666666667,0.2179399160674927,0,0.0,0,219.690289123314,1395.0,793.0,190.3785702225962,840.5,834.5,249.0020080240318,1117.75,813.75,840.5,834.5,1395.0,793.0,blink,1385,1114.25,816.25,521,6.5920000000000005
6.596,1111.9166666666667,812.4166666666667,0.2127818832542532,0,0.0,0,226.50097655877477,1388.5,797.0,197.0,837.0,835.5,256.0019531175495,1112.75,816.25,837.0,835.5,1388.5,797.0,blink,1386,1113.25,814.25,522,6.596
6.6000000000000005,1115.1666666666663,810.5,0.2087617826484281,0,124.99999999998602,0,223.31973154187813,1392.0,792.0,196.6214637317096,838.0,836.5,250.01799935204664,1115.0,814.25,838.0,836.5,1392.0,792.0,visual intake,1387,1113.25,813.75,523,6.6000000000000005
6.604,1113.0833333333333,810.25,0.2187788298346543,0,176.77669529665636,0,223.6041296246406,1388.0,793.5,192.20041623263984,838.5,834.0,255.00784301664132,1113.25,813.75,838.5,834.0,1388.0,793.5,visual intake,1388,1112.75,814.25,523,6.604
6.6080000000000005,1111.75,809.5833333333333,0.2153544936250135,0,139.75424859372123,0,221.6235889668472,1389.0,792.5,188.2471779336944,835.5,834.0,255.0,1112.25,813.25,835.5,834.0,1389.0,792.5,visual intake,1389,1113.25,814.0,523,6.6080000000000005
6.612,1112.0,814.0,0.2128900654022712,0,257.69410160113216,0,222.65984496152277,1386.5,799.0,195.3176899310454,838.0,834.5,250.0019999920001,1112.25,816.75,838.0,834.5,1386.5,799.0,visual intake,1390,1112.25,813.75,523,6.612
6.6160000000000005,1112.4166666666667,810.25,0.2105319662472207,0,124.99999999998602,0,227.81459281216016,1395.0,795.0,196.6214637317096,832.5,833.0,259.0077218926108,1113.75,814.0,832.5,833.0,1395.0,795.0,visual intake,1391,1112.25,813.25,523,6.6160000000000005
6.62,1111.5833333333337,809.25,0.2171572204857688,0,380.17265814368056,0,223.81743198428387,1385.5,794.0,195.6348639685677,838.0,832.0,252.0,1111.75,813.0,838.0,832.0,1385.5,794.0,visual intake,1392,1113.75,813.0,523,6.62
6.6240000000000006,1116.9166666666667,804.9166666666667,0.1990117640798845,0,187.49999999997902,0,222.63537296920413,1400.5,789.0,192.26284092356485,835.5,827.0,253.00790501484337,1118.0,808.0,835.5,827.0,1400.5,789.0,visual intake,1393,1113.75,812.25,523,6.6240000000000006
6.628,1117.5,807.0833333333334,0.2017153491205421,0,0.0,0,221.93260724164247,1397.0,794.5,199.83242980057065,837.0,825.0,244.0327846827143,1117.0,809.75,837.0,825.0,1397.0,794.5,blink,1394,1117.0,809.75,524,6.628
6.632000000000001,1108.4166666666667,810.4166666666667,0.2025255303476952,0,0.0,0,226.01122862982092,1388.5,791.0,195.020511741714,830.5,833.5,257.00194551792794,1109.5,812.25,830.5,833.5,1388.5,791.0,blink,1395,1117.0,809.75,525,6.632000000000001
6.636,1117.9166666666667,807.25,0.1903644922959352,0,0.0,0,231.44710193170368,1404.0,792.0,207.8942038634074,834.5,827.0,255.0,1119.25,809.5,834.5,827.0,1404.0,792.0,blink,1396,1112.75,810.5,526,6.636
6.640000000000001,1111.8333333333333,807.5,0.1964236842259167,0,0.0,0,225.23962292704985,1390.5,796.0,196.4713719603953,835.0,825.0,254.00787389370436,1112.75,810.5,835.0,825.0,1390.5,796.0,blink,1397,1112.75,810.5,527,6.640000000000001
6.644,1110.9166666666663,808.6666666666667,0.1992812459335983,0,0.0,0,226.6282694312918,1392.5,791.0,201.2486024796197,830.0,831.0,252.00793638296395,1111.25,811.0,830.0,831.0,1392.5,791.0,blink,1398,1115.0,810.5,528,6.644
6.648000000000001,1117.4166666666663,804.1666666666667,0.2032393011794848,0,0.0,0,226.91560521765248,1403.5,792.5,200.8233054204616,833.5,824.0,253.00790501484337,1118.5,808.25,833.5,824.0,1403.5,792.5,blink,1399,1115.0,810.5,529,6.648000000000001
6.652,1114.75,809.1666666666667,0.1819299444454869,0,0.0,0,234.289498987116,1401.0,792.5,212.5770448566825,829.0,829.5,256.0019531175495,1115.0,811.0,829.0,829.5,1401.0,792.5,blink,1400,1118.5,810.5,530,6.652
6.656000000000001,1116.8333333333337,805.75,0.2068228835480165,0,0.0,0,229.9071355256901,1403.0,794.5,201.8142710513803,834.0,825.0,258.0,1118.5,809.75,834.0,825.0,1403.0,794.5,blink,1401,1118.5,809.75,531,6.656000000000001
6.66,1119.5833333333333,808.25,0.181041797194791,0,0.0,0,235.4226149313351,1409.0,795.5,216.8432613663611,832.0,825.5,254.0019684963091,1120.5,810.5,832.0,825.5,1409.0,795.5,blink,1402,1117.75,809.75,531,6.66
6.664,1116.0833333333337,806.5833333333334,0.1836274344078071,0,0.0,0,235.55703283965252,1404.0,792.0,214.11212016137716,831.5,824.5,257.00194551792794,1117.75,808.25,831.5,824.5,1404.0,792.0,blink,1403,1118.5,808.25,531,6.664
6.668,1113.8333333333337,801.0,0.2196306591334966,0,0.0,0,230.49466157712376,1396.5,790.0,202.94087809014724,833.0,819.5,258.0484450641003,1114.75,804.75,833.0,819.5,1396.5,790.0,blink,1404,1119.5,808.25,531,6.668
6.672,1122.6666666666667,803.9166666666666,0.1921485336818936,0,0.0,0,240.03502831883773,1415.0,789.5,225.0622136210341,831.5,824.0,255.00784301664132,1123.25,806.75,831.5,824.0,1415.0,789.5,blink,1405,1117.75,808.25,531,6.672
6.676,1118.25,806.3333333333334,0.2086966792692662,0,0.0,0,235.15195461841355,1409.5,795.5,211.28653530218156,829.5,824.5,259.01737393464555,1119.5,810.0,829.5,824.5,1409.5,795.5,blink,1406,1119.5,806.75,532,6.676
6.68,1112.4166666666667,805.6666666666667,0.2107654822423644,0,0.0,0,232.0962762224556,1397.0,794.0,209.1219739769114,829.5,827.0,255.07057846799967,1113.25,810.5,829.5,827.0,1397.0,794.0,blink,1407,1121.25,806.75,533,6.68
6.684,1121.5,802.25,0.1970758990391405,0,0.0,0,235.58745305402056,1412.0,789.0,208.1730049742281,836.5,821.5,263.0019011338131,1124.25,805.25,836.5,821.5,1412.0,789.0,blink,1408,1120.5,808.0,533,6.684
6.688,1119.6666666666667,801.4166666666666,0.1985099041560764,0,0.0,0,234.6284149311075,1408.5,792.0,209.16261616264032,834.0,817.5,260.09421369957465,1121.25,804.75,834.0,817.5,1408.5,792.0,blink,1409,1120.5,805.25,534,6.688
6.692,1119.8333333333333,805.5,0.1850401227362697,0,0.0,0,233.27018972134647,1406.0,796.0,208.47062143141417,835.0,820.0,258.0697580112788,1120.5,808.0,835.0,820.0,1406.0,796.0,blink,1410,1121.25,805.25,535,6.692
6.696,1118.75,797.4166666666667,0.2301720831755244,0,0.0,0,230.0121859669624,1400.5,790.0,205.8275977608445,838.0,815.0,254.19677417308037,1119.25,802.5,838.0,815.0,1400.5,790.0,blink,1411,1121.25,805.5,535,6.696
6.7,1120.9166666666667,803.1666666666667,0.1882582670516421,0,0.0,0,234.2641576253386,1407.5,794.0,209.45882650296693,836.5,819.0,259.0694887477103,1122.0,806.5,836.5,819.0,1407.5,794.0,blink,1412,1122.0,805.5,535,6.7
6.704,1123.5,801.0833333333334,0.2156891491138379,0,0.0,0,231.8388837179948,1406.5,794.0,207.4825293850063,842.0,817.0,256.1952380509833,1124.25,805.5,842.0,817.0,1406.5,794.0,blink,1413,1123.5,805.5,535,6.704
6.708,1123.25,798.6666666666667,0.2310116290825519,0,0.0,0,227.7420976874429,1403.0,789.0,201.24611797498108,844.0,818.5,254.2380773999048,1123.5,803.75,844.0,818.5,1403.0,789.0,blink,1414,1124.25,805.5,535,6.708
6.712,1123.5833333333333,801.5,0.2148693209244861,0,0.0,0,234.93574616953845,1409.5,792.0,211.74749113035557,839.0,822.0,258.1240012087214,1124.25,807.0,839.0,822.0,1409.5,792.0,blink,1415,1124.25,805.5,535,6.712
6.716,1129.8333333333333,794.9166666666666,0.2255437070704904,0,0.0,0,234.05902170537397,1416.5,788.5,217.83020910791964,845.0,812.0,250.28783430282823,1130.75,800.25,845.0,812.0,1416.5,788.5,blink,1416,1126.25,803.75,536,6.716
6.72,1126.0,799.8333333333334,0.2234309578291266,0,0.0,0,239.98009057528455,1413.5,789.5,219.80445855350612,839.0,821.5,260.155722597063,1126.25,805.5,839.0,821.5,1413.5,789.5,blink,1417,1130.5,801.5,536,6.72
6.724,1130.75,796.4166666666666,0.2074352653981953,0,0.0,0,231.08902561185437,1418.5,787.5,209.9380861111199,846.0,815.5,252.2399651125888,1132.25,801.5,846.0,815.5,1418.5,787.5,blink,1418,1130.75,800.5,537,6.724
6.728,1130.1666666666667,794.25,0.2203599618609274,0,0.0,0,235.86576791200665,1414.5,787.5,214.57399656062708,846.5,813.5,257.1575392633862,1130.5,800.5,846.5,813.5,1414.5,787.5,blink,1419,1130.75,800.5,537,6.728
6.732,1130.3333333333333,790.25,0.253215689770091,0,0.0,0,237.98666093059447,1415.5,785.0,215.6965461012299,846.0,810.0,260.27677575995904,1130.75,797.5,846.0,810.0,1415.5,785.0,blink,1420,1132.0,798.25,538,6.732
6.736,1131.75,789.25,0.2311937256921626,0,187.50000000002066,0,231.80166334661,1412.0,782.0,211.4426636230257,852.0,811.5,252.1606630701942,1132.0,796.75,852.0,811.5,1412.0,782.0,visual intake,1421,1132.0,797.5,539,6.736
6.74,1137.1666666666663,792.0833333333333,0.2168803660590364,0,380.17265814359615,0,237.04440220015184,1427.5,783.0,217.99311915746333,849.0,813.5,256.09568524284043,1138.25,798.25,849.0,813.5,1427.5,783.0,visual intake,1422,1133.5,797.25,539,6.74
6.744,1133.3333333333333,791.0833333333333,0.2472100833981919,0,225.34695471652415,0,238.18551853770904,1420.5,783.5,212.24985276791125,848.0,811.0,264.12118430750684,1134.25,797.25,848.0,811.0,1420.5,783.5,visual intake,1423,1134.25,796.75,539,6.744
6.748,1133.5,787.1666666666667,0.2564097321145188,0,187.49999999997902,0,238.7046343777805,1416.0,777.0,215.37873618349607,851.0,812.0,262.03053257206494,1133.5,794.5,851.0,812.0,1416.0,777.0,visual intake,1424,1134.25,796.0,539,6.748
6.752,1134.9166666666667,789.25,0.2469237868319298,0,62.500000000006885,0,240.1846145829068,1419.5,779.5,212.24985276791125,850.0,812.0,268.1193763979023,1134.75,795.75,850.0,812.0,1419.5,779.5,visual intake,1425,1134.25,795.75,539,6.752
6.756,1132.3333333333333,788.9166666666667,0.251781895550901,0,336.57280044586884,0,235.99485551878303,1412.5,781.0,207.8003849852064,851.0,811.0,264.18932605235966,1131.75,796.0,851.0,811.0,1412.5,781.0,visual intake,1426,1134.75,794.5,539,6.756
6.76,1142.4166666666663,786.25,0.2318676807852355,0,0.0,0,235.75352329677327,1423.0,776.0,217.34764779035453,859.0,809.5,254.159398803192,1141.0,792.75,859.0,809.5,1423.0,776.0,blink,1427,1136.25,792.75,540,6.76
6.764,1136.75,784.25,0.2610369791594664,0,0.0,0,235.01320506536308,1415.5,777.0,211.74749113035557,857.0,806.0,258.2789190003706,1136.25,791.5,857.0,806.0,1415.5,777.0,blink,1428,1137.25,791.5,541,6.764
6.768,1138.0833333333333,783.75,0.2671396062084311,0,0.0,0,233.08715262637745,1416.5,779.5,209.9380861111199,858.0,803.5,256.236219141635,1137.25,791.5,858.0,803.5,1416.5,779.5,blink,1429,1139.25,791.5,542,6.768
6.772,1139.6666666666663,782.5833333333333,0.2567102549203502,0,374.99999999995805,0,230.19683547694143,1418.5,776.0,204.1984329028996,860.0,804.0,256.1952380509833,1139.25,790.0,860.0,804.0,1418.5,776.0,visual intake,1430,1139.25,790.0,543,6.772
6.776,1143.75,783.1666666666667,0.2236067963468664,0,125.00000000001377,0,233.9422570159713,1424.0,779.0,210.44714300745449,864.5,799.5,257.4373710244882,1144.25,789.25,864.5,799.5,1424.0,779.0,visual intake,1431,1139.75,790.0,543,6.776
6.78,1146.0833333333337,781.75,0.2488605802927543,0,499.99999999994407,0,233.50261232534663,1424.0,777.5,215.55741694499864,867.5,801.5,251.44780770569463,1145.75,789.5,867.5,801.5,1424.0,777.5,visual intake,1432,1141.75,790.0,543,6.78
6.784,1140.25,785.0,0.2347290923921123,0,125.00000000001377,0,235.01614990534728,1422.5,775.5,209.9380861111199,857.0,808.5,260.09421369957465,1139.75,792.0,857.0,808.5,1422.5,775.5,visual intake,1433,1141.75,789.5,543,6.784
6.788,1142.3333333333337,783.9166666666667,0.2318755879394151,0,318.6887195995134,0,240.267326815071,1426.5,777.0,220.30206535572924,857.0,805.5,260.2325882744127,1141.75,791.25,857.0,805.5,1426.5,777.0,visual intake,1434,1141.5,790.75,543,6.788
6.792,1142.5,782.6666666666667,0.2394979989770211,0,0.0,0,234.5019892785857,1420.5,774.0,213.7217817631137,862.5,804.0,255.28219679405768,1141.5,789.0,862.5,804.0,1420.5,774.0,blink,1435,1141.5,790.75,543,6.792
6.796,1140.5,782.9166666666666,0.2509956250210893,0,62.49999999999301,0,234.4647892369512,1420.5,776.5,216.54098919142305,860.0,805.0,252.38858928247924,1140.25,790.75,860.0,805.0,1420.5,776.5,visual intake,1436,1141.75,790.75,543,6.796
6.8,1144.75,784.1666666666667,0.2217261833464289,0,88.38834764832818,0,233.8991399080786,1425.5,781.0,213.4127456362436,865.0,800.0,254.3855341799136,1145.25,790.5,865.0,800.0,1425.5,781.0,visual intake,1437,1141.5,790.5,543,6.8
6.804,1142.5833333333333,785.0833333333334,0.2343572374387964,0,318.6887195995134,0,237.7376469351188,1424.0,782.5,220.19309707617992,861.5,802.0,255.28219679405768,1142.75,792.25,861.5,802.0,1424.0,782.5,visual intake,1438,1142.75,790.75,543,6.804
6.808,1141.0833333333333,782.9166666666667,0.2264960405784998,0,0.0,0,232.14532910067123,1418.0,779.0,213.84106247397852,865.0,799.5,250.44959572736389,1141.5,789.25,865.0,799.5,1418.0,779.0,blink,1439,1145.0,792.25,544,6.808
6.812,1145.1666666666663,785.3333333333333,0.2250328599343248,0,0.0,0,239.8850531025792,1433.0,781.0,220.33610689126735,859.5,803.5,259.43399931389104,1146.25,792.25,859.5,803.5,1433.0,781.0,blink,1440,1142.75,792.25,544,6.812
6.816,1146.25,788.75,0.2309806555466879,0,0.0,0,236.57265789964595,1429.5,779.0,216.0208323287363,860.5,812.0,257.1244834705556,1145.0,795.5,860.5,812.0,1429.5,779.0,blink,1441,1145.0,793.75,544,6.816
6.82,1140.3333333333337,787.3333333333333,0.2584889999007973,0,0.0,0,238.1368081538148,1420.0,778.0,209.1219739769114,859.5,809.5,267.15164233071823,1139.75,793.75,859.5,809.5,1420.0,778.0,blink,1442,1145.0,795.0,545,6.82
6.824,1144.8333333333337,790.6666666666667,0.2391137278247198,0,0.0,0,235.3965286674908,1434.5,780.5,207.63910999616616,857.5,812.5,263.1539473388153,1146.0,796.5,857.5,812.5,1434.5,780.5,blink,1443,1144.0,795.5,545,6.824
6.828,1144.75,788.5833333333333,0.2442944170818929,0,0.0,0,224.32252273066237,1421.5,783.0,201.2486024796197,866.5,807.0,247.39644298170495,1144.0,795.0,866.5,807.0,1421.5,783.0,blink,1444,1139.75,795.0,546,6.828
6.832,1138.75,788.9166666666667,0.2414173163457484,0,0.0,0,236.30150963688916,1419.5,783.5,218.16049138191815,857.0,808.5,254.4425278918601,1138.25,796.0,857.0,808.5,1419.5,783.5,blink,1445,1142.25,796.0,546,6.832
6.836,1139.25,789.1666666666667,0.2373169506493865,0,0.0,0,231.04847776725623,1417.0,786.0,210.76052761368769,862.5,803.5,251.3364279208249,1139.75,794.75,862.5,803.5,1417.0,786.0,blink,1446,1140.0,796.0,546,6.836
6.84,1141.8333333333333,790.4166666666667,0.2447862256832923,0,0.0,0,235.4072762852228,1426.0,785.5,217.17504460687928,858.5,809.0,253.63950796356627,1142.25,797.25,858.5,809.0,1426.0,785.5,blink,1447,1139.75,796.25,547,6.84
6.844,1140.5833333333333,789.75,0.2525687397183489,0,0.0,0,229.66131692547395,1416.5,784.0,212.07781590727492,863.5,808.5,247.24481794367296,1140.0,796.25,863.5,808.5,1416.5,784.0,blink,1448,1140.0,797.25,547,6.844
6.848,1135.1666666666667,790.5,0.248392705133044,0,0.0,0,239.72244821221284,1410.0,783.5,218.2131985009156,858.5,811.5,261.23169792351007,1134.25,797.5,858.5,811.5,1410.0,783.5,blink,1449,1142.25,797.5,548,6.848
6.852,1145.0,795.9166666666666,0.2536207683521227,0,0.0,0,240.6272566660841,1425.5,792.0,215.10230124292025,864.0,813.5,266.1522120892479,1144.75,802.75,864.0,813.5,1425.5,792.0,blink,1450,1144.75,802.75,548,6.852
6.856,1146.6666666666663,798.1666666666666,0.2383550503316049,0,0.0,0,238.02270482846583,1431.0,795.5,219.92044015961773,864.0,814.0,256.12496949731394,1147.5,804.75,864.0,814.0,1431.0,795.5,blink,1451,1144.75,804.5,549,6.856
6.86,1149.0,797.25,0.2468882248620101,0,0.0,0,238.5927651337197,1433.0,795.0,224.8999777678957,864.0,814.0,252.28555249954368,1148.5,804.5,864.0,814.0,1433.0,795.0,blink,1452,1144.75,804.75,549,6.86
6.864,1143.75,798.0,0.2303971545090976,0,0.0,0,237.9820916294913,1425.0,795.0,217.8072542409917,862.0,815.5,258.15692901799093,1143.5,805.25,862.0,815.5,1425.0,795.0,blink,1453,1147.5,804.75,550,6.864
6.868,1141.6666666666667,799.8333333333334,0.2441979686715517,0,0.0,0,239.2515404609537,1423.5,797.0,219.3467574412715,859.5,817.5,259.15632348063593,1141.5,807.25,859.5,817.5,1423.5,797.0,blink,1454,1145.75,805.0,551,6.868
6.872,1148.6666666666667,798.9166666666666,0.2196836353827322,0,0.0,0,239.4849928995651,1426.5,793.0,212.8497122384712,872.0,816.0,266.12027356065903,1149.25,804.5,872.0,816.0,1426.5,793.0,blink,1455,1145.75,805.25,551,6.872
6.876,1146.6666666666667,797.3333333333333,0.2567737763739261,0,0.0,0,239.5654065322064,1427.5,795.5,222.89459392277777,864.0,814.5,256.236219141635,1145.75,805.0,864.0,814.5,1427.5,795.5,blink,1456,1148.0,805.5,552,6.876
6.88,1150.0,800.5,0.2184359527698667,0,176.77669529665636,0,234.0398138896541,1427.5,796.5,212.9835674412465,873.5,814.5,255.09606033806168,1150.5,805.5,873.5,814.5,1427.5,796.5,visual intake,1457,1148.5,805.0,553,6.88
6.884,1148.3333333333333,800.0,0.26175676848341,0,124.99999999998602,0,236.09207138384605,1426.5,800.5,216.9469981354893,869.5,814.5,255.2371446322028,1148.0,807.5,869.5,814.5,1426.5,800.5,visual intake,1458,1148.5,805.5,553,6.884
6.888,1148.3333333333337,798.5833333333333,0.2388161270153676,0,62.500000000006885,0,229.95657713804115,1423.5,796.5,204.78769494283583,873.5,812.0,255.12545933324648,1148.5,804.25,873.5,812.0,1423.5,796.5,visual intake,1459,1148.5,805.75,553,6.888
6.892,1153.6666666666667,800.0,0.2479763418539634,0,124.99999999998602,0,229.819084147578,1431.5,795.0,215.3903433304288,875.0,818.5,244.2478249647272,1153.25,806.75,875.0,818.5,1431.5,795.0,visual intake,1460,1148.0,805.75,553,6.892
6.896,1145.6666666666663,798.9166666666666,0.2412607680388559,0,395.284707521091,0,230.33396791990103,1419.0,795.0,212.4241040936739,869.0,816.5,248.2438317461282,1144.0,805.75,869.0,816.5,1419.0,795.0,visual intake,1461,1148.5,804.25,553,6.896
6.9,1148.1666666666663,796.75,0.2457117803168721,0,62.49999999999301,0,231.99739410042545,1422.5,788.5,217.83020910791964,870.0,818.5,246.16457909293123,1146.25,803.5,870.0,818.5,1422.5,788.5,visual intake,1462,1148.5,804.0,553,6.9
6.904,1155.75,796.0,0.2407248730118437,0,225.34695471652415,0,223.42507260824573,1426.0,790.5,201.55644370746373,884.5,814.0,245.29370150902776,1155.25,802.25,884.5,814.0,1426.0,790.5,visual intake,1463,1147.75,803.5,553,6.904
6.908,1149.6666666666667,797.5,0.2387739151148611,0,187.49999999997902,0,229.4810293161669,1425.0,791.0,210.76052761368769,872.0,817.0,248.20153101864625,1148.5,804.0,872.0,817.0,1425.0,791.0,visual intake,1464,1148.5,803.5,553,6.908
6.912,1149.5,795.1666666666666,0.2536714562716262,0,0.0,0,230.9711791241803,1421.5,789.0,215.6965461012299,874.0,815.5,246.24581214713075,1147.75,802.25,874.0,815.5,1421.5,789.0,blink,1465,1151.75,802.75,554,6.912
6.916,1155.75,797.1666666666667,0.2572578372266399,0,0.0,0,223.65172575843323,1428.5,797.0,200.9601950635996,883.0,812.5,246.3432564532669,1155.75,804.75,883.0,812.5,1428.5,797.0,blink,1466,1151.75,804.0,555,6.916
6.92,1151.5833333333337,796.0833333333333,0.2327511710506627,0,0.0,0,225.8178253549314,1423.0,793.5,206.34194920083507,880.5,812.0,245.29370150902776,1151.75,802.75,880.5,812.0,1423.0,793.5,blink,1467,1154.0,802.75,556,6.92
6.924,1155.5,799.75,0.2507477551069627,0,249.99999999997203,0,224.1785412096918,1425.5,793.5,205.0609665440988,882.5,820.0,243.2961158752848,1154.0,806.75,882.5,820.0,1425.5,793.5,visual intake,1468,1154.0,803.75,557,6.924
6.928,1153.8333333333333,794.6666666666667,0.232541981109641,0,0.0,0,223.730190542258,1421.0,794.5,199.3313823761828,887.0,806.0,248.1289987083332,1154.0,800.25,887.0,806.0,1421.0,794.5,blink,1469,1154.0,803.75,557,6.928
6.932,1152.6666666666663,797.3333333333333,0.2338918232388838,0,0.0,0,221.04089809215216,1423.5,795.5,194.87944991712183,884.5,812.0,247.2023462671825,1154.0,803.75,884.5,812.0,1423.5,795.5,blink,1470,1154.0,803.75,557,6.932
6.936,1154.1666666666663,801.0833333333333,0.251087620874898,0,0.0,0,221.49600398343316,1420.5,794.5,203.69094236121543,884.5,822.0,239.3010656056508,1152.5,808.25,884.5,822.0,1420.5,794.5,blink,1471,1154.0,803.75,557,6.936
6.94,1155.9166666666667,795.75,0.2393595677021048,0,249.99999999997203,0,219.92243814637212,1418.5,793.5,196.596032513375,892.5,808.5,243.24884377936928,1155.5,801.0,892.5,808.5,1418.5,793.5,visual intake,1472,1155.0,803.75,557,6.94
6.944,1156.1666666666667,801.9166666666666,0.2350468039638192,0,0.0,0,220.19595880485235,1424.5,801.0,198.22462006521792,888.0,815.5,242.1672975444868,1156.25,808.25,888.0,815.5,1424.5,801.0,blink,1473,1155.0,803.75,557,6.944
6.948,1155.5,797.1666666666667,0.2278114866455527,0,0.0,0,226.03868481003903,1420.5,796.0,210.61101585624624,889.5,810.5,241.46635376383188,1155.0,803.25,889.5,810.5,1420.5,796.0,blink,1474,1155.0,803.75,557,6.948
6.952,1153.9166666666663,797.25,0.233764327107513,0,0.0,0,224.3454146804145,1417.5,795.5,206.2862089428181,889.0,812.0,242.404620418011,1153.25,803.75,889.0,812.0,1417.5,795.5,blink,1475,1154.5,808.25,558,6.952
6.956,1154.3333333333337,802.3333333333334,0.2431461503858062,0,0.0,0,222.22888996687612,1424.5,802.0,205.20477577288497,884.5,817.5,239.2530041608673,1154.5,809.75,884.5,817.5,1424.5,802.0,blink,1476,1153.25,808.75,559,6.956
6.96,1152.0,802.25,0.2505099736097061,0,0.0,0,219.1604807623048,1415.0,801.0,199.2184730390232,887.5,816.5,239.10248848558643,1151.25,808.75,887.5,816.5,1415.0,801.0,blink,1477,1151.25,809.75,560,6.96
6.964,1151.25,803.3333333333333,0.246265880773664,0,0.0,0,228.98403325168687,1417.0,799.0,201.9504889818294,885.0,822.5,256.0175775215444,1151.0,810.75,885.0,822.5,1417.0,799.0,blink,1478,1151.25,809.75,561,6.964
6.968,1152.3333333333337,805.9166666666667,0.242103976273603,0,0.0,0,225.81861549066372,1425.0,801.0,208.47062143141417,877.5,824.5,243.1666095499133,1151.25,812.75,877.5,824.5,1425.0,801.0,blink,1479,1151.25,808.75,561,6.968
6.972,1154.3333333333337,799.25,0.2525632722064981,0,0.0,0,227.9587612204024,1422.5,793.0,208.88513590009225,883.5,818.0,247.0323865407125,1153.0,805.5,883.5,818.0,1422.5,793.0,blink,1480,1151.75,809.0,561,6.972
6.976,1155.6666666666667,800.8333333333333,0.2706882189571761,0,0.0,0,217.709273293548,1418.5,800.5,195.1665955024066,893.0,813.5,240.25195108468944,1155.75,807.0,893.0,813.5,1418.5,800.5,blink,1481,1153.0,809.0,561,6.976
6.98,1153.6666666666667,802.0833333333333,0.2446432975333472,0,0.0,0,227.8652365679492,1416.5,798.0,211.43556938225885,887.0,820.0,244.29490375363952,1151.75,809.0,887.0,820.0,1416.5,798.0,blink,1482,1155.75,809.0,562,6.98
6.984,1161.25,807.75,0.2379099224965543,0,0.0,0,228.99445756058117,1433.0,802.5,209.74508337503408,889.0,823.5,248.2438317461282,1161.0,813.0,889.0,823.5,1433.0,802.5,blink,1483,1158.0,813.0,562,6.984
6.988,1160.25,811.5833333333334,0.2494522177151263,0,0.0,0,229.1421849144852,1430.0,810.5,213.03755537463343,887.5,825.5,245.246814454337,1158.75,818.0,887.5,825.5,1430.0,810.5,blink,1484,1158.0,818.0,562,6.988
6.992,1158.3333333333333,813.5,0.2149932597496017,0,0.0,0,222.8686064078292,1427.0,813.0,207.63429389192916,889.0,823.5,238.10291892372928,1158.0,818.25,889.0,823.5,1427.0,813.0,blink,1485,1158.0,818.25,563,6.992
6.996,1158.1666666666663,814.25,0.2325517855271515,0,0.0,0,229.5073169479634,1428.0,813.0,217.8072542409917,886.5,829.0,241.2073796549351,1157.25,821.0,886.5,829.0,1428.0,813.0,blink,1486,1157.25,818.25,563,6.996
7.0,1152.6666666666667,812.25,0.2329789146105262,0,0.0,0,225.8674054551277,1420.0,809.5,211.482859825566,883.0,827.5,240.25195108468944,1151.5,818.5,883.0,827.5,1420.0,809.5,blink,1487,1155.75,818.5,563,7.0
7.004,1151.9166666666667,812.0,0.2397029395929517,0,0.0,0,223.86997760119587,1413.5,805.0,208.38665984174708,886.5,829.5,239.3532953606447,1150.0,817.25,886.5,829.5,1413.5,805.0,blink,1488,1155.75,818.5,563,7.004
7.008,1156.5,812.4166666666666,0.2332576010412377,0,0.0,0,224.6854295759633,1426.5,811.0,209.16261616264032,885.0,826.0,240.20824298928628,1155.75,818.5,885.0,826.0,1426.5,811.0,blink,1489,1155.75,818.5,563,7.008
7.0120000000000005,1159.5,815.5,0.2375778741641427,0,0.0,0,227.2628175219524,1435.0,815.5,212.2757640429072,882.0,827.5,242.24987100099764,1158.5,821.5,882.0,827.5,1435.0,815.5,blink,1490,1155.75,821.5,564,7.0120000000000005
7.016,1156.9166666666663,819.0,0.2368574311627322,0,0.0,0,225.0148793695845,1424.0,810.5,209.49701668520245,889.0,837.0,240.53274205396653,1156.5,823.75,889.0,837.0,1424.0,810.5,blink,1491,1156.0,823.5,564,7.016
7.0200000000000005,1154.5833333333337,818.4166666666666,0.2492179807032397,0,0.0,0,227.70596458088093,1423.5,813.5,206.0728026693479,883.5,833.5,249.33912649241395,1153.5,823.5,883.5,833.5,1423.5,813.5,blink,1492,1156.0,823.75,565,7.0200000000000005
7.024,1156.1666666666667,822.25,0.2267762105412064,0,0.0,0,219.99262422047465,1427.0,821.0,201.6829194552677,885.0,835.0,238.3023289856816,1156.0,828.0,885.0,835.0,1427.0,821.0,blink,1493,1153.5,826.5,566,7.024
7.0280000000000005,1153.3333333333337,821.6666666666667,0.2377065454010832,0,0.0,0,222.3003923176257,1420.0,819.0,203.19448811422023,885.5,834.0,241.40629652103112,1152.75,826.5,885.5,834.0,1420.0,819.0,blink,1494,1153.5,828.0,567,7.0280000000000005
7.032,1152.3333333333333,824.1666666666667,0.236056662701829,0,0.0,0,221.302061016385,1420.5,818.0,198.01262586006985,884.0,838.5,244.59149617270015,1152.25,828.25,884.0,838.5,1420.5,818.0,blink,1495,1156.0,828.25,568,7.032
7.0360000000000005,1161.5,827.5,0.2189848533106237,0,0.0,0,221.0664065020124,1431.5,820.0,204.92193635626225,891.5,844.0,237.2108766477625,1161.5,832.0,891.5,844.0,1431.5,820.0,blink,1496,1161.25,830.5,568,7.0360000000000005
7.04,1165.3333333333337,825.6666666666667,0.2429028800698924,0,0.0,0,226.5427280102585,1441.5,824.0,203.79646709401024,887.5,837.0,249.28898892650676,1164.5,830.5,887.5,837.0,1441.5,824.0,blink,1497,1161.25,832.0,569,7.04
7.0440000000000005,1162.0,830.5833333333333,0.2219328615034477,0,0.0,0,226.15029941011665,1435.0,831.0,210.95023109728987,887.5,841.5,241.3503677229434,1161.25,836.25,887.5,841.5,1435.0,831.0,blink,1498,1161.5,836.0,570,7.0440000000000005
7.048,1160.75,831.1666666666667,0.2232325776314834,0,0.0,0,221.03049635362493,1430.0,826.5,202.89159667172024,890.5,845.5,239.1693960355296,1160.25,836.0,890.5,845.5,1430.0,826.5,blink,1499,1161.25,836.25,571,7.048
7.0520000000000005,1162.1666666666667,832.3333333333334,0.2320503065597964,0,0.0,0,218.31534008373197,1435.0,824.5,194.57903278616635,888.0,850.5,242.05164738129756,1161.5,837.5,888.0,850.5,1435.0,824.5,blink,1500,1161.25,837.5,571,7.0520000000000005
7.056,1159.5,835.0833333333334,0.2359719232264725,0,0.0,0,219.41035821017653,1430.5,827.5,193.747258045114,887.5,852.0,245.073458375239,1159.0,839.75,887.5,852.0,1430.5,827.5,blink,1501,1161.5,839.75,572,7.056
7.0600000000000005,1167.4166666666663,837.4166666666666,0.2291000023546772,0,0.0,0,222.8543177193941,1441.0,832.0,207.17142660125697,893.0,851.0,238.53720883753127,1167.0,841.5,893.0,851.0,1441.0,832.0,blink,1502,1163.75,841.5,572,7.0600000000000005
7.064,1171.75,840.5,0.2344478309658492,0,0.0,0,223.57550794396923,1448.5,835.0,209.6115454835444,892.5,857.0,237.53947040439405,1170.5,846.0,892.5,857.0,1448.5,835.0,blink,1503,1164.25,841.5,573,7.064
7.0680000000000005,1164.75,837.1666666666667,0.232748738939203,0,0.0,0,221.98631782090928,1437.5,832.5,199.7248106770914,890.0,850.5,244.2478249647272,1163.75,841.5,890.0,850.5,1437.5,832.5,blink,1504,1167.0,844.5,574,7.0680000000000005
7.072,1165.9166666666667,839.8333333333333,0.2367297465165044,0,0.0,0,217.87238143579236,1437.5,832.5,195.57607215607945,891.0,856.5,240.1686907155052,1164.25,844.5,891.0,856.5,1437.5,832.5,blink,1505,1165.5,845.75,575,7.072
7.0760000000000005,1170.4166666666667,841.0833333333333,0.2433271312678346,0,0.0,0,220.49372508883076,1445.0,835.0,202.63267258761604,893.0,856.5,238.3547775900454,1169.0,845.75,893.0,856.5,1445.0,835.0,blink,1506,1165.5,845.75,575,7.0760000000000005
7.08,1167.1666666666667,842.0,0.2366828936617661,0,0.0,0,222.5347331064657,1439.5,836.5,199.7248106770914,891.5,857.5,245.34465553584,1165.5,847.0,891.5,857.5,1439.5,836.5,blink,1507,1165.5,847.0,575,7.08
7.0840000000000005,1169.8333333333337,844.9166666666666,0.2328642005790824,0,0.0,0,226.08915399791928,1446.5,840.0,209.7736875778276,891.0,859.0,242.404620418011,1168.75,849.5,891.0,859.0,1446.5,840.0,blink,1508,1168.75,849.25,576,7.0840000000000005
7.088,1166.6666666666667,844.8333333333333,0.2399567027394182,0,0.0,0,223.67038443784236,1440.0,842.0,200.9975124224178,891.0,856.5,246.3432564532669,1165.5,849.25,891.0,856.5,1440.0,842.0,blink,1509,1168.75,849.5,577,7.088
7.0920000000000005,1170.6666666666667,845.4166666666667,0.2351016542202856,0,0.0,0,232.54564956750437,1451.5,844.0,215.75217264259476,887.5,857.5,249.33912649241395,1169.5,850.75,887.5,857.5,1451.5,844.0,blink,1510,1168.75,849.5,577,7.0920000000000005
7.096,1171.0833333333333,848.6666666666667,0.2529834640139988,0,0.0,0,229.11636005735,1449.0,847.0,206.7849124090053,890.5,861.5,251.44780770569463,1169.75,854.25,890.5,861.5,1449.0,847.0,blink,1511,1169.5,849.25,577,7.096
7.1000000000000005,1168.3333333333337,844.5833333333334,0.240115992493082,0,0.0,0,217.4299449299894,1438.5,840.0,191.51240168720145,894.5,857.5,243.34748817277733,1166.5,848.75,894.5,857.5,1438.5,840.0,blink,1512,1169.75,850.75,577,7.1000000000000005
7.104,1172.0833333333337,844.8333333333334,0.2207642522247697,0,0.0,0,227.7967783125314,1452.0,843.0,204.3526363911168,891.5,855.5,251.240920233946,1171.75,849.25,891.5,855.5,1452.0,843.0,blink,1513,1169.75,853.0,578,7.104
7.1080000000000005,1172.5833333333337,851.5,0.2552165097902909,0,0.0,0,228.60323890444687,1449.0,846.5,208.86598574205425,892.0,867.5,248.34049206683957,1170.5,857.0,892.0,867.5,1449.0,846.5,blink,1514,1166.5,853.0,578,7.1080000000000005
7.112,1164.3333333333333,849.3333333333334,0.2359215371006656,0,0.0,0,223.25990907983345,1438.0,843.0,197.2308292331602,890.5,863.0,249.28898892650676,1164.25,853.0,890.5,863.0,1438.0,843.0,blink,1515,1170.25,853.0,578,7.112
7.1160000000000005,1164.5833333333337,848.9166666666667,0.2296171305495539,0,0.0,0,227.1472481921951,1441.0,846.5,198.72845795205075,887.5,859.5,255.56603843233944,1164.25,853.0,887.5,859.5,1441.0,846.5,blink,1516,1170.25,855.0,579,7.1160000000000005
7.12,1171.3333333333337,850.5833333333333,0.2330814157786361,0,0.0,0,227.1940170821444,1453.5,845.0,200.0024999843752,887.0,865.0,254.3855341799136,1170.25,855.0,887.0,865.0,1453.5,845.0,blink,1517,1170.25,855.0,579,7.12
7.1240000000000006,1176.9166666666663,852.3333333333333,0.222542702223826,0,0.0,0,226.29628937616133,1456.5,847.5,206.0728026693479,896.0,865.0,246.51977608297477,1176.25,856.25,896.0,865.0,1456.5,847.5,blink,1518,1171.25,856.25,579,7.1240000000000006
7.128,1177.5833333333333,853.0833333333333,0.2338369840839927,0,0.0,0,229.7225951424492,1461.5,847.5,207.87015177749788,892.5,867.5,251.5750385074004,1177.0,857.5,892.5,867.5,1461.5,847.5,blink,1519,1171.75,857.5,579,7.128
7.132000000000001,1172.5833333333333,853.6666666666667,0.2270605348444055,0,0.0,0,223.1560143595285,1449.0,845.5,196.91876497683,893.5,870.0,249.39326374222705,1171.25,857.75,893.5,870.0,1449.0,845.5,blink,1520,1174.5,857.5,580,7.132000000000001
7.136,1172.8333333333333,857.0,0.2436307044851988,0,0.0,0,230.3937130712744,1450.5,851.5,204.08331631958552,893.0,873.5,256.7041098229633,1171.75,862.5,893.0,873.5,1450.5,851.5,blink,1521,1171.75,857.75,580,7.136
7.140000000000001,1174.5833333333337,851.5833333333334,0.2306004262472436,0,0.0,0,228.6963238671435,1458.5,850.5,203.8872237291979,890.5,862.0,253.50542400508908,1174.5,856.25,890.5,862.0,1458.5,850.5,blink,1522,1171.75,859.5,581,7.140000000000001
7.144,1169.5833333333333,857.3333333333334,0.2232205891359756,0,0.0,0,225.22932984850348,1447.5,852.0,198.01262586006985,890.0,871.5,252.44603383693712,1168.75,861.75,890.0,871.5,1447.5,852.0,blink,1523,1171.75,861.75,582,7.144
7.148000000000001,1173.9166666666663,855.1666666666667,0.2306152673741089,0,0.0,0,230.38174315676824,1460.0,851.0,202.48456731316588,889.0,868.0,258.2789190003706,1174.5,859.5,889.0,868.0,1460.0,851.0,blink,1524,1171.0,861.75,583,7.148000000000001
7.152,1172.0,862.8333333333333,0.2223394322428802,0,0.0,0,227.87036624810327,1445.0,857.0,211.1492363235065,897.0,879.5,244.59149617270015,1171.0,868.25,897.0,879.5,1445.0,857.0,blink,1525,1171.0,862.25,583,7.152
7.156000000000001,1171.4166666666663,858.0833333333333,0.2214733381622072,0,0.0,0,227.18690023318229,1451.5,851.0,203.79646709401024,890.0,873.5,250.57733337235436,1170.75,862.25,890.0,873.5,1451.5,851.0,blink,1526,1171.0,864.25,583,7.156000000000001
7.16,1172.4166666666667,861.0833333333333,0.2229036702241658,0,0.0,0,233.23938548967735,1453.0,856.0,208.7773934122179,890.5,872.5,257.70137756713683,1171.75,864.25,890.5,872.5,1453.0,856.0,blink,1527,1171.0,865.25,583,7.16
7.164000000000001,1166.0,860.9166666666666,0.2418032786902756,0,0.0,0,226.6023726936585,1448.5,852.5,197.57024067404484,881.5,878.0,255.63450471327224,1165.0,865.25,881.5,878.0,1448.5,852.5,blink,1528,1170.75,865.25,583,7.164000000000001
7.168,1172.4166666666663,863.3333333333333,0.2322185089417205,0,1376.419721596729,0,233.1582005146756,1459.0,855.0,206.6204249342257,884.5,882.5,259.6959760951255,1171.75,868.75,884.5,882.5,1459.0,855.0,saccade,1529,1166.5,868.75,584,7.168
7.172,1167.0833333333333,866.3333333333334,0.2332480173153353,0,576.221528580869,0,230.96993279340444,1448.5,861.5,204.08331631958552,884.5,879.5,257.8565492672234,1166.5,870.5,884.5,879.5,1448.5,861.5,saccade,1530,1165.0,870.5,584,7.172
7.176,1164.9166666666667,869.0,0.2352807996786595,0,576.2215285807409,0,233.37939297528797,1448.0,862.5,209.05740838343905,878.5,885.5,257.70137756713683,1163.25,874.0,878.5,885.5,1448.0,862.5,saccade,1531,1163.25,872.0,584,7.176
7.18,1162.5,868.3333333333333,0.236561833254921,0,534.0002340824044,0,234.9581551647084,1449.0,859.5,203.088650593774,876.0,884.5,266.82765973564284,1162.5,872.0,876.0,884.5,1449.0,859.5,saccade,1532,1162.5,874.0,584,7.18
7.184,1161.25,874.5833333333333,0.2264586410503474,0,749.9999999999161,0,225.3704869063596,1441.5,869.5,204.08331631958552,879.0,889.0,246.6576574931336,1160.25,879.25,879.0,889.0,1441.5,869.5,saccade,1533,1162.5,877.0,584,7.184
7.188,1162.5,873.3333333333333,0.2225674583085813,0,576.221528580869,0,228.98076085959207,1443.5,866.5,200.10497245196083,880.5,887.5,257.8565492672234,1162.0,877.0,880.5,887.5,1443.5,866.5,saccade,1534,1162.0,879.25,584,7.188
7.192,1165.5,879.4166666666667,0.238747813243671,0,624.9999999999301,0,231.5539403259301,1451.0,872.5,203.088650593774,879.5,897.5,260.0192300580863,1165.25,885.0,879.5,897.5,1451.0,872.5,saccade,1535,1162.0,881.75,584,7.192
7.196,1161.5833333333333,876.25,0.2337505902719921,0,814.900300650421,0,234.9862472312369,1451.5,868.5,201.89601283829256,869.5,895.0,268.07648162418127,1160.5,881.75,869.5,895.0,1451.5,868.5,saccade,1536,1162.25,885.0,584,7.196
7.2,1163.1666666666667,881.6666666666667,0.2614630067814751,0,749.9999999999161,0,235.29751081802956,1448.5,879.0,216.8155898453799,876.0,897.0,253.7794317906792,1162.25,888.0,876.0,897.0,1448.5,879.0,saccade,1537,1162.25,888.0,584,7.2
7.204,1162.4166666666667,884.0,0.2566040090641601,0,503.89110926871484,0,245.87869594294415,1455.5,882.5,220.20445045457188,869.0,897.5,271.55294143131647,1162.25,890.0,869.0,897.5,1455.5,882.5,saccade,1538,1162.0,890.0,584,7.204
7.208,1156.75,889.1666666666667,0.2581539868022688,0,937.4999999998951,0,238.9615916015136,1447.5,888.5,212.9835674412465,866.5,902.0,264.9396157617807,1157.0,895.25,866.5,902.0,1447.5,888.5,saccade,1539,1162.0,893.75,584,7.208
7.212,1163.0,888.1666666666667,0.2343682500025573,0,0.0,0,231.0152671982857,1449.5,882.5,200.10497245196083,874.5,905.0,261.92556194461054,1162.0,893.75,874.5,905.0,1449.5,882.5,blink,1540,1162.0,894.5,585,7.212
7.216,1162.3333333333337,891.9166666666667,0.2497033163646114,0,712.6096406868814,0,237.6579033024609,1449.0,892.5,219.66565503054863,875.0,902.5,255.6501515743732,1162.0,897.5,875.0,902.5,1449.0,892.5,saccade,1541,1159.25,895.25,586,7.216
7.22,1158.9166666666663,888.0833333333333,0.2415813607526801,0,562.500000000062,0,231.6718352356499,1445.5,885.0,206.40009689920203,871.0,904.0,256.9435735720977,1158.25,894.5,871.0,904.0,1445.5,885.0,saccade,1542,1159.25,897.5,586,7.22
7.224,1159.6666666666667,899.6666666666667,0.2280671156902559,0,1829.660146037851,0,240.29657588267867,1459.0,900.5,220.4835594777987,859.5,909.0,260.10959228755866,1159.25,904.75,859.5,909.0,1459.0,900.5,saccade,1543,1158.25,904.75,586,7.224
7.228,1158.4166666666667,913.3333333333331,0.2345250892854352,0,3500.557991235497,0,244.34021819545137,1458.0,916.5,223.40322289528413,858.0,921.0,265.2772134956186,1158.0,918.75,858.0,921.0,1458.0,916.5,saccade,1544,1158.0,918.75,586,7.228
7.232,1151.9166666666667,918.0833333333331,0.2342980262160879,0,1904.968831765808,0,234.56051044985196,1437.0,923.0,215.34158910902465,864.0,926.0,253.7794317906792,1150.5,924.5,864.0,926.0,1437.0,923.0,saccade,1545,1153.0,924.5,586,7.232
7.236,1153.1666666666667,922.5833333333334,0.2370272478904532,0,1140.5179744310417,0,242.6217376602341,1454.5,927.0,220.5379785887229,851.5,931.0,264.70549673174526,1153.0,929.0,851.5,931.0,1454.5,927.0,saccade,1546,1152.25,929.0,586,7.236
7.24,1151.9166666666663,925.9166666666666,0.2486382141049372,0,687.499999999923,0,237.8725610555856,1451.0,929.0,215.34158910902465,853.5,934.5,260.4035330021465,1152.25,931.75,853.5,934.5,1451.0,929.0,saccade,1547,1152.25,931.75,586,7.24
7.244,1148.1666666666667,933.25,0.2262174071565937,0,1812.5000000001996,0,238.9205442928164,1442.5,935.0,210.1547049199708,854.0,943.0,267.686383665662,1148.25,939.0,854.0,943.0,1442.5,935.0,saccade,1548,1152.25,939.0,586,7.244
7.248,1154.9166666666667,939.3333333333334,0.2249111583042588,0,1581.1388300840129,0,246.98059209744667,1460.5,941.5,232.34887561595815,848.0,948.5,261.6123085789352,1154.25,945.0,848.0,948.5,1460.5,941.5,saccade,1549,1150.25,945.0,586,7.248
7.252,1147.5833333333337,942.9166666666669,0.2308165114026868,0,1118.0339887500181,0,239.3105859316393,1441.5,943.5,208.06249061279644,852.5,954.5,270.5586812504821,1147.0,949.0,852.5,954.5,1441.5,943.5,saccade,1550,1148.25,949.0,586,7.252
7.256,1150.5833333333333,945.1666666666669,0.2081756404726842,0,0.0,0,238.58551379815637,1448.5,941.0,220.31114361284588,852.0,958.5,256.8598839834668,1150.25,949.75,852.0,958.5,1448.5,941.0,blink,1551,1147.0,949.75,587,7.256
7.26,1132.6666666666667,948.25,0.2169482467318408,0,0.0,0,239.65505234286397,1427.5,953.5,212.042448580467,840.0,955.0,267.26765610526087,1133.75,954.25,840.0,955.0,1427.5,953.5,blink,1552,1140.25,954.25,588,7.26
7.264,1139.4166666666667,957.0,0.2059404179620595,0,0.0,0,235.23734760534975,1431.5,959.0,203.48218595248088,849.0,965.5,266.9925092582187,1140.25,962.25,849.0,965.5,1431.5,959.0,blink,1553,1137.25,961.75,588,7.264
7.268,1135.3333333333333,957.8333333333334,0.2030116494352331,0,0.0,0,233.19874639840623,1422.0,960.0,196.4993638666548,852.5,964.0,269.89812893015767,1137.25,962.0,852.5,964.0,1422.0,960.0,blink,1554,1137.25,961.75,589,7.268
7.272,1125.5,956.5833333333331,0.2192885485550897,0,749.9999999999161,0,234.31971829623967,1419.5,956.5,201.5589243868899,834.0,967.0,267.0805122055894,1126.75,961.75,834.0,967.0,1419.5,956.5,saccade,1555,1140.25,961.75,590,7.272
7.368,1415.25,791.5833333333334,0.2784025395200641,0,3247.0491494976563,0,92.88991186687592,1538.5,789.0,85.37564055396598,1296.0,797.5,100.40418317978587,1417.25,793.25,1296.0,797.5,1538.5,789.0,saccade,1556,1402.5,793.25,590,7.368
7.372,1424.4166666666663,775.25,0.2410424362095347,0,4250.000000000468,0,98.74359607216756,1550.5,778.0,85.37564055396598,1301.0,774.5,112.11155159036912,1425.75,776.25,1301.0,774.5,1550.5,778.0,saccade,1557,1402.5,776.25,590,7.372
7.376,1402.0,763.1666666666667,0.2247176730589721,0,3187.4999999996435,0,100.1793387830773,1531.0,759.0,94.33981132056604,1274.0,768.0,106.01886624558855,1402.5,763.5,1274.0,768.0,1531.0,759.0,saccade,1558,1402.5,763.5,590,7.376
7.38,1384.5833333333337,741.3333333333333,0.206323568821265,0,7173.083367702577,0,102.1763181955584,1512.0,738.0,102.1763181955584,1255.0,746.0,102.1763181955584,1383.5,742.0,1255.0,746.0,1512.0,738.0,saccade,1559,1383.5,742.0,590,7.38
7.384,1361.8333333333333,718.8333333333333,0.2196388402516104,0,7825.489201959599,0,98.25605482741308,1487.5,712.5,93.43446901438462,1236.5,726.0,103.07764064044152,1362.0,719.25,1236.5,726.0,1487.5,712.5,saccade,1560,1362.0,719.25,590,7.384
7.388,1360.4166666666663,696.6666666666667,0.2455552626367896,0,5155.7764934106535,0,94.8060892537085,1480.0,699.0,82.60750571225353,1239.5,698.5,107.00467279516349,1359.75,698.75,1239.5,698.5,1480.0,699.0,saccade,1561,1359.75,698.75,590,7.388
7.392,1360.3333333333337,690.3333333333333,0.2275393405333965,0,1520.6906325743846,0,98.6405774480586,1477.5,689.5,87.28115489611719,1240.0,696.0,110.0,1358.75,692.75,1240.0,696.0,1477.5,689.5,saccade,1562,1358.75,692.75,590,7.392
7.396,1357.6666666666663,685.5,0.263995962912988,0,1300.540752917944,0,91.92187343748849,1468.0,681.0,64.77653896280658,1243.5,696.0,119.06720791217036,1355.75,688.5,1243.5,696.0,1468.0,681.0,saccade,1563,1355.75,688.5,590,7.396
7.4,1339.25,669.4166666666667,0.2441373774586984,0,5966.377146140866,0,100.5229302512526,1462.0,665.5,88.68483523128404,1216.0,677.5,112.36102527122117,1339.0,671.5,1216.0,677.5,1462.0,665.5,saccade,1564,1339.0,671.5,590,7.4
7.404,1327.9166666666663,657.25,0.2599860367053346,0,3935.515372858225,0,96.43136670143014,1447.5,648.5,81.49846624323675,1207.5,671.5,111.36426715962352,1327.5,660.0,1207.5,671.5,1447.5,648.5,saccade,1565,1328.25,660.0,590,7.404
7.408,1326.9166666666663,649.9166666666666,0.2580863986751152,0,1822.1724671389525,0,98.86968109050368,1449.5,642.0,83.38465086573187,1205.0,663.5,114.35471131527552,1327.25,652.75,1205.0,663.5,1449.5,642.0,saccade,1566,1327.5,652.75,590,7.408
7.412,1328.1666666666663,640.9166666666666,0.262117046117284,0,2188.392675001691,0,101.81478389896904,1459.5,631.5,89.27485648266257,1197.0,656.5,114.35471131527552,1328.25,644.0,1197.0,656.5,1459.5,631.5,saccade,1567,1327.25,644.0,590,7.412
7.416,1323.9166666666667,631.3333333333334,0.2355599872861656,0,2187.4999999997553,0,98.87032042195352,1448.0,624.0,80.22468448052632,1200.5,646.5,117.51595636338072,1324.25,635.25,1200.5,646.5,1448.0,624.0,saccade,1568,1327.25,635.25,590,7.416
7.42,1317.1666666666663,618.9166666666667,0.2161459748232867,0,3152.999563907707,0,102.7835389390504,1446.0,611.5,88.05112151472007,1186.5,634.5,117.51595636338072,1316.25,623.0,1186.5,634.5,1446.0,611.5,saccade,1569,1324.25,623.0,590,7.42
7.424,1332.5833333333333,611.9166666666667,0.1776313624591826,0,2741.464024932357,0,104.81769090697016,1469.0,605.0,96.0,1193.5,625.0,113.63538181394031,1331.25,615.0,1193.5,625.0,1469.0,605.0,saccade,1570,1316.75,615.0,590,7.424
7.428,1318.5833333333337,596.0833333333333,0.181440505713754,1,945.7966219014514,0,99.8205977854592,1451.0,585.5,86.00581375697809,1182.5,613.0,113.63538181394031,1316.75,599.25,1182.5,613.0,1451.0,585.5,blink,1571,1316.25,611.25,590,7.428
7.432,1301.9166666666663,584.5,0.1816274963394286,0,4900.573945977616,0,97.16391825528808,1436.0,569.5,80.05623023850174,1165.5,604.5,114.27160627207444,1300.75,587.0,1165.5,604.5,1436.0,569.5,saccade,1572,1300.75,599.25,590,7.432
7.436,1300.0833333333337,607.4166666666666,0.1990058073970007,0,2194.6312332601715,0,102.09326105528396,1440.5,606.5,91.0494371207203,1155.0,616.0,113.1370849898476,1297.75,611.25,1155.0,616.0,1440.5,606.5,saccade,1573,1297.75,591.0,590,7.436
7.44,1297.5833333333333,578.9166666666667,0.1806440563801098,0,0.0,0,97.45556817771646,1431.0,562.0,84.02380615040002,1162.0,601.0,110.8873302050329,1296.5,581.5,1162.0,601.0,1431.0,562.0,blink,1574,1296.5,591.0,591,7.44
7.444,1279.8333333333337,588.3333333333333,0.1898268822578858,0,2000.0000000002203,0,100.43523640986804,1409.5,580.5,83.15046602394962,1146.5,601.5,117.72000679578642,1278.0,591.0,1146.5,601.5,1409.5,580.5,saccade,1575,1288.5,591.0,592,7.444
7.448,1290.25,588.0833333333334,0.187653848388137,0,2624.9999999997062,0,98.22887720390398,1426.5,586.0,87.0,1150.5,596.0,109.45775440780794,1288.5,591.0,1150.5,596.0,1426.5,586.0,saccade,1576,1278.0,591.0,592,7.448
7.452,1271.75,570.9166666666667,0.187841080049014,0,1250.0000000001376,0,98.3891194685628,1397.5,556.5,87.00574693662483,1145.5,589.5,109.77249200050076,1271.5,573.0,1145.5,589.5,1397.5,556.5,saccade,1577,1273.0,591.0,592,7.452
7.456,1274.6666666666667,593.75,0.2008391184661965,0,3395.769426801151,0,100.3450093132096,1407.0,599.0,96.0,1139.0,593.0,104.6900186264192,1273.0,596.0,1139.0,593.0,1407.0,599.0,saccade,1578,1271.5,577.5,592,7.456
7.46,1266.6666666666667,575.3333333333333,0.159539565875357,0,1375.0000000001514,0,107.39335723930208,1400.5,572.5,105.23307464861035,1131.5,582.5,109.55363982999378,1266.0,577.5,1131.5,582.5,1400.5,572.5,saccade,1579,1266.0,577.5,592,7.46
7.464,1259.0833333333333,562.8333333333333,0.1770051439750241,0,4096.969154142637,0,99.08523866757496,1386.0,549.0,86.02325267042627,1131.5,581.0,112.14722466472364,1258.75,565.0,1131.5,581.0,1386.0,549.0,saccade,1580,1260.0,592.75,592,7.464
7.468,1260.75,593.5,0.1783895489046169,0,0.0,0,99.903281969306,1389.0,601.5,92.13576938409967,1130.5,589.0,107.67079455451233,1259.75,595.25,1130.5,589.0,1389.0,601.5,blink,1581,1260.0,592.75,593,7.468
7.472,1260.1666666666663,590.8333333333334,0.1766325624873031,0,0.0,0,102.35358769095237,1391.5,604.0,97.32933781753576,1128.5,581.5,107.37783756436892,1260.0,592.75,1128.5,581.5,1391.5,604.0,blink,1582,1260.0,592.75,593,7.472
7.476,1270.8333333333337,590.6666666666666,0.1651949580784649,0,0.0,0,102.39734575565204,1404.0,607.5,96.62815324738438,1136.0,578.0,108.16653826391968,1270.0,592.75,1136.0,578.0,1404.0,607.5,blink,1583,1260.0,592.75,593,7.476
7.48,1260.5,584.25,0.1926504536427324,0,0.0,0,101.33918902622754,1393.5,596.0,99.503768772846,1127.5,577.0,103.1746092796091,1260.5,586.5,1127.5,577.0,1393.5,596.0,blink,1584,1260.0,588.5,594,7.48
7.484,1250.1666666666663,586.0833333333333,0.1851947502238566,0,0.0,0,99.74667630139712,1382.0,598.5,94.26027795418386,1119.5,578.5,105.23307464861035,1250.75,588.5,1119.5,578.5,1382.0,598.5,blink,1585,1250.75,586.5,594,7.484
7.488,1248.3333333333333,583.5833333333333,0.1854436745901901,0,0.0,0,98.7592299513351,1374.0,594.0,92.34717104492157,1124.5,577.0,105.17128885774862,1249.25,585.5,1124.5,577.0,1374.0,594.0,blink,1586,1250.75,586.0,595,7.488
7.492,1248.4166666666667,583.8333333333333,0.1858409839908505,0,0.0,0,99.25842328240876,1373.0,595.0,92.34717104492157,1125.0,577.0,106.16967551989596,1249.0,586.0,1125.0,577.0,1373.0,595.0,blink,1587,1249.25,586.0,595,7.492
7.496,1250.4166666666667,581.6666666666667,0.1605278928255886,0,0.0,0,100.254743420231,1379.0,594.0,94.33981132056604,1124.0,574.0,106.16967551989596,1251.5,584.0,1124.0,574.0,1379.0,594.0,blink,1588,1249.0,586.0,595,7.496
7.5,1245.5,586.3333333333333,0.1980433076876833,0,0.0,0,98.26226575225404,1369.0,599.0,90.35485598461214,1123.0,578.0,106.16967551989596,1246.0,588.5,1123.0,578.0,1369.0,599.0,blink,1589,1247.0,588.5,596,7.5
7.504,1246.8333333333333,588.3333333333333,0.197136017146024,0,0.0,0,100.18071983418142,1373.5,603.0,93.1933474020544,1120.5,579.0,107.16809226630843,1247.0,591.0,1120.5,579.0,1373.5,603.0,blink,1590,1246.0,591.0,596,7.504
7.508,1242.6666666666663,589.5,0.1894937942407688,0,0.0,0,102.17674105739157,1370.5,602.0,97.18538984847466,1114.5,582.0,107.16809226630843,1242.5,592.0,1114.5,582.0,1370.5,602.0,blink,1591,1244.0,591.0,597,7.508
7.512,1243.8333333333337,589.0,0.1782291189210169,0,0.0,0,101.18797837157754,1371.0,601.5,94.26027795418386,1117.0,581.5,108.1156787889712,1244.0,591.5,1117.0,581.5,1371.0,601.5,blink,1592,1242.5,591.5,597,7.512
7.516,1241.75,586.8333333333333,0.1820928162397491,0,0.0,0,102.81208224700887,1376.5,597.0,99.32270636667126,1108.0,581.0,106.30145812734648,1242.25,589.0,1108.0,581.0,1376.5,597.0,blink,1593,1242.5,592.0,597,7.516
7.52,1234.0,594.0833333333333,0.2295255501197287,0,0.0,0,100.5810296660028,1359.5,604.0,87.09190547921202,1110.0,589.0,114.0701538527936,1234.75,596.5,1110.0,589.0,1359.5,604.0,blink,1594,1242.25,593.5,597,7.52
7.524,1247.0,593.8333333333333,0.2170641349377321,0,0.0,0,105.5762965237658,1376.5,605.0,97.082439194738,1117.0,587.0,114.0701538527936,1246.75,596.0,1117.0,587.0,1376.5,605.0,blink,1595,1237.75,595.25,598,7.524
7.528,1237.0833333333337,592.0,0.1770610771052654,0,0.0,0,99.68176841961866,1362.0,600.0,92.19544457292888,1113.5,587.0,107.16809226630843,1237.75,593.5,1113.5,587.0,1362.0,600.0,blink,1596,1237.5,596.0,599,7.528
7.532,1237.25,593.75,0.192767279261345,0,0.0,0,97.15582599122293,1359.5,599.5,87.14355971613737,1115.5,591.0,107.16809226630843,1237.5,595.25,1115.5,591.0,1359.5,599.5,blink,1597,1237.5,596.0,599,7.532
7.536,1230.8333333333337,594.9166666666667,0.1681046650095304,0,0.0,0,97.78851763237724,1357.5,604.5,95.25754563287887,1104.0,588.0,100.31948963187564,1230.75,596.25,1104.0,588.0,1357.5,604.5,blink,1598,1237.5,596.25,599,7.536
7.54,1237.25,602.3333333333333,0.1941252160585124,0,0.0,0,98.56711848262847,1359.5,612.0,85.09406559801923,1115.0,596.5,112.04017136723776,1237.25,604.25,1115.0,596.5,1359.5,612.0,blink,1599,1237.25,603.5,600,7.54
7.544,1244.4166666666663,602.0833333333334,0.1669620551286549,0,0.0,0,101.19168167952458,1368.0,611.5,90.27181176868004,1121.0,595.5,112.11155159036912,1244.5,603.5,1121.0,595.5,1368.0,611.5,blink,1600,1237.25,604.25,601,7.544
7.548,1225.8333333333333,603.25,0.2146892073962487,0,0.0,0,95.52353704549452,1346.5,610.5,81.00617260431454,1107.0,598.5,110.04090148667449,1226.75,604.5,1107.0,598.5,1346.5,610.5,blink,1601,1237.25,604.5,601,7.548
7.552,1237.5,608.0,0.159257180775553,0,1286.9537676235168,0,100.1798711840854,1359.0,610.5,82.15229759416349,1116.0,607.5,118.20744477400736,1237.5,609.0,1116.0,607.5,1359.0,610.5,saccade,1602,1234.75,609.0,602,7.552
7.556,1233.6666666666663,613.6666666666667,0.2008507282001316,0,1573.7097890015955,0,98.71575491557628,1355.0,620.5,84.1486779456457,1111.5,610.0,113.28283188550682,1233.25,615.25,1111.5,610.0,1355.0,620.5,saccade,1603,1234.0,615.25,602,7.556
7.56,1234.0,620.25,0.1910120695128383,0,1822.172467139357,0,99.68075612449243,1362.0,629.5,82.15229759416349,1107.5,615.5,117.2092146548214,1234.75,622.5,1107.5,615.5,1362.0,629.5,saccade,1604,1234.75,622.5,602,7.56
7.564,1234.4166666666663,626.5,0.1914634438158622,0,1499.9999999998322,0,102.2141856988252,1363.5,641.0,89.35882720806042,1104.5,616.0,115.06954418958998,1234.0,628.5,1104.5,616.0,1363.5,641.0,saccade,1605,1234.75,628.5,602,7.564
7.568,1244.3333333333337,639.75,0.2006702612475308,0,4275.657844122239,0,103.69232543286594,1371.5,653.0,83.38465086573187,1119.0,631.0,124.0,1245.25,642.0,1119.0,631.0,1371.5,653.0,saccade,1606,1245.25,642.0,602,7.568
7.572,1250.25,647.1666666666667,0.1993484564071835,0,1312.4999999998531,0,103.30476813579178,1378.0,665.0,84.5931439302264,1123.0,634.0,122.01639234135716,1250.5,649.5,1123.0,634.0,1378.0,665.0,saccade,1607,1245.25,647.25,602,7.572
7.576,1263.25,659.0833333333334,0.2322063503298249,0,615.5536126123243,0,100.5214580769826,1387.5,678.0,79.63039620647382,1140.5,645.0,121.41251994749142,1264.0,661.5,1140.5,645.0,1387.5,678.0,saccade,1608,1246.25,649.5,602,7.576
7.58,1234.3333333333337,644.8333333333333,0.2290974683228304,0,3182.5942641181477,0,100.90947144452826,1354.5,664.0,81.61494961096282,1113.0,630.5,120.20399327809372,1233.75,647.25,1113.0,630.5,1354.5,664.0,saccade,1609,1250.5,661.5,602,7.58
7.584,1246.25,661.25,0.2011073715035803,0,1047.6909133901286,0,102.9293578579346,1372.5,675.5,85.70880934886448,1120.0,650.0,120.14990636700472,1246.25,662.75,1120.0,650.0,1372.5,675.5,saccade,1610,1254.5,662.75,602,7.584
7.588,1260.4166666666667,664.6666666666667,0.2257102921881454,0,1681.7030058840255,0,98.29506638514236,1380.5,684.5,75.32595834106593,1139.5,650.0,121.26417442921878,1260.0,667.25,1139.5,650.0,1380.5,684.5,saccade,1611,1249.5,667.25,602,7.588
7.592,1255.1666666666663,665.5,0.2313157076077679,0,1256.2344526402496,0,96.37556758736646,1374.5,687.5,79.30952023559341,1134.5,648.0,113.44161493913953,1254.5,667.75,1134.5,648.0,1374.5,687.5,saccade,1612,1254.5,667.75,602,7.592
7.596,1250.25,671.9166666666667,0.1904184324381941,0,1062.499999999881,0,98.60691950680344,1369.0,690.0,84.8528137423857,1130.0,656.5,112.36102527122117,1249.5,673.25,1130.0,656.5,1369.0,690.0,saccade,1613,1254.5,672.0,602,7.596
7.6,1259.5833333333337,670.1666666666667,0.1878264987061416,0,0.0,0,102.05941666559484,1380.0,696.0,85.5102333057278,1139.0,648.0,118.6086000254619,1259.5,672.0,1139.0,648.0,1380.0,696.0,blink,1614,1253.0,673.25,603,7.6
7.604,1253.0833333333337,672.5,0.1701187438972846,0,0.0,0,101.37052218804322,1374.0,696.5,86.12200647918046,1132.0,652.0,116.619037896906,1253.0,674.25,1132.0,652.0,1374.0,696.5,blink,1615,1253.0,674.25,603,7.604
7.608,1251.1666666666663,673.3333333333333,0.1732003063032303,0,0.0,0,100.61393226873996,1371.0,698.5,85.70297544426332,1130.5,651.5,115.5248890932166,1250.75,675.0,1130.5,651.5,1371.0,698.5,blink,1616,1255.0,675.0,604,7.608
7.612,1258.0833333333333,679.8333333333333,0.1570844311286583,0,0.0,0,100.37604852116252,1373.0,706.0,80.049984384758,1142.0,657.5,120.702112657567,1257.5,681.75,1142.0,657.5,1373.0,706.0,blink,1617,1253.0,679.75,604,7.612
7.616,1255.0,677.75,0.1997276059254932,0,0.0,0,97.49574262213436,1370.5,706.5,76.90253571892151,1139.5,653.0,118.0889495253472,1255.0,679.75,1139.5,653.0,1370.5,706.5,blink,1618,1255.0,681.75,604,7.616
7.62,1246.9166666666667,680.1666666666667,0.2588275388015288,0,0.0,0,95.73955088574137,1363.0,704.5,75.50496672405067,1129.5,661.5,115.974135047432,1246.25,683.0,1129.5,661.5,1363.0,704.5,blink,1619,1255.0,682.25,605,7.62
7.624,1259.5833333333333,683.1666666666667,0.2425567578461329,0,0.0,0,94.874327552374,1373.0,711.0,73.348483283569,1145.5,661.0,116.40017182117904,1259.25,686.0,1145.5,661.0,1373.0,711.0,blink,1620,1247.0,683.0,606,7.624
7.628,1247.75,679.5833333333334,0.2765816161302575,0,0.0,0,93.30248871246437,1362.5,706.5,72.18032973047436,1131.5,658.0,114.42464769445436,1247.0,682.25,1131.5,658.0,1362.5,706.5,blink,1621,1246.25,683.0,607,7.628
7.632000000000001,1244.0,680.5,0.2814768575697841,0,0.0,0,92.07226737469117,1359.0,705.5,68.8839603971781,1128.0,661.5,115.26057435220424,1243.5,683.5,1128.0,661.5,1359.0,705.5,blink,1622,1247.0,683.0,607,7.632000000000001
7.636,1240.5833333333337,679.0833333333333,0.2164176785242728,0,0.0,0,98.54970786290622,1358.0,705.0,77.27871634544663,1123.5,658.0,119.82069938036582,1240.75,681.5,1123.5,658.0,1358.0,705.0,blink,1623,1243.5,682.25,608,7.636
7.640000000000001,1250.1666666666663,680.4166666666666,0.2389289872699062,0,0.0,0,96.8717253616886,1364.5,705.5,74.52516353554684,1136.0,660.5,119.21828718783036,1250.25,683.0,1136.0,660.5,1364.5,705.5,blink,1624,1240.75,681.5,608,7.640000000000001
7.644,1241.25,673.0,0.2062458083557191,0,0.0,0,97.94951204364752,1361.0,700.0,80.049984384758,1120.5,650.0,115.84903970253704,1240.75,675.0,1120.5,650.0,1361.0,700.0,blink,1625,1240.75,675.0,608,7.644
7.648000000000001,1239.8333333333337,670.8333333333333,0.2043951002547526,0,0.0,0,98.87366708332752,1358.5,696.5,82.76472678623425,1119.0,649.5,114.9826073804208,1238.75,673.0,1119.0,649.5,1358.5,696.5,blink,1626,1240.75,673.25,609,7.648000000000001
7.652,1245.8333333333337,670.8333333333334,0.2265504529420933,0,0.0,0,97.48100231530783,1362.5,696.5,78.85429601486528,1127.5,650.0,116.1077086157504,1245.0,673.25,1127.5,650.0,1362.5,696.5,blink,1627,1239.75,673.0,609,7.652
7.656000000000001,1235.0833333333337,667.6666666666667,0.194690712211844,0,0.0,0,102.70547672871334,1358.0,694.5,85.70297544426332,1111.5,645.5,119.70797801316336,1234.75,670.0,1111.5,645.5,1358.0,694.5,blink,1628,1238.75,672.0,609,7.656000000000001
7.66,1240.5,669.3333333333334,0.2292788664407199,0,0.0,0,100.88557789108722,1361.5,694.0,84.92938243034621,1118.0,650.0,116.84177335182824,1239.75,672.0,1118.0,650.0,1361.5,694.0,blink,1629,1239.0,672.0,609,7.66
7.664000000000001,1234.3333333333333,670.0,0.1814808984836381,0,0.0,0,102.89691972953476,1356.0,690.5,88.07383266328314,1111.5,652.5,117.72000679578642,1233.75,671.5,1111.5,652.5,1356.0,690.5,blink,1630,1234.75,672.0,610,7.664000000000001
7.668,1240.75,681.5833333333334,0.2296631572416351,0,0.0,0,89.80687267711065,1352.5,700.5,63.63961030678928,1125.5,666.5,115.974135047432,1239.0,683.5,1125.5,666.5,1352.5,700.5,blink,1631,1235.75,677.75,610,7.668
7.672000000000001,1234.0,676.0,0.17380101414848,0,0.0,0,100.26963064540313,1356.5,694.5,87.0976463516667,1110.5,661.0,113.44161493913953,1233.5,677.75,1110.5,661.0,1356.5,694.5,blink,1632,1234.0,677.75,611,7.672000000000001
7.676,1235.75,679.6666666666666,0.1836327865513706,0,0.0,0,96.51692618453532,1354.0,698.0,81.58431221748455,1117.5,664.0,111.44954015158608,1235.75,681.0,1117.5,664.0,1354.0,698.0,blink,1633,1235.75,681.0,612,7.676
7.68,1234.5,668.3333333333334,0.2014504253591776,0,0.0,0,103.2197290728898,1357.5,684.5,91.00549433962765,1110.5,656.0,115.43396380615197,1234.0,670.25,1110.5,656.0,1357.5,684.5,blink,1634,1234.0,677.75,612,7.68
7.684,1240.75,685.1666666666667,0.162025804915053,0,0.0,0,100.9684272252977,1360.0,710.5,86.58521813797087,1118.5,662.5,115.35163631262454,1239.25,686.5,1118.5,662.5,1360.0,710.5,blink,1635,1234.0,677.0,613,7.684
7.688,1235.25,675.4166666666667,0.2050623232954875,0,0.0,0,97.54582299863615,1350.0,700.5,79.83107164506812,1115.0,653.5,115.26057435220424,1232.5,677.0,1115.0,653.5,1350.0,700.5,blink,1636,1232.5,671.0,614,7.688
7.692,1231.5833333333333,668.75,0.1854090169414655,0,0.0,0,100.61786371333228,1350.5,695.5,79.30952023559341,1109.5,646.5,121.92620719107111,1230.0,671.0,1109.5,646.5,1350.5,695.5,blink,1637,1232.5,671.0,615,7.692
7.696,1222.4166666666663,642.5833333333334,0.2395479315408167,0,0.0,0,103.9852041238394,1342.0,665.5,95.524865872714,1101.0,624.0,112.44554237496476,1221.5,644.75,1101.0,624.0,1342.0,665.5,blink,1638,1230.0,655.5,616,7.696
7.7,1236.8333333333333,653.75,0.1959851271285013,0,0.0,0,108.56020442976732,1366.0,672.0,95.7078889120432,1107.5,639.0,121.41251994749142,1236.75,655.5,1107.5,639.0,1366.0,672.0,blink,1639,1221.5,655.5,616,7.7
7.704,1217.1666666666663,637.5,0.2263761476706578,0,0.0,0,107.00494270547652,1334.0,649.0,98.73196037757988,1096.5,629.0,115.27792503337317,1215.25,639.0,1096.5,629.0,1334.0,649.0,blink,1640,1221.5,655.5,617,7.704
7.708,1214.0,664.25,0.2319354288403796,0,562.499999999937,0,96.65457675364463,1332.5,684.0,85.84287972802403,1093.5,649.0,107.46627377926528,1213.0,666.5,1093.5,649.0,1332.5,684.0,saccade,1641,1219.25,655.5,618,7.708
7.712,1238.4166666666663,666.25,0.1888961390449384,0,2488.253654674572,0,99.0697693301226,1361.5,687.0,86.49277426467485,1115.5,648.0,111.64676439557036,1238.5,667.5,1115.5,648.0,1361.5,687.0,saccade,1642,1217.25,645.75,618,7.712
7.716,1219.6666666666663,643.8333333333333,0.2296761199489911,0,2062.499999999769,0,105.9595768416627,1339.5,654.5,93.64827814754524,1099.0,637.0,118.27087553578016,1219.25,645.75,1099.0,637.0,1339.5,654.5,saccade,1643,1217.25,654.0,618,7.716
7.72,1218.5,639.75,0.214811365183261,0,500.0000000000551,0,106.80356128875044,1336.5,646.0,95.33624704172072,1098.0,638.0,118.27087553578016,1217.25,642.0,1098.0,638.0,1336.5,646.0,saccade,1644,1219.25,654.0,618,7.72
7.724,1213.3333333333337,651.8333333333333,0.2521492650738388,0,2122.240855793468,0,101.7546074634075,1334.0,666.0,92.34717104492157,1090.5,642.0,111.16204388189342,1212.25,654.0,1090.5,642.0,1334.0,666.0,saccade,1645,1217.25,645.75,618,7.724
7.728,1234.1666666666663,667.6666666666667,0.2278495932143666,0,1250.0000000001376,0,99.5100209986802,1352.5,693.5,80.4114419718985,1114.0,646.0,118.6086000254619,1233.25,669.75,1114.0,646.0,1352.5,693.5,saccade,1646,1212.25,645.75,618,7.728
7.732,1211.1666666666667,622.5833333333333,0.2535716530030011,0,2122.240855793468,0,100.90117929252388,1326.0,637.0,84.5931439302264,1094.5,613.5,117.2092146548214,1210.25,625.25,1094.5,613.5,1326.0,637.0,saccade,1647,1210.25,654.0,618,7.732
7.736,1207.5833333333337,644.0833333333333,0.2458193143373619,0,1884.3516789603743,0,107.44358077644236,1328.5,657.5,99.60923651951158,1084.5,634.0,115.27792503337317,1206.5,645.75,1084.5,634.0,1328.5,657.5,saccade,1648,1209.5,646.5,618,7.736
7.74,1209.4166666666667,662.0,0.2468947278929701,0,0.0,0,96.63363161766412,1331.5,680.5,87.69264507357501,1087.5,648.5,105.57461816175324,1209.5,664.5,1087.5,648.5,1331.5,680.5,blink,1649,1209.0,646.5,619,7.74
7.744,1210.5833333333337,644.75,0.2334102197476168,0,0.0,0,103.52691476701676,1325.5,660.0,93.7709976485267,1092.5,633.0,113.28283188550682,1209.0,646.5,1092.5,633.0,1325.5,660.0,blink,1650,1207.5,650.5,620,7.744
7.748,1209.4166666666663,653.3333333333333,0.2346249000107466,0,0.0,0,101.62359071018554,1331.0,670.5,98.85848471426212,1084.0,640.5,104.38869670610896,1207.5,655.5,1084.0,640.5,1331.0,670.5,blink,1651,1207.5,652.25,621,7.748
7.752,1204.8333333333337,648.5,0.2274152411787779,0,0.0,0,103.49005967476243,1328.0,660.5,102.59142264341595,1081.0,640.5,104.38869670610896,1204.5,650.5,1081.0,640.5,1328.0,660.5,blink,1652,1205.0,650.5,622,7.752
7.756,1206.3333333333333,649.9166666666666,0.2237809056903667,0,0.0,0,101.45350889371409,1327.5,664.0,93.53608929178084,1082.5,640.5,109.37092849564732,1205.0,652.25,1082.5,640.5,1327.5,664.0,blink,1653,1204.5,650.5,623,7.756
7.76,1197.1666666666663,642.8333333333333,0.2305731520373201,0,0.0,0,101.27277347259272,1316.0,651.5,94.4298681562142,1075.0,638.5,108.1156787889712,1195.5,645.0,1075.0,638.5,1316.0,651.5,blink,1654,1197.5,650.5,624,7.76
7.764,1197.4166666666667,647.6666666666666,0.2414746126709117,0,0.0,0,99.74826179727025,1314.5,657.0,95.1892851112981,1077.0,644.0,104.3072384832424,1195.75,650.5,1077.0,644.0,1314.5,657.0,blink,1655,1197.5,650.5,625,7.764
7.768,1197.8333333333337,642.5833333333333,0.2289615084807507,0,0.0,0,100.30285372550632,1318.0,652.5,92.43916918709296,1077.0,637.0,108.16653826391968,1197.5,644.75,1077.0,637.0,1318.0,652.5,blink,1656,1197.5,650.5,625,7.768
7.772,1204.75,654.25,0.2364012955832777,0,0.0,0,96.99964150460691,1322.0,669.5,86.70063436907483,1084.5,644.0,107.298648640139,1203.25,656.75,1084.5,644.0,1322.0,669.5,blink,1657,1197.5,651.75,625,7.772
7.776,1203.0833333333337,649.5833333333333,0.2346099426608698,0,0.0,0,101.17903123879312,1322.0,666.0,86.83317338436964,1084.5,637.5,115.5248890932166,1203.25,651.75,1084.5,637.5,1322.0,666.0,blink,1658,1197.5,656.75,626,7.776
7.78,1190.0833333333337,655.3333333333333,0.2081613440091576,0,0.0,0,97.4290070941997,1311.5,671.0,91.54780172128658,1068.5,644.0,103.31021246711283,1190.0,657.5,1068.5,644.0,1311.5,671.0,blink,1659,1190.0,656.75,626,7.78
7.784,1188.4166666666667,657.25,0.2318072163416237,0,0.0,0,91.7237715762192,1300.5,673.0,79.63039620647382,1072.5,646.5,103.81714694596457,1186.5,659.75,1072.5,646.5,1300.5,673.0,blink,1660,1190.0,657.5,627,7.784
7.788,1188.1666666666667,653.1666666666667,0.223849751776072,0,0.0,0,96.99457806514305,1309.0,667.5,88.68483523128404,1067.5,643.0,105.30432089900204,1188.25,655.25,1067.5,643.0,1309.0,667.5,blink,1661,1188.25,657.5,627,7.788
7.792,1199.8333333333333,660.0833333333334,0.2046829351066903,0,0.0,0,92.9050397310166,1309.0,680.5,65.30696746902278,1089.0,645.5,120.50311199301038,1199.0,663.0,1089.0,645.5,1309.0,680.5,blink,1662,1188.25,658.5,627,7.792
7.796,1188.1666666666663,649.25,0.2432098930954386,0,0.0,0,100.11576362162502,1305.5,665.5,87.69264507357501,1070.0,637.5,112.53888216967503,1187.75,651.5,1070.0,637.5,1305.5,665.5,blink,1663,1188.25,658.5,627,7.796
7.8,1196.8333333333337,655.5833333333333,0.2278640493340386,0,0.0,0,94.42315898755646,1310.5,671.5,76.48529270389177,1082.0,645.5,112.36102527122117,1196.25,658.5,1082.0,645.5,1310.5,671.5,blink,1664,1187.75,663.0,628,7.8
7.804,1188.6666666666663,670.25,0.2266087858134371,0,0.0,0,85.43029122147296,1290.5,695.0,60.20797289396148,1082.0,652.0,110.65260954898444,1186.25,673.5,1082.0,652.0,1290.5,695.0,blink,1665,1186.25,663.75,629,7.804
7.808,1191.0,675.1666666666667,0.2029582198689465,0,0.0,0,80.54638218570653,1282.5,697.5,52.630789467763066,1090.0,656.0,108.46197490365,1186.25,676.75,1090.0,656.0,1282.5,697.5,blink,1666,1186.25,670.25,630,7.808
7.812,1183.4166666666663,661.1666666666667,0.2167191124859737,0,0.0,0,87.03444172705557,1281.0,681.5,59.43904440685432,1080.0,646.0,114.6298390472568,1180.5,663.75,1080.0,646.0,1281.0,681.5,blink,1667,1180.75,673.5,630,7.812
7.816,1180.1666666666663,667.25,0.2314648647298213,0,0.0,0,84.8965884605252,1279.5,687.0,58.2494635168428,1076.5,653.5,111.5437134042076,1178.0,670.25,1076.5,653.5,1279.5,687.0,blink,1668,1180.75,670.25,630,7.816
7.82,1183.8333333333333,676.9166666666667,0.2115132664997811,0,0.0,0,82.32863706265931,1276.5,698.5,50.21951811795888,1085.0,660.0,114.43775600735974,1180.75,679.25,1085.0,660.0,1276.5,698.5,blink,1669,1180.5,670.25,631,7.82
7.824,1188.0,668.3333333333333,0.2079347473860566,0,0.0,0,88.74072705698075,1291.0,688.5,57.97413216254298,1082.5,651.5,119.50732195141852,1186.75,670.0,1082.5,651.5,1291.0,688.5,blink,1670,1178.0,670.25,632,7.824
7.828,1177.75,671.9166666666667,0.2049515001275041,0,0.0,0,85.72303123983122,1274.5,696.0,58.69412236331676,1075.0,652.5,112.75194011634566,1174.75,674.25,1075.0,652.5,1274.5,696.0,blink,1671,1174.75,674.25,632,7.828
7.832,1174.9166666666663,667.5,0.2524573121550924,0,0.0,0,84.10321820625467,1267.5,691.5,54.57105459856901,1074.5,649.0,113.63538181394031,1171.0,670.25,1074.5,649.0,1267.5,691.5,blink,1672,1171.75,670.25,632,7.832
7.836,1175.4166666666667,673.1666666666667,0.2381491382775372,0,0.0,0,84.82628479681338,1267.5,700.5,56.51548460377917,1076.0,651.0,113.1370849898476,1171.75,675.75,1076.0,651.0,1267.5,700.5,blink,1673,1171.0,670.25,633,7.836
7.84,1170.9166666666663,658.4166666666667,0.2331233773056941,0,0.0,0,89.37400829381293,1279.5,680.0,70.40596565632774,1062.5,642.5,108.34205093129812,1171.0,661.25,1062.5,642.5,1279.5,680.0,blink,1674,1171.0,670.25,633,7.84
7.844,1170.5833333333337,664.1666666666667,0.215686466600098,0,0.0,0,88.79424481760913,1275.5,680.5,63.953107821277925,1062.5,653.0,113.63538181394031,1169.0,666.75,1062.5,653.0,1275.5,680.5,blink,1675,1171.0,666.75,634,7.844
7.848,1181.3333333333337,677.5833333333333,0.259557630389599,0,0.0,0,81.56940313604399,1282.5,692.5,55.22680508593631,1075.5,668.0,107.91200118615168,1179.0,680.25,1075.5,668.0,1282.5,692.5,blink,1676,1169.0,666.75,634,7.848
7.852,1168.8333333333337,657.1666666666667,0.2443229731957066,0,0.0,0,90.91340578102054,1278.0,669.0,68.46897107449476,1056.5,650.5,113.35784048754634,1167.25,659.75,1056.5,650.5,1278.0,669.0,blink,1677,1169.0,666.75,635,7.852
7.856,1171.0833333333337,667.4166666666667,0.2330932213193186,0,0.0,0,85.02503047272165,1272.5,685.5,59.682493245507096,1064.0,654.5,110.3675676999362,1168.25,670.0,1064.0,654.5,1272.5,685.5,blink,1678,1168.25,666.25,635,7.856
7.86,1173.8333333333337,664.3333333333333,0.2013356886887271,0,0.0,0,89.64943401285466,1279.5,682.0,65.76473218982953,1064.5,650.5,113.53413583587978,1172.0,666.25,1064.5,650.5,1279.5,682.0,blink,1679,1168.25,664.75,635,7.86
7.864,1167.8333333333333,660.25,0.2168904178874312,0,0.0,0,88.75939758664433,1275.0,677.0,66.75327707311455,1058.0,648.5,110.76551810017412,1166.5,662.75,1058.0,648.5,1275.0,677.0,blink,1680,1168.25,664.75,635,7.864
7.868,1170.0833333333337,661.9166666666666,0.2298862047433517,0,0.0,0,90.12309587373194,1277.0,677.5,66.61080993352356,1060.5,652.0,113.63538181394031,1168.75,664.75,1060.5,652.0,1277.0,677.5,blink,1681,1168.75,663.5,635,7.868
7.872,1159.1666666666663,657.5833333333334,0.2018385722043192,0,592.9270612816364,0,87.80061822523973,1270.0,675.0,71.02112361825881,1047.0,644.5,104.58011283222064,1158.5,659.75,1047.0,644.5,1270.0,675.0,saccade,1682,1166.5,662.75,636,7.872
7.876,1177.0,661.0833333333333,0.2324317589929215,0,1200.5857945185248,0,84.8528137423857,1274.0,681.0,56.56854249492381,1074.0,646.0,113.1370849898476,1174.0,663.5,1074.0,646.0,1274.0,681.0,saccade,1683,1162.75,659.75,636,7.876
7.88,1163.0,655.9166666666667,0.2234409983216618,0,929.129296707509,0,90.17387150744032,1274.5,672.5,71.56814934033156,1051.0,644.5,108.77959367454908,1162.75,658.5,1051.0,644.5,1274.5,672.5,saccade,1684,1159.25,658.5,636,7.88
7.884,1160.1666666666667,648.3333333333333,0.2171341415990066,0,2125.918918961631,0,87.03854185639442,1271.0,663.5,66.61080993352356,1047.5,638.0,107.46627377926528,1159.25,650.75,1047.5,638.0,1271.0,663.5,saccade,1685,1162.75,650.75,636,7.884
7.888,1149.8333333333337,640.5833333333333,0.2055612731969759,0,910.013736160165,0,94.33800911882692,1265.5,652.5,79.51100552753688,1034.5,632.0,109.16501271011695,1150.0,642.25,1034.5,632.0,1265.5,652.5,saccade,1686,1159.25,649.75,636,7.888
7.892,1167.6666666666663,647.0833333333334,0.2242624825202955,0,624.9999999999301,0,90.01506212199078,1282.5,659.5,71.56814934033156,1053.0,640.0,108.46197490365,1167.75,649.75,1053.0,640.0,1282.5,659.5,saccade,1687,1159.25,647.25,636,7.892
7.896,1154.8333333333337,645.5833333333333,0.2076111988384468,0,1562.5000000001721,0,88.1880079739914,1264.5,662.0,73.97972695272672,1043.0,632.5,102.39628899525609,1153.75,647.25,1043.0,632.5,1264.5,662.0,saccade,1688,1163.0,642.25,636,7.896
7.9,1163.5833333333337,638.8333333333333,0.231796132913623,0,0.0,0,89.66453234303081,1270.5,657.5,69.87131027825369,1055.5,625.0,109.45775440780794,1163.0,641.25,1055.5,625.0,1270.5,657.5,blink,1689,1163.0,641.25,637,7.9
7.904,1163.0833333333333,622.25,0.2173551479203184,0,0.0,0,95.93301697158648,1275.5,634.5,81.49846624323675,1052.0,613.5,110.3675676999362,1163.75,624.0,1052.0,613.5,1275.5,634.5,blink,1690,1156.25,624.75,638,7.904
7.908,1156.1666666666663,623.5,0.2172314582390317,0,0.0,0,94.75681180230092,1262.0,630.0,80.39900496896712,1048.5,619.5,109.1146186356347,1155.25,624.75,1048.5,619.5,1262.0,630.0,blink,1691,1163.0,624.75,638,7.908
7.912,1158.1666666666667,622.0,0.2071876222617127,0,0.0,0,94.56482201039672,1263.5,627.5,83.05419917138447,1049.0,620.0,106.07544484940895,1156.25,623.75,1049.0,620.0,1263.5,627.5,blink,1692,1163.75,624.75,639,7.912
7.916,1174.25,633.25,0.2076712135657109,0,0.0,0,89.68437444913272,1284.5,642.0,71.25307010929424,1063.0,629.5,108.1156787889712,1173.75,635.75,1063.0,629.5,1284.5,642.0,blink,1693,1156.25,624.75,640,7.916
7.92,1174.9166666666663,641.8333333333333,0.2240059240962913,0,0.0,0,86.88572532225913,1287.5,653.5,67.60177512462228,1062.0,636.0,106.16967551989596,1174.75,644.75,1062.0,636.0,1287.5,653.5,blink,1694,1156.25,634.0,640,7.92
7.924,1154.4166666666667,621.6666666666666,0.1900054461374014,0,0.0,0,99.30770942700384,1272.0,628.5,90.448880590088,1037.0,618.0,108.16653826391968,1154.5,623.25,1037.0,618.0,1272.0,628.5,blink,1695,1156.25,634.0,641,7.924
7.928,1157.5,632.25,0.1712509687644793,0,0.0,0,89.73989004857111,1269.0,643.0,80.39900496896712,1043.5,625.0,99.08077512817508,1156.25,634.0,1043.5,625.0,1269.0,643.0,blink,1696,1156.25,623.25,642,7.928
7.932,1153.9166666666667,610.75,0.173915954999175,1,0.0,0,98.16131298836773,1274.0,613.0,86.20904824900923,1036.0,610.5,110.1135777277262,1155.0,611.75,1036.0,610.5,1274.0,613.0,blink,1697,1156.25,611.75,642,7.932
7.936,1170.9166666666663,605.5,0.1776832259292736,0,0.0,0,99.0292734576425,1286.5,609.5,83.05419917138447,1055.5,603.5,115.00434774390054,1171.0,606.5,1055.5,603.5,1286.5,609.5,blink,1698,1156.5,606.5,642,7.936
7.94,1161.9166666666663,605.8333333333333,0.1397174880898082,0,0.0,0,100.04669519853832,1281.0,609.0,90.08884503644168,1043.0,603.5,110.00454536063498,1162.0,606.25,1043.0,603.5,1281.0,609.0,blink,1699,1157.75,606.25,643,7.94
7.944,1155.75,600.4166666666667,0.1500481650612027,0,0.0,0,96.02770084905872,1279.5,605.5,89.05054744357274,1033.5,597.5,103.00485425454472,1156.5,601.5,1033.5,597.5,1279.5,605.5,blink,1700,1160.5,602.5,644,7.944
7.948,1157.25,594.5833333333334,0.1703540390221271,0,0.0,0,96.55495403693337,1281.0,602.0,88.09086218218096,1034.5,590.0,105.01904589168576,1157.75,596.0,1034.5,590.0,1281.0,602.0,blink,1701,1157.75,602.5,644,7.948
7.952,1160.3333333333337,601.75,0.1380795451618878,0,0.0,0,101.08727171406215,1281.0,606.5,94.13288479590966,1040.0,598.5,108.04165863221463,1160.5,602.5,1040.0,598.5,1281.0,606.5,blink,1702,1157.75,602.5,645,7.952
7.956,1155.75,602.0,0.1367736791243368,0,0.0,0,100.11943213783314,1279.5,605.0,91.19758768739445,1034.5,600.5,109.04127658827184,1157.0,602.75,1034.5,600.5,1279.5,605.0,blink,1703,1160.5,602.5,646,7.956
7.96,1161.25,602.8333333333333,0.126186100427573,0,0.0,0,100.0535126761211,1281.0,606.0,90.08884503644168,1042.0,601.0,110.01818031580054,1161.5,603.5,1042.0,601.0,1281.0,606.0,blink,1704,1161.5,602.5,647,7.96
7.964,1165.25,593.8333333333333,0.1497696745251734,0,0.0,0,95.53612215660291,1283.0,600.5,84.0535543567314,1046.5,589.0,107.01868995647442,1164.75,594.75,1046.5,589.0,1283.0,600.5,blink,1705,1162.25,602.0,647,7.964
7.968,1162.8333333333333,601.4166666666667,0.1432324688437667,0,0.0,0,98.63725926104104,1281.0,603.0,90.19977827023745,1046.5,601.0,107.07474025184464,1163.75,602.0,1046.5,601.0,1281.0,603.0,blink,1706,1163.75,599.75,648,7.968
7.972,1162.5833333333333,596.6666666666666,0.1407467431959896,0,0.0,0,97.57177184169342,1282.0,601.5,90.13878188659972,1042.5,593.5,105.00476179678712,1162.25,597.5,1042.5,593.5,1282.0,601.5,blink,1707,1164.75,597.5,648,7.972
7.976,1165.6666666666663,599.0,0.1449909977218888,0,0.0,0,96.60453504079344,1281.0,602.0,88.20430828479978,1050.5,597.5,105.00476179678712,1165.75,599.75,1050.5,597.5,1281.0,602.0,blink,1708,1163.75,597.5,649,7.976
7.98,1171.5833333333337,595.25,0.1547740936044987,0,0.0,0,97.5261548363318,1286.0,601.5,86.05230967266364,1055.5,591.0,109.0,1170.75,596.25,1055.5,591.0,1286.0,601.5,blink,1709,1165.75,597.5,649,7.98
7.984,1163.5,592.0833333333334,0.1670688516406608,0,0.0,0,95.07177985806868,1279.5,598.5,87.14355971613737,1047.5,587.0,103.0,1163.5,592.75,1047.5,587.0,1279.5,598.5,blink,1710,1165.75,599.75,650,7.984
7.988,1171.1666666666667,604.5,0.1632720666143893,0,0.0,0,93.13575118103648,1285.0,606.0,84.09518416651456,1059.0,605.0,102.1763181955584,1172.0,605.5,1059.0,605.0,1285.0,606.0,blink,1711,1164.75,599.75,651,7.988
7.992,1165.75,600.6666666666667,0.1467116639921948,0,0.0,0,99.00505243797694,1284.5,603.5,97.0051545022222,1044.5,601.5,101.00495037373167,1164.5,602.5,1044.5,601.5,1284.5,603.5,blink,1712,1164.75,599.75,651,7.992
7.996,1165.8333333333333,598.4166666666666,0.1597414230345464,0,0.0,0,96.5138511727709,1277.5,604.0,87.02298546935747,1052.0,595.5,106.00471687618432,1164.75,599.75,1052.0,595.5,1277.5,604.0,blink,1713,1164.75,602.5,652,7.996
8.0,1165.25,594.6666666666667,0.1767037971002819,0,0.0,0,91.54958375301608,1283.5,601.0,85.09406559801923,1048.0,590.5,98.00510190801292,1165.75,595.75,1048.0,590.5,1283.5,601.0,blink,1714,1164.5,599.75,652,8.0
8.004,1157.3333333333333,601.3333333333334,0.1861272584612868,0,0.0,0,98.0236783088178,1277.5,607.5,95.0473566176356,1037.5,599.0,101.0,1157.5,603.25,1037.5,599.0,1277.5,607.5,blink,1715,1164.75,595.75,652,8.004
8.008000000000001,1162.3333333333337,590.8333333333333,0.1570562029423791,0,0.0,0,95.0787295399589,1281.5,593.5,91.13725912051558,1043.5,590.0,99.02019995940222,1162.5,591.75,1043.5,590.0,1281.5,593.5,blink,1716,1165.5,591.75,652,8.008000000000001
8.012,1166.1666666666663,587.5833333333333,0.177976048508623,0,0.0,0,98.00511042072392,1288.0,597.5,94.00531899844816,1043.0,581.5,102.00490184299969,1165.5,589.5,1043.0,581.5,1288.0,597.5,blink,1717,1162.5,591.75,652,8.012
8.016,1165.4166666666663,588.6666666666667,0.1581307938206685,0,0.0,0,100.06644239795484,1288.0,598.5,94.13288479590966,1043.0,582.0,106.0,1165.5,590.25,1043.0,582.0,1288.0,598.5,blink,1718,1163.75,590.25,653,8.016
8.02,1156.0833333333333,593.5,0.1604773114020763,0,0.0,0,94.52343178074636,1277.0,600.5,96.04686356149271,1034.5,589.0,93.0,1155.75,594.75,1034.5,589.0,1277.0,600.5,blink,1719,1163.75,589.5,653,8.02
8.024000000000001,1162.8333333333337,588.1666666666666,0.1699359736762232,0,0.0,0,98.54573236390266,1289.5,594.5,95.0473566176356,1038.0,584.5,102.04410811016967,1163.75,589.5,1038.0,584.5,1289.5,594.5,blink,1720,1158.25,590.25,654,8.024000000000001
8.028,1156.5,587.75,0.1728864634174401,0,0.0,0,95.56617979054288,1280.0,596.0,92.0869154657707,1034.5,582.5,99.04544411531506,1157.25,589.25,1034.5,582.5,1280.0,596.0,blink,1721,1157.25,589.5,655,8.028
8.032,1158.5833333333337,591.9166666666667,0.1793069181742532,0,0.0,0,93.53482435198512,1275.5,600.5,93.04837451562494,1041.0,587.0,94.02127418834527,1158.25,593.75,1041.0,587.0,1275.5,600.5,blink,1722,1158.25,589.5,655,8.032
8.036,1154.25,582.25,0.1307822496556759,0,0.0,0,92.70647472774014,1275.5,586.0,87.36704184073076,1036.0,579.5,98.04590761474952,1155.75,582.75,1036.0,579.5,1275.5,586.0,blink,1723,1158.25,589.25,655,8.036
8.040000000000001,1163.8333333333333,588.75,0.1438728731155628,0,0.0,0,95.5249930594109,1284.0,597.5,90.0499861188218,1042.5,584.0,101.0,1163.25,590.75,1042.5,584.0,1284.0,597.5,blink,1724,1158.25,590.75,655,8.040000000000001
8.044,1162.5833333333337,584.4166666666667,0.1507057146095622,0,0.0,0,97.57759251494474,1282.0,591.5,92.13576938409967,1045.5,580.0,103.0194156457898,1163.75,585.75,1045.5,580.0,1282.0,591.5,blink,1725,1157.25,586.5,656,8.044
8.048,1156.75,590.8333333333334,0.155868405665497,0,0.0,0,94.54038756408757,1274.5,599.0,99.08077512817508,1040.0,586.0,90.0,1157.25,592.5,1040.0,586.0,1274.5,599.0,blink,1726,1160.75,586.5,656,8.048
8.052,1155.3333333333333,585.1666666666666,0.152358433321075,0,0.0,0,96.60574733696755,1275.0,590.0,94.19129471453292,1037.5,583.0,99.02019995940222,1156.25,586.5,1037.5,583.0,1275.0,590.0,blink,1727,1158.0,585.75,656,8.052
8.056000000000001,1160.9166666666667,582.4166666666666,0.1504726592986612,0,0.0,0,94.58967405430704,1279.5,587.5,95.13148795220224,1042.0,579.5,94.04786015641186,1160.75,583.5,1042.0,579.5,1279.5,587.5,blink,1728,1158.0,586.5,657,8.056000000000001
8.06,1158.0833333333333,583.5,0.1446928571953803,0,0.0,0,97.08244793881416,1279.0,587.0,96.08329719571452,1037.0,582.0,98.08159868191385,1158.0,584.5,1037.0,582.0,1279.0,587.0,blink,1729,1158.0,586.5,657,8.06
8.064,1162.8333333333333,589.0,0.1577443339539001,0,0.0,0,94.02127418834527,1282.0,590.0,94.02127418834527,1044.0,592.0,94.02127418834527,1163.0,591.0,1044.0,592.0,1282.0,590.0,blink,1730,1158.0,585.25,657,8.064
8.068,1153.75,588.0,0.1180184577775354,0,0.0,0,97.0536426550984,1275.5,592.0,103.0194156457898,1030.5,586.0,91.08786966440702,1153.0,589.0,1030.5,586.0,1275.5,592.0,blink,1731,1158.0,585.25,657,8.068
8.072000000000001,1156.0833333333337,584.1666666666667,0.1222888611607031,0,0.0,0,95.60714669293029,1276.5,587.0,95.08417323613853,1036.0,583.5,96.13012014972206,1156.25,585.25,1036.0,583.5,1276.5,587.0,blink,1732,1156.25,589.0,658,8.072000000000001
8.076,1159.1666666666663,584.0,0.124343119285433,0,0.0,0,95.55097169708164,1280.0,588.0,100.07996802557444,1038.5,582.0,91.02197536858888,1159.25,585.0,1038.5,582.0,1280.0,588.0,blink,1733,1156.25,589.0,659,8.076
8.08,1149.1666666666663,595.0833333333334,0.1504366090244965,0,0.0,0,89.5223610159881,1266.0,603.0,92.02173656261871,1033.5,591.0,87.02298546935747,1149.75,597.0,1033.5,591.0,1266.0,603.0,blink,1734,1159.0,585.25,660,8.08
8.084,1159.0,603.75,0.2195359780023148,0,0.0,0,86.0737445629585,1271.0,615.5,90.0499861188218,1047.0,596.0,82.09750300709517,1159.0,605.75,1047.0,596.0,1271.0,615.5,blink,1735,1159.25,592.25,660,8.084
8.088000000000001,1163.5833333333337,582.0,0.1650860220026054,0,0.0,0,93.09738972546288,1279.5,592.0,95.1892851112981,1049.5,575.5,91.00549433962765,1164.5,583.75,1049.5,575.5,1279.5,592.0,blink,1736,1164.5,592.25,660,8.088000000000001
8.092,1171.0,590.1666666666666,0.1757724488857734,0,0.0,0,90.53542281288466,1286.0,598.5,94.04786015641186,1055.5,586.0,87.02298546935747,1170.75,592.25,1055.5,586.0,1286.0,598.5,blink,1737,1166.25,591.0,660,8.092
8.096,1167.8333333333333,588.25,0.1706259766631923,0,0.0,0,89.51075144523038,1281.5,596.0,93.02150289046077,1054.0,584.0,86.0,1167.75,590.0,1054.0,584.0,1281.5,596.0,blink,1738,1166.25,590.0,661,8.096
8.1,1166.0,589.25,0.1786960547217336,0,0.0,0,90.50553838454351,1279.5,597.5,95.00526301210895,1053.0,584.5,86.00581375697809,1166.25,591.0,1053.0,584.5,1279.5,597.5,blink,1739,1167.75,590.0,661,8.1
8.104000000000001,1163.9166666666663,588.0833333333334,0.1546428494381249,0,0.0,0,91.50260409602797,1280.0,593.5,96.00520819205592,1048.5,585.0,87.0,1164.25,589.25,1048.5,585.0,1280.0,593.5,blink,1740,1167.75,590.0,661,8.104000000000001
8.108,1179.9166666666667,580.0,0.1464228179382202,0,0.0,0,92.01386604296664,1297.5,584.0,89.02246907382428,1065.5,577.5,95.00526301210895,1181.5,580.75,1065.5,577.5,1297.5,584.0,blink,1741,1166.25,591.0,661,8.108
8.112,1176.3333333333337,590.0,0.1947276397245372,0,0.0,0,92.00544040616774,1293.5,595.5,89.00561780022652,1061.5,589.5,95.00526301210895,1177.5,592.5,1061.5,589.5,1293.5,595.5,blink,1742,1177.5,592.5,662,8.112
8.116,1164.3333333333337,600.4166666666666,0.1643745872561189,0,0.0,0,87.52287281770755,1277.0,614.0,90.0222194794152,1052.5,590.0,85.0235261559999,1164.75,602.0,1052.5,590.0,1277.0,614.0,blink,1743,1181.25,594.75,662,8.116
8.120000000000001,1209.6666666666667,592.75,0.1647908543087499,0,0.0,0,94.88993016057157,1325.0,606.5,86.46964785403026,1095.5,583.0,103.31021246711283,1210.25,594.75,1095.5,583.0,1325.0,606.5,blink,1744,1181.25,594.75,663,8.120000000000001
8.124,1179.9166666666667,598.9166666666666,0.1792607240071981,0,0.0,0,89.73691484153738,1294.5,617.0,89.20201791439474,1068.0,586.5,90.27181176868004,1181.25,601.75,1068.0,586.5,1294.5,617.0,blink,1745,1190.5,594.75,664,8.124
8.128,1202.5,570.1666666666667,0.1909241411626879,0,0.0,0,96.87432231735346,1316.5,583.0,95.33624704172072,1087.0,559.5,98.41239759298622,1201.75,571.25,1087.0,559.5,1316.5,583.0,blink,1746,1190.5,593.75,665,8.128
8.132,1189.0,587.9166666666667,0.1688198756937254,0,0.0,0,90.05014065874764,1302.5,597.5,85.05292469985967,1078.5,582.5,95.0473566176356,1190.5,590.0,1078.5,582.5,1302.5,597.5,blink,1747,1187.5,593.75,666,8.132
8.136000000000001,1186.5833333333337,591.0833333333333,0.1876438766590495,0,0.0,0,90.00280890011325,1302.5,600.0,91.0,1072.5,587.5,89.00561780022652,1187.5,593.75,1072.5,587.5,1302.5,600.0,blink,1748,1190.5,593.75,666,8.136000000000001
8.14,1182.25,599.25,0.1961360511890604,0,0.0,0,85.55263156400642,1293.5,608.5,87.05170877128145,1071.0,594.5,84.0535543567314,1182.25,601.5,1071.0,594.5,1293.5,608.5,blink,1749,1190.5,600.75,666,8.14
8.144,1195.5,597.8333333333333,0.2055982323227635,0,0.0,0,87.12376247651733,1305.0,611.5,80.05623023850174,1084.0,590.0,94.19129471453292,1194.5,600.75,1084.0,590.0,1305.0,611.5,blink,1750,1194.5,601.5,666,8.144
8.148,1203.5,600.0833333333333,0.1963552350482413,0,0.0,0,88.48220071580242,1306.0,613.0,78.63841300535,1098.0,591.0,98.32598842625484,1202.0,602.0,1098.0,591.0,1306.0,613.0,blink,1751,1202.0,601.5,666,8.148
8.152000000000001,1215.0,603.5,0.2003706426736289,0,0.0,0,90.6885425176354,1321.5,621.0,83.86298349093002,1105.5,590.0,97.51410154434076,1213.5,605.5,1105.5,590.0,1321.5,621.0,blink,1752,1202.0,601.75,667,8.152000000000001
8.156,1215.0833333333337,570.5833333333334,0.1678005175056238,0,0.0,0,94.39681746232986,1326.5,589.0,93.53608929178084,1101.5,555.5,95.25754563287887,1214.0,572.25,1101.5,555.5,1326.5,589.0,blink,1753,1203.0,601.75,667,8.156
8.16,1202.8333333333337,599.0833333333333,0.2338138529600684,0,0.0,0,85.75177197557153,1308.0,615.5,78.16009211867653,1095.5,588.0,93.34345183246651,1201.75,601.75,1095.5,588.0,1308.0,615.5,blink,1754,1213.5,599.25,668,8.16
8.164,1204.0833333333337,597.4166666666667,0.1906849539777809,0,0.0,0,91.49472422477125,1314.0,616.5,88.45903006477066,1092.0,582.0,94.5304183847718,1203.0,599.25,1092.0,582.0,1314.0,616.5,blink,1755,1214.0,583.25,668,8.164
8.168000000000001,1230.0,582.0,0.1797664782188015,0,0.0,0,94.38057776704748,1339.0,597.0,83.18653737234169,1120.5,569.5,105.57461816175324,1229.75,583.25,1120.5,569.5,1339.0,597.0,blink,1756,1217.75,596.0,668,8.168000000000001
8.172,1220.5833333333337,579.5833333333333,0.179587960385746,0,0.0,0,91.55101338921222,1330.0,594.0,84.5931439302264,1112.0,568.0,98.508882848198,1221.0,581.0,1112.0,568.0,1330.0,594.0,blink,1757,1217.75,596.0,669,8.172
8.176,1217.5,594.1666666666667,0.1740681195479162,0,0.0,0,87.71627487461998,1325.0,605.5,82.29823813423954,1110.5,586.5,93.1343116150004,1217.75,596.0,1110.5,586.5,1325.0,605.5,blink,1758,1221.0,583.25,670,8.176
8.18,1207.6666666666663,610.5,0.2338046828914704,0,0.0,0,86.4272286800017,1309.5,628.5,79.51100552753688,1101.5,597.0,93.34345183246651,1205.5,612.75,1101.5,597.0,1309.5,628.5,blink,1759,1221.0,596.0,670,8.18
8.184000000000001,1222.5833333333337,578.9166666666667,0.1661935539285418,0,0.0,0,94.03397646285748,1331.0,595.0,90.55385138137416,1112.5,565.0,97.51410154434076,1221.75,580.0,1112.5,565.0,1331.0,595.0,blink,1760,1221.75,596.0,671,8.184000000000001
8.188,1235.5833333333337,613.6666666666666,0.1927056842936154,0,0.0,0,86.28751885035014,1341.5,634.5,74.95331880577403,1129.5,596.5,97.62171889492625,1235.5,615.5,1129.5,596.5,1341.5,634.5,blink,1761,1228.0,610.25,672,8.188
8.192,1228.0,584.5,0.1711683099709541,0,0.0,0,92.85649606919532,1335.5,605.5,85.98837130682264,1120.5,567.0,99.72462083156798,1228.0,586.25,1120.5,567.0,1335.5,605.5,blink,1762,1235.5,606.0,672,8.192
8.196,1245.8333333333337,607.6666666666666,0.2102736529803271,0,0.0,0,84.87697098667925,1347.5,627.5,73.00684899377592,1143.0,593.0,96.7470929795826,1245.25,610.25,1143.0,593.0,1347.5,627.5,blink,1763,1245.0,606.0,672,8.196
8.2,1244.5,604.0,0.1917910298857083,0,0.0,0,86.2285329512867,1350.0,625.0,75.7099729229908,1140.0,587.0,96.7470929795826,1245.0,606.0,1140.0,587.0,1350.0,625.0,blink,1764,1245.25,606.0,673,8.2
8.204,1248.5833333333337,595.1666666666667,0.1971229604999914,0,0.0,0,86.33488758413029,1356.0,618.5,75.50496672405067,1142.0,576.5,97.16480844420988,1249.0,597.5,1142.0,576.5,1356.0,618.5,blink,1765,1249.0,606.0,674,8.204
8.208,1251.0833333333337,614.75,0.2140693248600234,0,0.0,0,86.6976413355181,1352.5,640.5,77.3692445355388,1146.5,594.0,96.0260381354974,1249.5,617.25,1146.5,594.0,1352.5,640.5,blink,1766,1249.25,606.0,675,8.208
8.212,1248.4166666666663,594.8333333333333,0.1812866798141409,0,0.0,0,91.86046690877724,1356.5,616.0,78.64477096412705,1142.0,577.5,105.07616285342742,1249.25,596.75,1142.0,577.5,1356.5,616.0,blink,1767,1249.5,611.5,676,8.212
8.216,1257.0833333333337,621.25,0.2330338422862098,0,0.0,0,88.61094068434258,1364.5,640.0,74.73285756613352,1150.0,609.0,102.48902380255166,1257.25,624.5,1150.0,609.0,1364.5,640.0,blink,1768,1257.25,617.25,676,8.216
8.22,1266.1666666666667,608.4166666666667,0.2302241380637215,0,0.0,0,89.47892518777383,1374.5,626.5,74.14849964766651,1156.0,596.5,104.80935072788114,1265.25,611.5,1156.0,596.5,1374.5,626.5,blink,1769,1259.75,624.5,676,8.22
8.224,1260.5,627.5,0.2131174743470461,0,0.0,0,88.0139473371857,1364.5,651.0,75.18643494673756,1155.0,609.5,100.84145972763385,1259.75,630.25,1155.0,609.5,1364.5,651.0,blink,1770,1260.5,629.5,676,8.224
8.228,1261.5,628.75,0.1978485074225774,0,0.0,0,82.60669622628805,1362.5,653.0,71.30918594402827,1158.5,610.5,93.90420650854784,1260.5,631.75,1158.5,610.5,1362.5,653.0,blink,1771,1260.5,629.5,677,8.228
8.232,1262.0833333333337,626.4166666666667,0.2335144043365141,0,0.0,0,86.04001034919781,1368.0,650.5,77.87810988975015,1154.5,608.5,94.2019108086455,1261.25,629.5,1154.5,608.5,1368.0,650.5,blink,1772,1260.5,630.25,677,8.232
8.236,1252.0833333333333,604.9166666666667,0.2172567823465838,0,0.0,0,88.95805521349037,1360.5,627.5,84.01190391843289,1144.5,588.5,93.90420650854784,1252.5,608.0,1144.5,588.5,1360.5,627.5,blink,1773,1261.25,629.5,677,8.236
8.24,1273.25,640.6666666666666,0.2526511113275821,0,0.0,0,85.60449261430877,1375.5,669.0,69.3757882838098,1165.5,618.5,101.83319694480774,1270.5,643.75,1165.5,618.5,1375.5,669.0,blink,1774,1261.25,618.0,678,8.24
8.244,1261.5833333333337,604.0,0.2228536331659564,0,0.0,0,92.76078525929404,1372.5,629.5,88.64536084872124,1150.0,582.5,96.87620966986684,1261.25,606.0,1150.0,582.5,1372.5,629.5,blink,1775,1270.5,615.0,678,8.244
8.248,1280.8333333333333,615.5,0.2617282191716035,0,0.0,0,88.12814291730851,1386.5,636.5,74.14849964766651,1174.5,599.5,102.1077861869505,1280.5,618.0,1174.5,599.5,1386.5,636.5,blink,1776,1276.75,618.0,678,8.248
8.252,1276.9166666666663,612.0,0.2586842554149952,0,0.0,0,90.05693782980583,1384.0,627.0,72.44308110509934,1169.5,603.0,107.67079455451233,1276.75,615.0,1169.5,603.0,1384.0,627.0,blink,1777,1276.75,618.0,679,8.252
8.256,1288.5,649.0833333333333,0.2315676246759103,0,0.0,0,85.00803649218773,1399.0,675.0,71.02112361825881,1177.0,628.0,98.99494936611666,1288.0,651.5,1177.0,628.0,1399.0,675.0,blink,1778,1280.5,618.0,680,8.256
8.26,1274.0,628.4166666666666,0.221203886828748,0,0.0,0,90.55136316837772,1377.5,645.0,80.60397012554654,1168.0,618.0,100.4987562112089,1272.75,631.5,1168.0,618.0,1377.5,645.0,blink,1779,1281.5,629.0,680,8.26
8.264,1281.0,609.75,0.2144695931379997,0,0.0,0,93.3877237816061,1394.0,620.5,78.31347265956222,1169.0,604.0,108.46197490365,1281.5,612.25,1169.0,604.0,1394.0,620.5,blink,1780,1281.5,631.5,680,8.264
8.268,1286.5833333333337,626.1666666666667,0.2577534652119593,0,0.0,0,88.70642593257338,1397.5,631.5,85.14693182963201,1174.0,626.5,92.26592003551474,1285.75,629.0,1174.0,626.5,1397.5,631.5,blink,1781,1281.5,631.5,681,8.268
8.272,1276.5,632.8333333333333,0.215422260939163,0,0.0,0,90.54971161977105,1389.0,638.5,90.0499861188218,1162.5,631.5,91.0494371207203,1275.75,635.0,1162.5,631.5,1389.0,638.5,blink,1782,1285.75,629.0,682,8.272
8.276,1287.5,650.25,0.2447473801609723,0,0.0,0,90.1369142650904,1398.5,671.5,77.31752712031083,1177.0,635.0,102.95630140987,1287.75,653.25,1177.0,635.0,1398.5,671.5,blink,1783,1287.75,629.0,682,8.276
8.28,1289.0,617.5833333333334,0.2296828911623571,0,0.0,0,94.08872004203572,1402.0,631.5,84.48076704197234,1177.5,609.0,103.69667304209908,1289.75,620.25,1177.5,609.0,1402.0,631.5,blink,1784,1289.75,625.25,682,8.28
8.284,1301.0,622.1666666666667,0.2456358203196528,0,0.0,0,93.34346742017424,1417.0,631.5,82.29823813423954,1184.0,618.5,104.38869670610896,1300.5,625.0,1184.0,618.5,1417.0,631.5,blink,1785,1298.75,625.25,682,8.284
8.288,1299.25,622.9166666666667,0.2229089080590989,0,0.0,0,92.73321073075384,1413.5,631.5,85.14693182963201,1184.0,619.0,100.31948963187564,1298.75,625.25,1184.0,619.0,1413.5,631.5,blink,1786,1298.75,625.25,683,8.288
8.292,1301.5833333333337,647.0833333333333,0.2274964367226373,0,0.0,0,88.90821385870375,1407.5,666.0,79.40403012442127,1190.0,635.5,98.41239759298622,1298.75,650.75,1190.0,635.5,1407.5,666.0,blink,1787,1300.5,635.75,684,8.292
8.296,1324.5,633.25,0.2220578706453524,0,0.0,0,95.339056556147,1442.0,649.5,78.5175139698144,1207.0,622.0,112.16059914247964,1324.5,635.75,1207.0,622.0,1442.0,649.5,blink,1788,1309.75,635.75,684,8.296
8.3,1322.5,635.75,0.2516030992290854,0,0.0,0,94.88496673230722,1444.0,645.0,80.39900496896712,1201.5,632.5,109.37092849564732,1322.75,638.75,1201.5,632.5,1444.0,645.0,blink,1789,1309.75,638.75,684,8.3
8.304,1309.5,631.25,0.2347945680199794,0,0.0,0,92.702971887502,1423.5,640.0,81.09870529176159,1196.0,628.0,104.3072384832424,1309.75,634.0,1196.0,628.0,1423.5,640.0,blink,1790,1321.75,638.5,684,8.304
8.308,1307.6666666666663,651.1666666666667,0.2027908833015488,0,0.0,0,94.49973865711527,1424.5,669.5,89.27485648266257,1192.5,638.0,99.72462083156798,1308.5,653.75,1192.5,638.0,1424.5,669.5,blink,1791,1321.75,638.75,685,8.308
8.312,1321.0833333333333,635.6666666666667,0.2084983219951294,0,0.0,0,96.92474689728154,1435.5,649.5,85.47514258543241,1208.0,627.5,108.37435120913068,1321.75,638.5,1208.0,627.5,1435.5,649.5,blink,1792,1321.75,638.5,685,8.312
8.316,1331.3333333333337,657.6666666666667,0.1964476801346212,0,0.0,0,90.61077979746813,1449.5,677.5,75.53806987208503,1215.5,643.0,105.68348972285122,1332.5,660.25,1215.5,643.0,1449.5,677.5,blink,1793,1323.25,638.5,685,8.316
8.32,1324.0833333333337,631.0833333333333,0.2130455169617159,0,0.0,0,93.87633256333564,1438.5,644.0,87.5728268357257,1210.0,623.0,100.17983829094555,1324.25,633.5,1210.0,623.0,1438.5,644.0,blink,1794,1324.25,637.5,685,8.32
8.324,1322.6666666666663,634.5,0.2218138943527689,0,0.0,0,93.76778180546168,1435.5,645.5,81.15417426109393,1211.0,629.5,106.38138934982942,1323.25,637.5,1211.0,629.5,1435.5,645.5,blink,1795,1332.5,637.5,686,8.324
8.328,1335.5833333333333,630.9166666666667,0.1935115976365143,0,0.0,0,94.1421381551871,1454.0,641.0,88.20430828479978,1218.0,625.0,100.07996802557444,1336.0,633.0,1218.0,625.0,1454.0,641.0,blink,1796,1336.0,636.75,686,8.328
8.332,1342.4166666666663,636.25,0.1850294303535752,0,0.0,0,92.25589759258852,1456.0,652.0,82.38931969618392,1230.0,624.5,102.12247548899312,1343.0,638.25,1230.0,624.5,1456.0,652.0,blink,1797,1343.0,636.75,686,8.332
8.336,1344.5,634.8333333333333,0.205866721489093,0,0.0,0,87.74505113238203,1456.5,648.5,83.2946576918352,1233.0,625.0,92.19544457292888,1344.75,636.75,1233.0,625.0,1456.5,648.5,blink,1798,1344.75,636.75,687,8.336
8.34,1350.0,632.4166666666666,0.1805340943868209,0,0.0,0,90.6708108604064,1462.5,645.0,85.21150157109074,1238.0,624.5,96.13012014972206,1350.25,634.75,1238.0,624.5,1462.5,645.0,blink,1799,1350.25,637.0,688,8.34
8.344,1351.75,634.3333333333334,0.1875853725486541,0,0.0,0,89.20400582841424,1462.5,646.5,83.15046602394962,1241.5,627.5,95.25754563287887,1352.0,637.0,1241.5,627.5,1462.5,646.5,blink,1800,1352.0,637.0,689,8.344
8.348,1365.0833333333337,639.25,0.1617638789386676,0,1802.7756377313924,0,89.2751667299783,1477.0,654.5,86.28441342444185,1252.0,627.5,92.26592003551474,1364.5,641.0,1252.0,627.5,1477.0,654.5,saccade,1801,1358.0,641.0,690,8.348
8.352,1358.0,642.6666666666667,0.1904273533745837,0,1876.041377475661,0,91.23990337892904,1467.5,652.5,87.14355971613737,1248.5,637.0,95.33624704172072,1358.0,644.75,1248.5,637.0,1467.5,652.5,saccade,1802,1364.5,644.75,690,8.352
8.356,1370.25,643.25,0.1981713339976879,0,1387.7252069485603,0,91.14014512570596,1485.0,654.0,86.09297300012354,1255.0,637.0,96.1873172512884,1370.0,645.5,1255.0,637.0,1485.0,654.0,saccade,1803,1370.0,645.5,690,8.356
8.36,1369.6666666666663,651.8333333333333,0.203128488466539,0,712.6096406870397,0,89.71454313625364,1484.5,663.0,83.09632964216891,1257.0,645.0,96.33275663033837,1370.75,654.0,1257.0,645.0,1484.5,663.0,saccade,1804,1370.75,648.25,690,8.36
8.364,1396.4166666666667,645.9166666666667,0.211467335320411,0,6291.425216115468,0,88.56992008281519,1514.5,655.5,85.05292469985967,1277.0,641.0,92.0869154657707,1395.75,648.25,1277.0,641.0,1514.5,655.5,saccade,1805,1395.25,654.0,690,8.364
8.368,1394.75,654.5,0.1947603566367517,0,822.0591523729596,0,91.52227231627651,1521.0,661.0,82.0,1269.5,653.5,101.04454463255304,1395.25,657.25,1269.5,653.5,1521.0,661.0,saccade,1806,1395.75,657.25,690,8.368
8.372,1401.5,655.25,0.1851742029426001,0,1375.0000000001514,0,93.5025251881154,1526.0,659.0,88.0,1276.5,655.5,99.0050503762308,1401.25,657.25,1276.5,655.5,1526.0,659.0,saccade,1807,1401.25,657.25,690,8.372
8.376,1410.5,658.5,0.1732019942049146,0,2322.6130220080113,0,94.5053028801646,1537.0,662.5,90.00555538409837,1282.5,659.5,99.0050503762308,1409.75,661.0,1282.5,659.5,1537.0,662.5,saccade,1808,1409.75,661.0,690,8.376
8.38,1430.5,660.8333333333334,0.1772328984084415,0,2856.598720505656,0,98.00952294584287,1562.5,661.0,91.0,1295.5,665.0,105.01904589168576,1429.0,663.0,1295.5,665.0,1562.5,661.0,saccade,1809,1421.0,663.0,690,8.38
8.384,1421.3333333333333,661.3333333333334,0.1872456227986937,0,1697.8847134009525,0,96.03273239130732,1548.0,664.0,84.02380615040002,1294.0,663.5,108.04165863221463,1421.0,663.75,1294.0,663.5,1548.0,664.0,saccade,1810,1427.75,663.75,690,8.384
8.388,1436.8333333333337,674.8333333333333,0.1570985642878934,0,2271.5977306735313,0,99.03919244065165,1569.0,684.5,88.0056816347672,1303.0,669.0,110.07270324653612,1436.0,676.75,1303.0,669.0,1569.0,684.5,saccade,1811,1429.0,672.75,690,8.388
8.392,1428.6666666666663,671.5,0.166840293248843,0,1767.7669529665636,0,100.5583793630838,1556.0,676.0,94.0,1299.5,671.5,107.1167587261676,1427.75,673.75,1299.5,671.5,1556.0,676.0,saccade,1812,1436.0,673.75,690,8.392
8.396,1442.0833333333337,670.5,0.1769272526058924,0,0.0,0,96.04031120062912,1570.5,672.5,85.00588214941364,1313.5,673.0,107.07474025184464,1442.0,672.75,1313.5,673.0,1570.5,672.5,blink,1813,1437.25,674.75,691,8.396
8.4,1439.5,672.0,0.1589944982529041,0,500.0000000000551,0,94.53677482705908,1563.0,673.5,82.05485969764375,1315.5,676.0,107.01868995647442,1439.25,674.75,1315.5,676.0,1563.0,673.5,saccade,1814,1439.25,674.75,692,8.4
8.404,1437.75,682.25,0.1701650874796212,0,2472.5050556068327,0,96.51205694507811,1561.0,690.5,82.00609733428362,1313.5,678.0,111.0180165558726,1437.25,684.25,1313.5,678.0,1561.0,690.5,saccade,1815,1442.0,684.25,692,8.404
8.408,1459.0,699.9166666666667,0.1783999666716959,0,5466.160101022158,0,97.80104410040477,1589.5,721.0,91.02197536858888,1326.0,683.5,104.58011283222064,1457.75,702.25,1326.0,683.5,1589.5,721.0,saccade,1816,1455.75,701.25,692,8.408
8.412,1455.6666666666663,698.6666666666667,0.166281795423079,0,559.0169943747608,0,91.9313353565665,1581.0,718.5,82.15229759416349,1330.5,684.0,101.71037311896951,1455.75,701.25,1330.5,684.0,1581.0,718.5,saccade,1817,1457.75,702.25,692,8.412
8.416,1460.5833333333337,704.75,0.1793853370017601,0,1341.9319095991407,0,95.0366306282338,1583.0,729.0,88.36288813749809,1337.5,685.0,101.71037311896951,1460.25,707.0,1337.5,685.0,1583.0,729.0,saccade,1818,1460.25,707.0,692,8.416
8.42,1474.1666666666667,713.1666666666667,0.1935066102345244,0,2963.9764253451704,0,94.82762675669562,1595.0,738.5,84.71717653463199,1351.0,693.0,104.93807697875924,1473.0,715.75,1351.0,693.0,1595.0,738.5,saccade,1819,1468.25,715.75,692,8.42
8.424,1468.75,717.5833333333334,0.2058558797322238,0,1512.9648046139423,0,91.31310307929571,1584.5,744.0,75.4254598925323,1352.0,695.0,107.20074626605916,1468.25,719.5,1352.0,695.0,1584.5,744.0,saccade,1820,1473.0,719.5,692,8.424
8.428,1489.1666666666667,718.6666666666666,0.2133667963166701,0,589.6238207533407,0,90.2431250092258,1602.5,737.5,79.51100552753688,1374.0,704.0,100.9752444909147,1488.25,720.75,1374.0,704.0,1602.5,737.5,saccade,1821,1475.0,720.75,692,8.428
8.432,1475.75,730.4166666666667,0.1896705384763243,0,2787.3878901225266,0,88.53896696890877,1591.0,751.0,76.23647421018367,1359.0,712.5,100.84145972763385,1475.0,731.75,1359.0,712.5,1591.0,751.0,saccade,1822,1482.5,729.0,692,8.432
8.436,1483.0833333333337,727.8333333333333,0.1711888685057321,1,1112.7808634229261,0,90.46894679503929,1601.5,745.0,79.22752047110903,1363.5,713.0,101.71037311896951,1482.5,729.0,1363.5,713.0,1601.5,745.0,blink,1823,1486.0,731.75,692,8.436
8.44,1488.3333333333337,730.5,0.1726323310594153,0,0.0,0,91.94568967614194,1610.0,746.5,80.30566605165541,1366.5,717.5,103.58571330062848,1488.25,732.0,1366.5,717.5,1610.0,746.5,blink,1824,1486.0,732.0,693,8.44
8.444,1486.3333333333333,734.3333333333334,0.1840794637620235,0,0.0,0,90.35155922111416,1605.0,748.0,80.09993757800315,1367.0,723.5,100.60318086422517,1486.0,735.75,1367.0,723.5,1605.0,748.0,blink,1825,1488.25,735.75,694,8.444
8.448,1499.0833333333337,738.5,0.1561967058804558,0,0.0,0,88.10456924079662,1620.0,745.0,78.02563681252464,1377.0,734.0,98.18350166906862,1498.5,739.5,1377.0,734.0,1620.0,745.0,blink,1826,1498.5,739.5,694,8.448
8.452,1500.25,740.1666666666667,0.1775877689043754,0,0.0,0,89.06006146750117,1622.0,745.0,74.0,1379.0,739.5,104.12012293500234,1500.5,742.25,1379.0,739.5,1622.0,745.0,blink,1827,1500.5,739.5,694,8.452
8.456,1500.5833333333333,741.0833333333333,0.1649771455726995,0,0.0,0,90.06282328926994,1623.5,747.5,75.0066663703967,1377.5,737.5,105.11898020814318,1500.5,742.5,1377.5,737.5,1623.5,747.5,blink,1828,1500.5,739.5,695,8.456
8.46,1507.6666666666663,734.6666666666667,0.1522616333255436,0,1112.780863422432,0,87.54121959736901,1629.0,746.0,78.0,1384.5,726.0,97.082439194738,1506.75,736.0,1384.5,726.0,1629.0,746.0,saccade,1829,1503.25,736.0,696,8.46
8.464,1503.1666666666663,725.4166666666667,0.191862450385379,0,875.0000000000964,0,91.94031536503203,1624.5,745.5,81.05553651663777,1382.0,710.5,102.82509421342633,1503.25,728.0,1382.0,710.5,1624.5,745.5,saccade,1830,1506.75,736.0,696,8.464
8.468,1529.25,731.0,0.2121719385950785,0,5250.000000000578,0,92.9381334901758,1646.5,750.5,77.31752712031083,1412.0,714.5,108.55873986004076,1529.25,732.5,1412.0,714.5,1646.5,750.5,saccade,1831,1527.75,736.0,696,8.468
8.472,1528.25,738.0,0.2048514201162342,0,1009.7184013378306,0,91.9313353565665,1643.0,751.5,82.15229759416349,1412.5,728.0,101.71037311896951,1527.75,739.75,1412.5,728.0,1643.0,751.5,saccade,1832,1529.25,739.75,696,8.472
8.476,1532.9166666666663,748.1666666666667,0.2262171216571329,0,2550.2757203870437,0,88.76470279268531,1647.0,758.0,78.02563681252464,1418.5,741.0,99.503768772846,1532.75,749.5,1418.5,741.0,1647.0,758.0,saccade,1833,1532.25,749.5,696,8.476
8.48,1536.1666666666663,763.4166666666666,0.2104467633219741,0,3065.0499588101447,0,93.68051263561058,1651.5,761.0,75.0,1424.0,768.5,112.36102527122117,1537.75,764.75,1424.0,768.5,1651.5,761.0,saccade,1834,1532.75,761.75,696,8.48
8.484,1531.25,760.9166666666667,0.2067724272991122,0,576.221528580869,0,90.5345531300286,1646.5,755.0,75.02666192761077,1418.0,768.5,106.04244433244644,1532.25,761.75,1418.0,768.5,1646.5,755.0,saccade,1835,1535.0,762.25,696,8.484
8.488,1533.9166666666663,761.25,0.2147826660656026,0,888.2919002220913,0,90.08214804865923,1646.0,753.5,76.16429609731846,1424.0,771.0,104.0,1535.0,762.25,1424.0,771.0,1646.0,753.5,saccade,1836,1537.75,764.5,696,8.488
8.492,1537.4166666666663,763.5833333333333,0.2117525439233466,0,0.0,0,90.23415414630094,1648.5,755.0,75.4254598925323,1428.5,774.5,105.04284840006956,1538.5,764.75,1428.5,774.5,1648.5,755.0,blink,1837,1538.5,763.25,697,8.492
8.496,1546.0,762.9166666666667,0.2417385602281245,0,0.0,0,84.91545885677803,1652.0,756.0,66.75327707311455,1441.5,773.0,103.07764064044152,1546.75,764.5,1441.5,773.0,1652.0,756.0,blink,1838,1543.0,764.5,698,8.496
8.5,1542.5,762.1666666666667,0.2191490050774746,0,0.0,0,86.2440354923265,1652.0,754.0,72.44308110509934,1434.0,772.5,100.04498987955368,1543.0,763.25,1434.0,772.5,1652.0,754.0,blink,1839,1546.75,764.5,698,8.5
8.504,1547.6666666666663,764.5,0.2217032715329384,0,0.0,0,87.24079625175082,1655.5,756.0,73.43704787094863,1440.5,775.5,101.04454463255304,1548.0,765.75,1440.5,775.5,1655.5,756.0,blink,1840,1548.0,764.5,699,8.504
8.508000000000001,1549.0,762.1666666666667,0.2109852758687757,0,0.0,0,86.72709227729234,1657.5,754.0,71.449282711585,1442.0,772.5,102.00490184299969,1549.75,763.25,1442.0,772.5,1657.5,754.0,blink,1841,1549.75,765.25,699,8.508000000000001
8.512,1550.75,765.6666666666667,0.2060541626147572,0,0.0,0,85.79234771812108,1659.5,758.0,69.46221994724903,1444.0,775.5,102.12247548899312,1551.75,766.75,1444.0,775.5,1659.5,758.0,blink,1842,1549.75,765.5,699,8.512
8.516,1555.9166666666663,763.9166666666667,0.2297711742628658,0,0.0,0,86.71552909383016,1663.5,755.5,69.35416353759881,1450.0,775.0,104.0768946500615,1556.75,765.25,1450.0,775.0,1663.5,755.5,blink,1843,1551.75,765.5,700,8.516
8.52,1548.5833333333333,764.5833333333333,0.2134129058939702,0,0.0,0,86.25891149956186,1655.5,756.0,73.43704787094863,1442.5,775.0,99.08077512817508,1549.0,765.5,1442.5,775.0,1655.5,756.0,blink,1844,1551.75,766.75,701,8.52
8.524000000000001,1555.6666666666663,765.9166666666667,0.1986169900237619,0,0.0,0,87.7551765749773,1664.0,759.0,74.43117626371358,1447.5,775.0,101.07917688624102,1555.75,767.0,1447.5,775.0,1664.0,759.0,blink,1845,1551.5,766.75,701,8.524000000000001
8.528,1549.25,767.5833333333333,0.2063127854334766,0,0.0,0,89.73436006297818,1660.5,759.0,75.4254598925323,1440.0,778.5,104.04326023342406,1550.25,768.75,1440.0,778.5,1660.5,759.0,blink,1846,1551.5,767.0,701,8.528
8.532,1550.5,765.9166666666667,0.204705638779195,0,0.0,0,89.20179949075373,1659.5,758.5,75.32595834106593,1443.5,775.0,103.07764064044152,1551.5,766.75,1443.5,775.0,1659.5,758.5,blink,1847,1554.75,768.75,702,8.532
8.536,1554.0833333333337,769.5833333333334,0.2181521153065604,0,0.0,0,88.72529595475169,1664.0,764.0,74.43117626371358,1445.5,778.0,103.0194156457898,1554.75,771.0,1445.5,778.0,1664.0,764.0,blink,1848,1554.75,771.0,702,8.536
8.540000000000001,1558.0,776.25,0.2100418505480022,0,0.0,0,92.20957086350556,1670.5,775.0,77.41446893184762,1447.5,780.5,107.00467279516349,1559.0,777.75,1447.5,780.5,1670.5,775.0,blink,1849,1558.5,776.25,702,8.540000000000001
8.544,1556.6666666666667,782.0,0.2123460840481639,0,0.0,0,90.08918827829945,1668.5,785.5,73.06161783043132,1448.5,782.5,107.1167587261676,1558.5,784.0,1448.5,782.5,1668.5,785.5,blink,1850,1559.0,776.25,703,8.544
8.548,1570.1666666666663,773.9166666666666,0.2168770617270966,0,0.0,0,90.58971318877856,1681.5,782.5,77.00649323271382,1460.0,770.0,104.17293314484334,1570.75,776.25,1460.0,770.0,1681.5,782.5,blink,1851,1559.0,776.25,703,8.548
8.552,1560.8333333333337,767.0,0.180513784199135,0,0.0,0,88.57688829383743,1674.0,769.0,80.02499609497022,1448.5,767.5,97.12878049270464,1561.25,768.25,1448.5,767.5,1674.0,769.0,blink,1852,1561.25,776.25,704,8.552
8.556000000000001,1557.0833333333337,774.8333333333333,0.2090337264241997,0,0.0,0,90.55208649060562,1670.0,775.0,80.02499609497022,1446.5,777.0,101.07917688624102,1558.25,776.0,1446.5,777.0,1670.0,775.0,blink,1853,1569.0,776.25,704,8.556000000000001
8.56,1567.8333333333337,779.25,0.2047554998315592,0,0.0,0,89.06397709118541,1678.5,787.5,75.0066663703967,1459.5,774.5,103.12128781197411,1569.0,781.0,1459.5,774.5,1678.5,787.5,blink,1854,1561.25,776.0,704,8.56
8.564,1573.3333333333333,776.75,0.2048422316044069,0,0.0,0,90.21841205295829,1686.0,786.5,72.06247289678588,1463.0,770.5,108.37435120913068,1574.5,778.5,1463.0,770.5,1686.0,786.5,blink,1855,1559.5,776.0,705,8.564
8.568,1558.75,771.0833333333333,0.1746910017801609,0,0.0,0,91.19800581869164,1673.0,775.5,80.15609770940699,1446.0,768.5,102.23991392797627,1559.5,772.0,1446.0,768.5,1673.0,775.5,blink,1856,1569.0,778.5,706,8.568
8.572000000000001,1548.9166666666663,767.0,0.1662582265227981,0,0.0,0,91.03698019773708,1663.0,765.5,84.0535543567314,1435.0,770.0,98.02040603874276,1549.0,767.75,1435.0,770.0,1663.0,765.5,blink,1857,1570.5,778.5,707,8.572000000000001
8.576,1576.5833333333337,781.4166666666666,0.2252616108760393,0,0.0,0,91.02297636863848,1690.0,789.0,72.02777242147643,1465.0,777.0,110.01818031580054,1577.5,783.0,1465.0,777.0,1690.0,789.0,blink,1858,1567.5,778.75,708,8.576
8.58,1569.1666666666667,780.6666666666667,0.2160015405248163,0,0.0,0,93.06055593417426,1683.5,785.5,77.00649323271382,1457.5,778.5,109.1146186356347,1570.5,782.0,1457.5,778.5,1683.5,785.5,blink,1859,1570.5,782.0,708,8.58
8.584,1566.4166666666667,777.3333333333333,0.1935478635507589,0,0.0,0,93.01246346207589,1682.0,777.5,78.00640999302557,1453.0,780.0,108.0185169311262,1567.5,778.75,1453.0,780.0,1682.0,777.5,blink,1860,1573.75,783.0,708,8.584
8.588000000000001,1572.75,784.6666666666666,0.2091816736611451,0,0.0,0,92.58677687345352,1685.5,789.5,75.05997601918082,1462.0,782.5,110.1135777277262,1573.75,786.0,1462.0,782.5,1685.5,789.5,blink,1861,1570.5,786.0,708,8.588000000000001
8.592,1576.75,784.5,0.2141236484381624,0,0.0,0,93.054798220658,1690.0,791.0,72.0,1466.0,782.5,114.109596441316,1578.0,786.75,1466.0,782.5,1690.0,791.0,blink,1862,1571.5,786.75,709,8.592
8.596,1566.75,787.0833333333333,0.203563630440954,0,0.0,0,92.0583793630838,1680.5,792.0,77.0,1455.5,785.5,107.1167587261676,1568.0,788.75,1455.5,785.5,1680.5,792.0,blink,1863,1571.5,786.75,709,8.596
8.6,1569.75,794.5,0.1744741807772882,0,0.0,0,96.13563295158416,1686.5,805.5,77.05841939723393,1456.5,786.5,115.2128465059344,1571.5,796.0,1456.5,786.5,1686.5,805.5,blink,1864,1568.0,788.75,710,8.6
8.604000000000001,1557.9166666666663,776.0,0.1739766491353474,0,0.0,0,93.08774349167928,1676.5,776.5,83.05419917138447,1440.5,777.5,103.12128781197411,1558.5,777.0,1440.5,777.5,1676.5,776.5,blink,1865,1568.0,788.75,711,8.604000000000001
8.608,1566.5,789.5833333333334,0.2049839459579635,0,0.0,0,94.11255772790462,1680.0,798.5,76.00657866263946,1456.0,784.5,112.21853679316978,1568.0,791.5,1456.0,784.5,1680.0,798.5,blink,1866,1568.0,791.5,712,8.608
8.612,1563.0833333333337,783.4166666666667,0.1845478031673898,0,0.0,0,93.0125580007335,1679.0,784.5,80.00624975587844,1448.0,785.0,106.01886624558855,1563.5,784.75,1448.0,785.0,1679.0,784.5,blink,1867,1568.0,791.5,713,8.612
8.616,1574.4166666666667,789.75,0.2093130767019041,0,0.0,0,95.5474901668234,1690.0,797.0,72.02777242147643,1462.5,786.0,119.06720791217036,1576.25,791.5,1462.5,786.0,1690.0,797.0,blink,1868,1568.25,791.5,713,8.616
8.620000000000001,1567.6666666666663,792.1666666666667,0.1922646784696934,0,0.0,0,96.0795899596312,1684.5,800.0,79.0,1453.5,788.0,113.1591799192624,1569.0,794.0,1453.5,788.0,1684.5,800.0,blink,1869,1568.25,791.5,713,8.620000000000001
8.624,1566.6666666666667,789.3333333333334,0.2032922418204647,0,0.0,0,96.53824135660416,1685.5,794.5,79.00632886041473,1451.0,788.0,114.0701538527936,1568.25,791.25,1451.0,788.0,1685.5,794.5,blink,1870,1569.0,794.0,714,8.624
8.628,1566.4166666666663,792.9166666666666,0.2033777708145061,0,0.0,0,95.61337573153637,1683.0,800.5,80.00624975587844,1452.5,788.5,111.22050170719426,1567.75,794.5,1452.5,788.5,1683.0,800.5,blink,1871,1569.0,794.0,715,8.628
8.632,1569.8333333333333,793.4166666666666,0.1926999694465301,0,0.0,0,97.07820768311566,1689.5,803.0,79.0,1452.5,787.0,115.15641536623131,1571.0,795.0,1452.5,787.0,1689.5,803.0,blink,1872,1570.0,793.5,715,8.632
8.636000000000001,1570.3333333333333,788.5,0.2021612639349359,0,0.0,0,97.55618896472768,1689.5,793.5,77.00649323271382,1455.0,787.5,118.10588469674153,1572.25,790.5,1455.0,787.5,1689.5,793.5,blink,1873,1570.0,793.5,715,8.636000000000001
8.64,1568.6666666666663,791.8333333333333,0.2092342658405594,0,0.0,0,95.1134152838045,1684.5,799.5,79.00632886041473,1455.5,787.5,111.22050170719426,1570.0,793.5,1455.5,787.5,1684.5,799.5,blink,1874,1571.0,793.5,715,8.64
8.644,1565.9166666666667,789.25,0.1950112448462704,0,0.0,0,95.56417365659236,1684.5,793.5,79.05694150420949,1450.0,789.0,112.0714058089752,1567.25,791.25,1450.0,789.0,1684.5,793.5,blink,1875,1570.0,791.25,716,8.644
8.648,1574.75,792.5,0.1880921219296527,0,0.0,0,95.57889277132134,1691.5,802.0,77.0,1462.0,787.0,114.15778554264269,1576.75,794.5,1462.0,787.0,1691.5,802.0,blink,1876,1570.0,793.5,716,8.648
8.652000000000001,1562.0833333333333,785.0,0.2068827874621956,0,0.0,0,89.06246098625196,1678.0,787.0,78.0,1448.0,785.5,100.12492197250393,1563.0,786.25,1448.0,785.5,1678.0,787.0,blink,1877,1567.25,791.25,716,8.652000000000001
8.656,1575.5,792.75,0.2035619164070732,0,0.0,0,95.14466255911032,1689.5,802.5,77.00649323271382,1464.5,787.0,113.28283188550682,1577.0,794.75,1464.5,787.0,1689.5,802.5,blink,1878,1576.75,792.75,716,8.656
8.66,1564.5833333333337,780.5,0.1939784160919731,0,0.0,0,91.56729712484136,1681.0,782.5,86.00581375697809,1448.5,780.5,97.12878049270464,1564.75,781.5,1448.5,780.5,1681.0,782.5,blink,1879,1576.0,791.0,717,8.66
8.664,1576.1666666666667,791.4166666666667,0.1935741582957232,0,0.0,0,95.6595516574094,1692.0,800.0,78.10249675906654,1463.5,785.5,113.21660655575224,1577.75,792.75,1463.5,785.5,1692.0,800.0,blink,1880,1577.0,791.25,717,8.664
8.668000000000001,1574.5,789.5,0.1966712289771279,0,0.0,0,97.15267655613172,1691.0,796.0,80.02499609497022,1461.0,786.0,114.28035701729324,1576.0,791.0,1461.0,786.0,1691.0,796.0,blink,1881,1577.75,791.0,717,8.668000000000001
8.672,1581.0,790.1666666666667,0.1984964942540857,0,0.0,0,93.69528919730816,1697.0,797.0,76.02631123499285,1468.5,785.5,111.36426715962352,1582.75,791.25,1468.5,785.5,1697.0,797.0,blink,1882,1582.5,791.0,718,8.672
8.676,1580.8333333333337,788.1666666666666,0.192331081829287,0,0.0,0,96.19157644403388,1697.5,794.0,79.02531240052139,1467.5,783.5,113.35784048754634,1582.5,788.75,1467.5,783.5,1697.5,794.0,blink,1883,1582.75,790.0,719,8.676
8.68,1584.1666666666663,789.0833333333333,0.1916997574429818,0,0.0,0,96.6497482879441,1702.0,797.0,76.02631123499285,1470.5,783.0,117.27318534089538,1586.25,790.0,1470.5,783.0,1702.0,797.0,blink,1884,1582.75,788.75,719,8.68
8.684000000000001,1583.5833333333333,787.3333333333334,0.1962740222571887,0,0.0,0,95.6889737738087,1702.0,796.0,76.02631123499285,1469.5,781.5,115.35163631262454,1585.75,788.75,1469.5,781.5,1702.0,796.0,blink,1885,1585.5,788.75,720,8.684000000000001
8.688,1574.1666666666663,781.5,0.2193438176375732,0,0.0,0,92.61756874355356,1687.0,784.5,78.00640999302557,1464.5,780.5,107.22872749408155,1575.75,782.5,1464.5,780.5,1687.0,784.5,blink,1886,1585.5,782.5,720,8.688
8.692,1584.0,780.5,0.2383729928179341,0,0.0,0,94.19030048250455,1699.0,785.5,80.00624975587844,1472.0,778.5,108.37435120913068,1585.5,782.0,1472.0,778.5,1699.0,785.5,blink,1887,1585.25,782.25,721,8.692
8.696,1582.5833333333337,780.75,0.225787717573712,0,0.0,0,93.0578393944856,1697.0,786.0,78.0,1470.0,778.5,108.1156787889712,1583.5,782.25,1470.0,778.5,1697.0,786.0,blink,1888,1583.5,782.0,721,8.696
8.700000000000001,1583.8333333333337,778.5833333333333,0.2313141845873077,0,0.0,0,94.61125111989384,1700.5,783.0,79.0,1470.0,776.5,110.22250223978769,1585.25,779.75,1470.0,776.5,1700.5,783.0,blink,1889,1583.75,782.0,721,8.700000000000001
8.704,1577.5833333333333,781.0,0.2285993117289004,0,0.0,0,90.06282328926994,1688.5,786.5,75.0066663703967,1468.5,777.5,105.11898020814318,1578.5,782.0,1468.5,777.5,1688.5,786.5,blink,1890,1583.5,779.75,722,8.704
8.708,1582.75,775.1666666666667,0.2175449876084014,0,0.0,0,93.584837759948,1698.5,781.0,81.0,1469.0,772.0,106.16967551989596,1583.75,776.5,1469.0,772.0,1698.5,781.0,blink,1891,1578.5,778.0,722,8.708
8.712,1571.4166666666667,776.5833333333333,0.2392450867513739,0,0.0,0,89.6018488377699,1682.0,780.0,78.02563681252464,1463.5,776.0,101.17806086301516,1572.75,778.0,1463.5,776.0,1682.0,780.0,blink,1892,1577.75,776.5,723,8.712
8.716,1576.0833333333337,769.0833333333333,0.2505646109003531,0,0.0,0,87.63782578996712,1687.5,773.0,77.02596964660685,1468.0,767.5,98.2496819333274,1577.75,770.25,1468.0,767.5,1687.5,773.0,blink,1893,1577.75,775.5,723,8.716
8.72,1573.1666666666663,774.4166666666666,0.2524721645085491,0,0.0,0,92.66338526393396,1684.5,777.0,79.02531240052139,1465.0,774.0,106.30145812734648,1574.75,775.5,1465.0,774.0,1684.5,777.0,blink,1894,1577.75,773.0,724,8.72
8.724,1589.1666666666663,771.1666666666667,0.239166884653418,0,0.0,0,92.7163853031823,1704.5,779.5,77.05841939723393,1476.0,765.5,108.37435120913068,1590.25,772.5,1476.0,765.5,1704.5,779.5,blink,1895,1577.75,772.5,725,8.724
8.728,1588.1666666666663,771.9166666666667,0.2197109060799917,0,0.0,0,91.56269510058438,1704.0,778.5,78.00640999302557,1474.5,767.5,105.11898020814318,1589.25,773.0,1474.5,767.5,1704.0,778.5,blink,1896,1586.75,772.5,726,8.728
8.732,1574.0,769.25,0.242833832379969,0,0.0,0,93.11962362646244,1688.5,770.5,81.00617260431454,1462.5,770.5,105.23307464861035,1575.5,770.5,1462.5,770.5,1688.5,770.5,blink,1897,1586.75,770.5,726,8.732
8.736,1585.8333333333337,766.9166666666667,0.2284482781858861,0,0.0,0,92.5981424763594,1703.0,773.0,80.02499609497022,1470.5,763.0,105.17128885774862,1586.75,768.0,1470.5,763.0,1703.0,773.0,blink,1898,1582.75,770.5,726,8.736
8.74,1580.75,765.75,0.2316109076256557,0,0.0,0,92.56314776965844,1694.5,765.5,81.00617260431454,1469.0,768.5,104.12012293500234,1581.75,767.0,1469.0,768.5,1694.5,765.5,blink,1899,1582.75,768.25,726,8.74
8.744,1581.8333333333337,769.1666666666666,0.2426022587627551,0,0.0,0,90.70722275084483,1694.5,776.0,79.1012010022604,1471.0,765.0,102.3132444994293,1582.75,770.5,1471.0,765.0,1694.5,776.0,blink,1900,1582.75,768.0,727,8.744
8.748,1582.1666666666667,766.6666666666667,0.2434013525727997,0,0.0,0,90.58893376019404,1694.0,772.5,76.00657866263946,1472.5,764.0,105.17128885774862,1583.25,768.25,1472.5,764.0,1694.0,772.5,blink,1901,1582.75,767.0,727,8.748
8.752,1575.25,762.1666666666667,0.2393944451627315,0,0.0,0,92.1688155585344,1689.0,764.0,82.02438661763951,1465.0,763.0,102.3132444994293,1577.0,763.5,1465.0,763.0,1689.0,764.0,blink,1902,1582.75,764.0,728,8.752
8.756,1582.0,763.0833333333333,0.2259300053583788,0,0.0,0,93.58669776127816,1697.5,764.5,81.05553651663777,1469.0,763.5,106.1178590059185,1583.25,764.0,1469.0,763.5,1697.5,764.5,blink,1903,1582.25,764.0,729,8.756
8.76,1572.5833333333333,762.1666666666667,0.2428265988803981,0,0.0,0,90.1513466761302,1683.5,763.0,81.2219182240853,1464.5,765.0,99.08077512817508,1574.0,764.0,1464.5,765.0,1683.5,763.0,blink,1904,1582.25,763.5,729,8.76
8.764,1581.25,761.25,0.2415874876489355,0,0.0,0,91.71622643385273,1696.0,764.5,78.31347265956222,1468.5,760.5,105.11898020814318,1582.25,762.5,1468.5,760.5,1696.0,764.5,blink,1905,1582.25,762.5,729,8.764
8.768,1585.9166666666663,759.9166666666667,0.2127685553241641,0,0.0,0,92.5732841888722,1701.5,761.0,83.02409288875127,1472.0,760.5,102.12247548899312,1586.75,760.75,1472.0,760.5,1701.5,761.0,blink,1906,1579.5,762.5,730,8.768
8.772,1568.8333333333337,757.25,0.219513692751776,0,0.0,0,88.55790108031897,1683.5,758.0,85.09406559801923,1456.0,760.0,92.02173656261871,1569.75,759.0,1456.0,760.0,1683.5,758.0,blink,1907,1582.25,761.0,730,8.772
8.776,1577.75,762.5833333333334,0.2487834814855315,0,0.0,0,89.20788895896284,1689.0,766.0,74.24284477308234,1470.0,763.0,104.17293314484334,1579.5,764.5,1470.0,763.0,1689.0,766.0,blink,1908,1579.5,761.0,730,8.776
8.78,1587.25,759.9166666666667,0.2142123888083968,0,0.0,0,93.0993510841802,1702.5,764.0,83.02409288875127,1473.5,758.0,103.1746092796091,1588.0,761.0,1473.5,758.0,1702.5,764.0,blink,1909,1579.5,761.0,731,8.78
8.784,1577.8333333333333,759.5833333333333,0.222616117303337,0,0.0,0,96.5211366022759,1696.5,758.0,83.02409288875127,1462.0,764.0,110.01818031580054,1579.25,761.0,1462.0,764.0,1696.5,758.0,blink,1910,1587.5,761.0,732,8.784
8.788,1591.3333333333337,763.0,0.2419759263561946,0,0.0,0,89.23860363857133,1705.5,766.0,75.23961722390672,1479.5,763.5,103.23759005323592,1592.5,764.75,1479.5,763.5,1705.5,766.0,blink,1911,1587.5,761.0,733,8.788
8.792,1586.75,756.9166666666667,0.2364020351800354,0,0.0,0,90.10130717060312,1700.5,755.5,79.1580697086532,1474.5,760.5,101.04454463255304,1587.5,758.0,1474.5,760.5,1700.5,755.5,blink,1912,1584.0,762.75,734,8.792
8.796,1582.4166666666663,761.1666666666666,0.2358313424677423,0,0.0,0,91.11785517454736,1693.5,760.5,79.1580697086532,1474.5,765.0,103.07764064044152,1584.0,762.75,1474.5,765.0,1693.5,760.5,blink,1913,1587.5,762.75,734,8.796
8.8,1582.0,768.1666666666667,0.2402839117129472,0,0.0,0,88.78031943297913,1691.0,771.5,78.31347265956222,1475.5,767.5,99.24716620639605,1583.25,769.5,1475.5,767.5,1691.0,771.5,blink,1914,1587.5,762.75,735,8.8
8.804,1586.0,758.8333333333334,0.2403893394375376,0,0.0,0,92.11649617973424,1699.0,755.5,80.15609770940699,1476.0,765.0,104.0768946500615,1587.5,760.25,1476.0,765.0,1699.0,755.5,blink,1915,1584.0,766.0,736,8.804
8.808,1587.75,768.3333333333334,0.2499752682164932,0,0.0,0,89.7009430752772,1700.0,771.5,76.16429609731846,1478.5,768.5,103.23759005323592,1589.25,770.0,1478.5,768.5,1700.0,771.5,blink,1916,1587.5,769.5,736,8.808
8.812,1579.9166666666663,764.9166666666667,0.2107767590789232,0,0.0,0,87.09531454087171,1692.0,766.5,82.05485969764375,1470.0,765.5,92.13576938409967,1581.0,766.0,1470.0,765.5,1692.0,766.5,blink,1917,1588.75,770.0,737,8.812
8.816,1587.4166666666663,770.9166666666667,0.2370710690224296,0,0.0,0,91.7053226170132,1699.0,773.0,78.02563681252464,1478.5,771.5,105.38500842150178,1588.75,772.25,1478.5,771.5,1699.0,773.0,blink,1918,1589.25,772.25,738,8.816
8.82,1595.5,775.25,0.2144165633289016,0,0.0,0,96.69893868256528,1711.5,779.0,85.0235261559999,1482.0,774.5,108.37435120913068,1596.75,776.75,1482.0,774.5,1711.5,779.0,blink,1919,1594.75,773.75,738,8.82
8.824,1593.6666666666663,779.1666666666666,0.2095554373602374,0,0.0,0,95.6612273952695,1709.0,783.0,84.02380615040002,1480.5,778.0,107.298648640139,1594.75,780.5,1480.5,778.0,1709.0,783.0,blink,1920,1596.75,776.75,738,8.824
8.828,1597.75,772.4166666666667,0.2238082845397139,0,0.0,0,93.61765535785356,1713.5,773.0,83.0,1484.0,774.5,104.23531071570709,1598.75,773.75,1484.0,774.5,1713.5,773.0,blink,1921,1598.25,780.5,738,8.828
8.832,1596.9166666666663,779.6666666666667,0.2194016147727198,0,0.0,0,93.61330705103876,1712.5,784.0,79.0,1484.0,777.5,108.2266141020775,1598.25,780.75,1484.0,777.5,1712.5,784.0,blink,1922,1598.25,780.75,739,8.832
8.836,1597.4166666666663,782.5,0.2234516308924196,0,0.0,0,94.80181949411028,1711.5,788.0,85.0235261559999,1486.0,780.5,104.58011283222064,1598.75,784.25,1486.0,780.5,1711.5,788.0,blink,1923,1598.25,784.25,740,8.836
8.84,1593.9166666666663,783.5833333333333,0.2192552143568577,0,0.0,0,93.23983154643592,1709.0,790.0,82.0,1482.0,780.0,104.47966309287182,1595.5,785.0,1482.0,780.0,1709.0,790.0,blink,1924,1595.5,785.0,740,8.84
8.844,1585.5833333333333,787.6666666666667,0.2451452821764523,0,0.0,0,91.95210325427392,1701.0,793.0,90.0,1472.5,785.5,93.90420650854784,1586.75,789.25,1472.5,785.5,1701.0,793.0,blink,1925,1591.0,789.25,740,8.844
8.848,1589.75,792.3333333333334,0.2132859088272811,0,0.0,0,90.31085944746312,1703.5,799.0,83.0,1478.5,787.5,97.62171889492625,1591.0,793.25,1478.5,787.5,1703.5,799.0,blink,1926,1591.0,793.25,740,8.848
8.852,1582.0833333333337,791.9166666666667,0.2227214973695758,0,0.0,0,83.43378366192131,1692.5,801.0,81.02468759581859,1474.5,786.0,85.84287972802403,1583.5,793.5,1474.5,786.0,1692.5,801.0,blink,1927,1591.0,793.5,741,8.852
8.856,1591.5,797.5,0.2246994941198022,0,0.0,0,87.21560263653643,1702.0,805.0,74.02702209328699,1485.0,791.5,100.40418317978587,1593.5,798.25,1485.0,791.5,1702.0,805.0,blink,1928,1593.5,795.75,742,8.856
8.86,1597.1666666666663,794.25,0.2308203900010829,0,0.0,0,85.76848288672558,1709.0,802.0,78.10249675906654,1488.5,789.5,93.43446901438462,1598.75,795.75,1488.5,789.5,1709.0,802.0,blink,1929,1598.75,798.25,742,8.86
8.864,1618.3333333333333,811.9166666666667,0.2425654091879387,0,0.0,0,88.30172556541575,1728.5,824.0,73.02739212103907,1510.0,802.0,103.57605900979242,1619.25,813.0,1510.0,802.0,1728.5,824.0,blink,1930,1603.5,809.0,742,8.864
8.868,1601.25,807.75,0.2152007745434046,0,0.0,0,90.48146058096242,1718.0,817.5,74.16872656315464,1489.0,800.5,106.7941945987702,1603.5,809.0,1489.0,800.5,1718.0,817.5,blink,1931,1619.25,813.0,742,8.868
8.872,1617.9166666666663,813.3333333333334,0.2172890054958582,0,0.0,0,93.9226754938724,1736.0,823.5,84.1486779456457,1502.5,806.0,103.69667304209908,1619.25,814.75,1502.5,806.0,1736.0,823.5,blink,1932,1619.25,814.75,743,8.872
8.876,1626.8333333333333,826.9166666666667,0.1950204526906094,0,0.0,0,97.13435952551248,1743.0,841.0,82.38931969618392,1512.5,814.0,111.879399354841,1627.75,827.5,1512.5,814.0,1743.0,841.0,blink,1933,1619.25,814.75,743,8.876
8.88,1622.0,827.5,0.2027919546529883,0,0.0,0,92.11125832049584,1742.0,843.0,82.38931969618392,1503.5,813.5,101.83319694480774,1622.75,828.25,1503.5,813.5,1742.0,843.0,blink,1934,1619.25,814.75,743,8.88
8.888,857.25,761.75,0.179416622010343,0,0.0,0,79.93480063746065,955.5,775.0,89.80534505250787,759.0,750.5,70.06425622241343,857.25,762.75,759.0,750.5,955.5,775.0,blink,1935,857.25,768.5,744,8.888
8.892,838.25,763.5833333333333,0.191914383018125,0,0.0,0,86.61018648859731,944.5,774.5,102.1077861869505,732.5,755.0,71.11258679024411,838.5,764.75,732.5,755.0,944.5,774.5,blink,1936,846.25,768.5,744,8.892
8.896,843.0,767.25,0.2086959753987629,0,0.0,0,89.85840677128463,949.0,781.0,106.47065323364932,736.5,756.0,73.24616030891995,842.75,768.5,736.5,756.0,949.0,781.0,blink,1937,846.25,768.5,745,8.896
8.9,846.5,775.3333333333333,0.2203779777993114,0,687.5000000000757,0,91.11647803970556,954.0,789.5,106.56922632730333,738.5,764.0,75.66372975210778,846.25,776.75,738.5,764.0,954.0,789.5,saccade,1938,846.25,771.25,746,8.9
8.904,848.4166666666667,770.5833333333334,0.2260845966622406,0,1463.0874888401142,0,87.26216216317636,954.5,787.5,101.83319694480774,742.0,755.0,72.69112738154499,848.25,771.25,742.0,755.0,954.5,787.5,saccade,1939,848.25,776.75,746,8.904
8.908,855.1666666666667,779.9166666666667,0.2144012049635573,0,2125.000000000234,0,88.69786258917335,960.0,797.5,97.16480844420988,751.5,765.0,80.23091673413684,855.75,781.25,751.5,765.0,960.0,797.5,saccade,1940,855.75,780.75,746,8.908
8.912,857.6666666666667,779.4166666666666,0.2070735632539861,0,698.7712429684509,0,91.19767943664569,968.5,798.5,97.86725703727473,748.5,763.0,84.52810183601665,858.5,780.75,748.5,763.0,968.5,798.5,saccade,1941,858.5,781.25,746,8.912
8.92,1240.1666666666667,831.75,0.241688277365955,0,46334.80400843919,0,207.1580906071147,1502.0,861.5,194.02319448973105,978.5,812.0,220.29298672449835,1240.25,836.75,978.5,812.0,1502.0,861.5,saccade,1942,1225.0,836.75,746,8.92
8.924,1225.3333333333337,837.3333333333333,0.2169778980272181,0,2551.0414539951,0,219.4365622280364,1500.0,865.5,204.12006270820123,950.0,818.5,234.7530617478716,1225.0,842.0,950.0,818.5,1500.0,865.5,saccade,1943,1233.75,842.0,746,8.924
8.928,1235.25,845.75,0.2303048793635609,0,2195.521008780554,0,217.10134250498373,1502.5,874.5,211.05923339195564,966.5,827.0,223.14345161801185,1234.5,850.75,966.5,827.0,1502.5,874.5,saccade,1944,1234.5,850.75,746,8.928
8.932,1233.75,847.5833333333333,0.2143607697474246,0,750.0000000000827,0,216.83214825840287,1509.0,881.0,202.03960007879644,958.5,826.5,231.62469643800935,1233.75,853.75,958.5,826.5,1509.0,881.0,saccade,1945,1234.5,853.75,746,8.932
8.936,1237.8333333333333,850.8333333333334,0.2307108361102763,0,1194.0608234090564,0,218.3230882798928,1510.0,887.0,204.0392119177096,966.5,827.5,232.606964642076,1238.25,857.25,966.5,827.5,1510.0,887.0,saccade,1946,1237.75,857.25,746,8.936
8.94,1238.5,855.1666666666667,0.2339497501774036,0,937.5000000001032,0,213.4193206582828,1503.5,892.0,209.03827400741716,972.5,830.0,217.8003673091485,1238.0,861.0,972.5,830.0,1503.5,892.0,saccade,1947,1237.75,861.0,746,8.94
8.944,1237.4166666666667,861.0,0.2244551111145358,0,1374.9999999995407,0,215.18383477152383,1503.5,897.0,205.0390206765532,972.0,836.5,225.32864886649452,1237.75,866.75,972.0,836.5,1503.5,897.0,saccade,1948,1237.75,866.5,746,8.944
8.948,1235.1666666666667,861.4166666666667,0.238783911715215,0,0.0,0,217.32777217775848,1500.0,899.0,210.03809178337156,971.5,834.0,224.61745257214545,1235.75,866.5,971.5,834.0,1500.0,899.0,blink,1949,1237.75,866.75,747,8.948
8.952,1236.0,863.9166666666667,0.2278047839288051,0,0.0,0,216.7460179491724,1505.0,901.0,206.15528128088303,969.5,837.5,227.3367546174617,1237.25,869.25,969.5,837.5,1505.0,901.0,blink,1950,1237.75,867.25,747,8.952
8.956,1241.75,863.4166666666667,0.2167158144113169,0,0.0,0,209.82046782474924,1505.0,898.5,196.02295783912655,978.5,836.0,223.61797781037197,1241.75,867.25,978.5,836.0,1505.0,898.5,blink,1951,1238.0,869.25,748,8.956
8.96,1237.1666666666667,865.8333333333334,0.2057428813067121,0,0.0,0,210.0380634349597,1505.0,899.0,196.1631973638277,971.0,840.5,223.91292950609173,1238.0,869.75,971.0,840.5,1505.0,899.0,blink,1952,1241.75,869.75,748,8.96
8.964,1243.9166666666667,868.25,0.2041540890702287,0,0.0,0,208.1378228997112,1509.0,903.0,200.1599360511489,979.5,840.5,216.1157097482735,1244.25,871.75,979.5,840.5,1509.0,903.0,blink,1953,1241.75,871.75,748,8.964
8.968,1242.3333333333337,870.0,0.2120891732226629,0,0.0,0,208.88191010965423,1506.5,907.0,197.1623696347759,979.0,842.5,220.60145058453264,1242.75,874.75,979.0,842.5,1506.5,907.0,blink,1954,1242.75,872.25,749,8.968
8.972,1241.3333333333333,868.0833333333333,0.2090537796069375,0,0.0,0,214.43353668233996,1508.5,907.0,199.1607391028664,975.0,837.5,229.7063342618135,1241.75,872.25,975.0,837.5,1508.5,907.0,blink,1955,1244.25,874.0,750,8.972
8.976,1244.6666666666667,869.9166666666667,0.2129344610258089,0,0.0,0,210.7917600160648,1509.0,905.5,200.1224625073357,981.0,842.5,221.46105752479372,1245.0,874.0,981.0,842.5,1509.0,905.5,blink,1956,1243.75,874.0,751,8.976
8.98,1245.3333333333333,870.0,0.2176199378088044,0,0.0,0,209.7759212673108,1514.5,907.5,197.1243262512265,977.5,840.5,222.4275162833951,1246.0,874.0,977.5,840.5,1514.5,907.5,blink,1957,1243.75,872.25,751,8.98
8.984,1244.25,866.4166666666667,0.2187030121456368,0,537.6453291902234,0,216.80267835023292,1512.0,904.5,208.1946204876581,975.5,836.5,225.41073621280776,1243.75,870.5,975.5,836.5,1512.0,904.5,saccade,1958,1245.0,870.5,752,8.984
8.988,1239.8333333333333,864.0,0.2127752466456138,0,589.6238207536027,0,215.5349225707858,1513.5,903.5,197.02284131541705,967.5,833.5,234.0470038261545,1240.5,868.5,967.5,833.5,1513.5,903.5,saccade,1959,1243.75,868.5,752,8.988
8.992,1248.0833333333333,863.5,0.2072570468295652,0,833.8540040076174,0,213.88395675492296,1518.5,900.0,205.24375751773792,979.0,835.5,222.524155992108,1248.75,867.75,979.0,835.5,1518.5,900.0,saccade,1960,1240.5,867.75,752,8.992
8.996,1238.25,857.8333333333334,0.2162706092712123,0,1375.0000000001514,0,216.14104636618228,1511.5,897.0,201.08953229842672,966.5,827.5,231.19256043393784,1239.0,862.25,966.5,827.5,1511.5,897.0,saccade,1961,1240.5,862.25,752,8.996
9.0,1237.25,854.9166666666666,0.2267785198915837,0,1481.6586988913753,0,220.4413043606121,1511.0,893.5,206.11889772653063,963.5,825.5,234.76371099469355,1237.25,859.5,963.5,825.5,1511.0,893.5,saccade,1962,1245.75,859.5,752,9.0
9.004,1247.3333333333333,852.4166666666667,0.2179114278350926,0,698.7712429687613,0,211.0711756676088,1515.5,886.0,205.24375751773792,978.5,828.0,216.8985938174796,1247.0,857.0,978.5,828.0,1515.5,886.0,saccade,1963,1244.5,857.0,752,9.004
9.008,1243.9166666666667,846.25,0.2202404693252217,0,1593.4435979979207,0,215.48513384993728,1516.0,881.0,198.36330305779848,975.5,820.5,232.606964642076,1245.75,850.75,975.5,820.5,1516.0,881.0,saccade,1964,1245.75,850.75,752,9.008
9.012,1244.6666666666663,844.4166666666667,0.2413154921927702,0,0.0,0,214.9692544187669,1513.5,881.0,207.24140512938047,975.5,819.5,222.6971037081533,1244.5,850.25,975.5,819.5,1513.5,881.0,blink,1965,1247.0,850.25,753,9.012
9.016,1249.6666666666667,843.0833333333333,0.2289496972149233,0,0.0,0,223.3708103110112,1527.0,880.5,222.3803048833237,972.5,819.5,224.36131573869855,1249.75,850.0,972.5,819.5,1527.0,880.5,blink,1966,1247.25,850.0,753,9.016
9.02,1247.6666666666667,835.1666666666666,0.2453043461616073,0,2169.569369713962,0,226.3002386623462,1523.0,873.5,232.1055794245369,971.5,809.5,220.4948979001555,1247.25,841.5,971.5,809.5,1523.0,873.5,saccade,1967,1249.0,841.5,754,9.02
9.024,1251.0833333333333,832.8333333333333,0.233932008795391,0,625.0000000000688,0,228.88604599940496,1527.0,872.0,238.0336110720501,974.5,806.0,219.73848092675985,1250.75,839.0,974.5,806.0,1527.0,872.0,saccade,1968,1249.0,839.0,754,9.024
9.028,1248.0,826.3333333333333,0.2340216697155968,0,1777.6828316653928,0,221.5325397204485,1523.0,860.5,222.11033294288677,975.0,803.5,220.9547464980103,1249.0,832.0,975.0,803.5,1523.0,860.5,saccade,1969,1247.75,832.0,754,9.028
9.032,1244.9166666666667,818.5833333333333,0.2271731724830314,0,1900.863290718403,0,224.6772213675473,1524.5,857.5,235.17227727774377,963.5,791.5,214.1821654573508,1244.0,824.5,963.5,791.5,1524.5,857.5,saccade,1970,1249.0,824.5,754,9.032
9.036,1249.5,815.75,0.2377632985485298,0,875.0000000000964,0,220.78046591329465,1523.5,851.0,225.07998578283232,972.0,791.0,216.48094604375692,1247.75,821.0,972.0,791.0,1523.5,851.0,saccade,1971,1249.0,821.0,754,9.036
9.04,1252.25,809.3333333333333,0.2643218479639973,0,1593.4435979979207,0,221.77001832793005,1525.0,844.5,228.0197359879184,976.5,785.0,215.5203006679417,1250.75,814.75,976.5,785.0,1525.0,844.5,saccade,1972,1247.75,814.75,754,9.04
9.044,1251.75,805.1666666666667,0.238200048201812,0,1091.5155747854467,0,225.4443159123116,1528.0,841.0,224.0803427344755,975.5,780.5,226.80828909014767,1251.75,810.75,975.5,780.5,1528.0,841.0,saccade,1973,1249.5,810.75,754,9.044
9.048,1245.9166666666667,797.5,0.2374595322440739,0,1777.6828316661822,0,227.73386862283724,1525.0,836.0,230.13908837917995,966.0,771.5,225.32864886649452,1245.5,803.75,966.0,771.5,1525.0,836.0,saccade,1974,1250.75,803.75,754,9.048
9.052,1250.5833333333333,794.3333333333334,0.2586513912926301,0,988.2117688027273,0,225.9902649400952,1525.5,832.0,237.00843866833097,973.5,768.0,214.9720912118594,1249.5,800.0,973.5,768.0,1525.5,832.0,saccade,1975,1249.5,800.0,754,9.052
9.056,1252.3333333333333,790.75,0.2622114879319369,0,1459.0771912412547,0,232.101844147682,1528.0,824.0,234.03418553707064,974.5,767.5,230.16950275829333,1251.25,795.75,974.5,767.5,1528.0,824.0,saccade,1976,1245.5,795.75,754,9.056
9.06,1245.0833333333333,784.9166666666667,0.2603208307148006,0,1660.6662819477483,0,225.84917655656704,1523.5,821.5,233.173754955398,963.0,757.5,218.524598157736,1243.25,789.5,963.0,757.5,1523.5,821.5,saccade,1977,1243.25,789.5,754,9.06
9.064,1245.0833333333337,781.25,0.2603618514823755,0,951.9716382330935,0,224.0345916379368,1519.0,816.0,236.07625886564705,964.5,756.0,211.9929244102265,1241.75,786.0,964.5,756.0,1519.0,816.0,saccade,1978,1241.75,786.0,754,9.064
9.068,1242.9166666666667,778.9166666666667,0.2586984659023497,0,731.5437444200571,0,225.4477164684942,1516.0,810.5,232.1055794245369,965.5,756.0,218.78985351245157,1240.75,783.25,965.5,756.0,1516.0,810.5,saccade,1979,1240.75,783.25,754,9.068
9.072,1238.0833333333333,775.4166666666666,0.2508436270979787,0,1525.8194519668807,0,234.8136250948316,1518.0,807.0,242.1321952983535,953.5,752.5,227.49505489130968,1235.75,779.75,953.5,752.5,1518.0,807.0,saccade,1980,1235.75,779.75,754,9.072
9.076,1230.4166666666663,771.0,0.2560589496718541,0,2219.410113069847,0,233.26048277978316,1510.5,803.0,237.00843866833097,946.0,747.0,229.5125268912353,1228.25,775.0,946.0,747.0,1510.5,803.0,saccade,1981,1228.25,775.0,754,9.076
9.08,1224.5,766.9166666666667,0.2413677219170292,0,1288.4705080056608,0,234.3388075588888,1504.0,797.5,236.019067026374,941.5,744.5,232.65854809140367,1222.75,771.0,941.5,744.5,1504.0,797.5,saccade,1982,1225.0,771.0,754,9.08
9.084,1226.5833333333337,760.4166666666667,0.2404363492680802,0,1437.5000000001583,0,231.5887939758326,1507.0,794.5,238.0021008310641,943.0,736.0,225.1754871206011,1225.0,765.25,943.0,736.0,1507.0,794.5,saccade,1983,1225.0,765.25,754,9.084
9.088,1226.0,760.9166666666666,0.2415121483264553,0,0.0,0,233.3303424168924,1505.0,791.5,234.00213674238103,943.5,737.5,232.65854809140367,1224.25,764.5,943.5,737.5,1505.0,791.5,blink,1984,1224.25,764.5,755,9.088
9.092,1227.3333333333333,759.9166666666667,0.2329612329849497,0,0.0,0,234.09611771950264,1509.0,792.0,234.00854685246009,944.5,735.5,234.18368858654523,1226.75,763.75,944.5,735.5,1509.0,792.0,blink,1985,1224.25,763.75,755,9.092
9.096,1225.3333333333333,745.75,0.2721299781241756,0,0.0,0,235.16099591251623,1503.5,782.0,245.0,943.5,719.5,225.32199182503248,1223.5,750.75,943.5,719.5,1503.5,782.0,blink,1986,1224.0,750.75,756,9.096
9.1,1226.1666666666667,746.4166666666667,0.2572677824683856,0,0.0,0,228.249656330015,1502.0,783.0,236.03389587091087,946.0,718.5,220.4654167891191,1224.0,750.75,946.0,718.5,1502.0,783.0,blink,1987,1223.5,750.75,757,9.1
9.104,1223.0833333333337,744.3333333333333,0.2676290765986455,0,0.0,0,237.55256324937687,1501.0,779.0,242.0,940.5,718.5,233.10512649875375,1220.75,748.75,940.5,718.5,1501.0,779.0,blink,1988,1221.25,748.75,758,9.104
9.108,1222.9166666666667,740.5,0.2569308695736275,0,0.0,0,233.5320065474916,1500.5,777.5,241.0020746798666,942.0,714.0,226.06193841511663,1221.25,745.75,942.0,714.0,1500.5,777.5,blink,1989,1221.0,745.75,758,9.108
9.112,1222.6666666666663,735.6666666666667,0.2582293963215392,0,0.0,0,228.01449282482932,1499.5,775.0,237.00843866833097,942.5,706.5,219.02054698132773,1221.0,740.75,942.5,706.5,1499.5,775.0,blink,1990,1220.75,740.75,758,9.112
9.116,1221.25,733.25,0.2659191761352462,0,0.0,0,238.7365150469141,1501.0,771.0,246.0081299469593,937.0,705.0,231.46490014686893,1219.0,738.0,937.0,705.0,1501.0,771.0,blink,1991,1220.0,738.5,758,9.116
9.12,1222.0833333333333,733.75,0.2687818790597395,0,0.0,0,236.035034181038,1500.0,771.0,246.0081299469593,940.0,706.0,226.06193841511663,1220.0,738.5,940.0,706.0,1500.0,771.0,blink,1992,1219.0,738.0,759,9.12
9.124,1218.5,730.5,0.2722225588447732,0,0.0,0,236.9439933673677,1498.0,766.0,240.03333101884,936.0,705.0,233.85465571589543,1217.0,735.5,936.0,705.0,1498.0,766.0,blink,1993,1217.25,735.5,760,9.124
9.128,1218.5,730.6666666666667,0.2530861024320856,0,0.0,0,234.63731393448325,1499.0,766.0,242.00826432169623,935.5,704.5,227.26636354727023,1217.25,735.25,935.5,704.5,1499.0,766.0,blink,1994,1217.0,735.25,761,9.128
9.132,1215.25,727.6666666666667,0.2616760957705151,0,0.0,0,236.48237397108656,1496.5,763.0,243.00823031329617,931.0,702.0,229.95651762887692,1213.75,732.5,931.0,702.0,1496.5,763.0,blink,1995,1213.75,732.5,762,9.132
9.136,1214.1666666666667,725.75,0.2693320938781959,0,0.0,0,240.82623708339256,1496.0,763.5,248.0181444975347,928.0,699.5,233.63432966925043,1212.0,731.5,928.0,699.5,1496.0,763.5,blink,1996,1213.75,732.5,763,9.136
9.14,1214.9166666666667,726.6666666666667,0.2723946401353445,0,0.0,0,235.8815218429789,1497.5,762.5,243.0514348857048,930.0,702.5,228.7116088002531,1213.75,732.5,930.0,702.5,1497.5,762.5,blink,1997,1212.0,731.5,764,9.14
9.144,1210.9166666666663,723.0,0.2589270359314313,0,0.0,0,238.56178421238445,1494.0,761.5,244.0184419260151,925.5,695.5,233.10512649875375,1209.75,728.5,925.5,695.5,1494.0,761.5,blink,1998,1209.75,729.75,764,9.144
9.148,1210.25,723.8333333333334,0.2708325861752508,0,0.0,0,236.15304855234257,1495.0,760.0,244.07375934335917,923.5,699.5,228.232337761326,1209.25,729.75,923.5,699.5,1495.0,760.0,blink,1999,1209.25,729.5,765,9.148
9.152,1208.4166666666663,724.0833333333334,0.2605075417514333,0,0.0,0,238.02314501676915,1491.0,759.5,240.01874926763531,924.0,699.5,236.02754076590296,1207.5,729.5,924.0,699.5,1491.0,759.5,blink,2000,1208.25,729.0,765,9.152
9.156,1209.4166666666663,724.25,0.2648136140705676,0,0.0,0,234.7508241728384,1490.0,758.0,242.0,926.5,700.0,227.50164834567684,1208.25,729.0,926.5,700.0,1490.0,758.0,blink,2001,1207.5,729.0,765,9.156
9.16,1206.6666666666663,720.4166666666667,0.2683850696336083,0,0.0,0,238.4663790276631,1488.0,757.5,246.00203251192863,920.5,695.0,230.93072554339756,1204.25,726.25,920.5,695.0,1488.0,757.5,blink,2002,1207.5,728.0,765,9.16
9.164,1209.3333333333337,723.1666666666667,0.2640580148397046,0,0.0,0,235.40958191136397,1489.5,757.5,245.01836665850172,925.5,698.5,225.8007971642261,1207.5,728.0,925.5,698.5,1489.5,757.5,blink,2003,1204.75,726.75,766,9.164
9.168,1206.0833333333337,719.25,0.2616511626075669,0,0.0,0,239.0900821728532,1488.5,754.5,243.01851781294363,921.0,695.5,235.16164653276263,1204.75,725.0,921.0,695.5,1488.5,754.5,blink,2004,1204.75,726.25,767,9.168
9.172,1205.4166666666663,721.8333333333333,0.2623801996010468,0,0.0,0,234.0581040153677,1490.0,755.0,236.00847442411893,919.5,698.5,232.1077336066164,1204.75,726.75,919.5,698.5,1490.0,755.0,blink,2005,1204.75,726.0,767,9.172
9.176,1204.3333333333333,718.0,0.2684622366583599,0,0.0,0,239.18495841125625,1487.0,755.0,246.0081299469593,917.0,692.0,232.3617868755532,1202.0,723.5,917.0,692.0,1487.0,755.0,blink,2006,1202.0,726.0,768,9.176
9.18,1201.1666666666667,720.0833333333334,0.2684306003055091,0,0.0,0,237.59485537892647,1485.0,754.5,244.05122413132864,915.0,697.5,231.1384866265244,1200.0,726.0,915.0,697.5,1485.0,754.5,blink,2007,1200.25,726.0,769,9.18
9.184,1201.5,721.0,0.2713854969909934,0,0.0,0,237.7673686103728,1485.5,754.5,247.05060210410332,914.5,699.0,228.4841351166422,1200.0,726.75,914.5,699.0,1485.5,754.5,blink,2008,1200.25,726.0,769,9.184
9.188,1201.9166666666667,720.4166666666667,0.2735757420423066,0,0.0,0,232.97092606886827,1482.0,752.5,244.0184419260151,918.5,699.5,221.92341021172143,1200.25,726.0,918.5,699.5,1482.0,752.5,blink,2009,1200.25,726.0,769,9.188
9.192,1204.5833333333333,721.4166666666667,0.2685689378588806,0,0.0,0,235.1913454485399,1484.0,755.0,246.03251817595168,921.0,698.5,224.35017272112808,1202.5,726.75,921.0,698.5,1484.0,755.0,blink,2010,1201.75,726.0,769,9.192
9.196,1203.3333333333333,717.3333333333334,0.2645984383250158,0,0.0,0,239.36287582714965,1486.0,752.5,248.0181444975347,917.5,692.5,230.70760715676457,1201.75,722.5,917.5,692.5,1486.0,752.5,blink,2011,1201.75,723.75,770,9.196
9.2,1204.3333333333333,718.4166666666667,0.2671940768734747,0,125.00000000001377,0,239.36993156180225,1487.0,754.0,248.03225596683995,917.5,693.5,230.70760715676457,1202.25,723.75,917.5,693.5,1487.0,754.0,visual intake,2012,1202.25,723.75,771,9.2
9.204,1203.0833333333333,718.75,0.2584169918153242,0,0.0,0,242.10784326940365,1489.0,754.0,250.0319979522621,913.5,693.5,234.18368858654523,1201.25,723.75,913.5,693.5,1489.0,754.0,blink,2013,1202.25,723.75,771,9.204
9.208,1206.3333333333333,718.0833333333334,0.271340008951472,0,441.9417382416409,0,236.91325352088987,1486.5,749.5,247.01821795163207,921.5,698.5,226.80828909014767,1204.0,724.0,921.5,698.5,1486.5,749.5,visual intake,2014,1204.0,724.0,771,9.208
9.212,1207.0833333333333,719.8333333333333,0.2596744496447283,0,450.6939094330483,0,237.79677834554127,1489.5,753.0,249.00803199896987,920.5,698.0,226.58552469211267,1205.0,725.5,920.5,698.0,1489.5,753.0,visual intake,2015,1205.0,725.5,771,9.212
9.216,1208.3333333333337,721.5,0.2585350094220089,0,336.5728004459435,0,241.22469516710103,1492.0,754.0,250.0079998720041,920.5,700.0,232.44139046219803,1206.25,727.0,920.5,700.0,1492.0,754.0,visual intake,2016,1206.25,726.0,771,9.216
9.22,1208.5,720.75,0.2569053871630067,0,187.4999999999374,0,237.63789547007104,1492.5,751.5,245.00204080782677,921.5,700.5,230.2737501323153,1207.0,726.0,921.5,700.5,1492.5,751.5,visual intake,2017,1206.25,726.75,771,9.22
9.224,1207.5,721.6666666666667,0.2578494698069264,0,197.6423537605455,0,237.2774705712729,1492.0,752.5,246.01829200285087,920.5,701.0,228.53664913969487,1206.25,726.75,920.5,701.0,1492.0,752.5,visual intake,2018,1207.0,727.0,771,9.224
9.228,1210.3333333333333,723.5833333333334,0.267408645223871,0,380.17265814368056,0,237.05778038862957,1492.0,755.0,246.0081299469593,923.5,702.0,228.1074308302998,1207.75,728.5,923.5,702.0,1492.0,755.0,visual intake,2019,1207.25,728.5,771,9.228
9.232,1209.75,725.0,0.2722912982435589,0,279.50849718750453,0,233.02498560929556,1491.0,756.5,244.0184419260151,923.5,702.5,222.03152929257595,1207.25,729.5,923.5,702.5,1491.0,756.5,visual intake,2020,1207.75,729.5,771,9.232
9.236,1213.9166666666663,726.0833333333334,0.2659238783312487,0,0.0,0,231.6386656483628,1496.0,760.0,242.00826432169623,926.0,704.0,221.2690669750293,1211.0,732.0,926.0,704.0,1496.0,760.0,blink,2021,1210.75,732.0,772,9.236
9.24,1212.5,728.25,0.2484264465674606,0,0.0,0,236.8669494633624,1497.5,759.5,247.01821795163207,924.0,706.0,226.71568097509268,1210.75,732.75,924.0,706.0,1497.5,759.5,blink,2022,1211.0,732.75,773,9.24
9.244,1215.8333333333337,729.5,0.2490230269223613,0,0.0,0,236.4644104691637,1501.0,760.0,246.0081299469593,927.0,708.5,226.92069099136816,1214.0,734.25,927.0,708.5,1501.0,760.0,blink,2023,1214.0,734.25,774,9.244
9.248,1218.0,729.5,0.2526386246384304,0,0.0,0,240.767779973981,1506.0,762.0,246.0,926.5,708.0,235.535559947962,1216.25,735.0,926.5,708.0,1506.0,762.0,blink,2024,1216.25,735.0,774,9.248
9.252,1218.6666666666663,731.5833333333333,0.2542604332201338,0,0.0,0,238.77744881263405,1505.5,766.0,243.0,927.0,708.0,234.5548976252681,1216.25,737.0,927.0,708.0,1505.5,766.0,blink,2025,1216.25,737.0,775,9.252
9.256,1220.0833333333337,734.75,0.2516732000345463,0,0.0,0,242.30748346484475,1506.0,770.5,242.0185943269649,930.0,708.5,242.5963726027246,1218.0,739.5,930.0,708.5,1506.0,770.5,blink,2026,1216.25,738.75,775,9.256
9.26,1216.6666666666667,733.4166666666667,0.2566627478232298,0,0.0,0,241.79862309880028,1503.0,770.0,246.03251817595168,924.0,707.5,237.56472802164888,1213.5,738.75,924.0,707.5,1503.0,770.0,blink,2027,1217.0,739.5,775,9.26
9.264,1220.5,740.1666666666666,0.2476450319083631,0,0.0,0,245.9923817639856,1507.0,776.0,254.00787389370436,927.0,717.5,237.9768896342668,1217.0,746.75,927.0,717.5,1507.0,776.0,blink,2028,1217.0,746.0,776,9.264
9.268,1222.75,740.1666666666666,0.2462130446617251,0,0.0,0,248.79490951576764,1515.0,777.5,252.0495982936692,924.5,714.5,245.5402207378661,1219.75,746.0,924.5,714.5,1515.0,777.5,blink,2029,1217.0,746.75,777,9.268
9.272,1220.0,746.1666666666667,0.2473133408492364,0,814.900300650421,0,247.24052238613424,1508.5,784.0,249.00803199896987,925.5,719.0,245.47301277329856,1217.0,751.5,925.5,719.0,1508.5,784.0,saccade,2030,1219.75,748.5,778,9.272
9.276,1228.5833333333333,743.25,0.2407204231949003,0,750.0000000000827,0,246.4587889647916,1520.0,784.0,246.2031681355868,932.0,713.0,246.7144097939964,1226.0,748.5,932.0,713.0,1520.0,784.0,saccade,2031,1219.75,751.5,778,9.276
9.28,1223.8333333333333,747.75,0.2495195454486787,0,537.6453291902234,0,244.00352628788403,1513.5,787.0,235.2126697267815,930.0,718.5,252.79438284898657,1221.75,752.75,930.0,718.5,1513.5,787.0,saccade,2032,1221.5,752.75,778,9.28
9.284,1220.4166666666663,752.75,0.2510179468052661,0,1251.5615246558812,0,247.0493240133132,1507.5,790.0,243.03291958086663,928.5,725.5,251.0657284457598,1218.0,757.75,928.5,725.5,1507.5,790.0,saccade,2033,1221.75,757.75,778,9.284
9.288,1223.8333333333333,756.0833333333333,0.2539750197984409,0,812.5000000000895,0,245.71329325371988,1510.0,791.0,238.0336110720501,933.0,731.0,253.39297543538967,1221.5,761.0,933.0,731.0,1510.0,791.0,saccade,2034,1221.75,761.0,778,9.288
9.292,1224.3333333333337,761.3333333333333,0.2531128087905972,0,1349.18957155783,0,246.783033310966,1515.0,797.5,236.0529601593676,931.5,735.0,257.51310646256434,1223.25,766.25,931.5,735.0,1515.0,797.5,saccade,2035,1223.0,766.25,778,9.292
9.296,1225.8333333333333,764.8333333333333,0.238877863481438,0,814.900300650421,0,245.4914095148093,1512.5,802.5,239.1693960355296,934.5,736.5,251.81342299408905,1223.5,769.5,934.5,736.5,1512.5,802.5,saccade,2036,1223.25,769.5,778,9.296
9.3,1225.1666666666667,770.0833333333333,0.2404052129730621,0,1501.3015186825378,0,250.3055331596228,1513.5,807.0,241.13274352522097,932.5,744.0,259.47832279402456,1223.0,775.5,932.5,744.0,1513.5,807.0,saccade,2037,1223.5,775.5,778,9.3
9.304,1227.6666666666667,771.8333333333334,0.2372949144262113,0,515.3882032022643,0,246.15614570043527,1515.0,807.5,240.10206163213172,936.5,744.5,252.2102297687388,1225.75,776.0,936.5,744.5,1515.0,807.5,saccade,2038,1225.5,776.0,778,9.304
9.308,1227.5,776.8333333333333,0.2462293998253175,0,1251.561524656437,0,247.7128637326782,1518.0,812.0,240.0749882849107,933.0,750.0,255.3507391804457,1225.5,781.0,933.0,750.0,1518.0,812.0,saccade,2039,1225.75,781.0,778,9.308
9.312,1232.5,778.25,0.245790600100502,0,1017.4262872563437,0,251.28570852214824,1522.5,812.5,243.10080213771408,939.0,753.5,259.47061490658245,1230.75,783.0,939.0,753.5,1522.5,812.5,saccade,2040,1229.75,781.75,778,9.312
9.316,1232.25,777.6666666666667,0.2488922105521245,0,0.0,0,249.15017363718783,1524.0,814.0,244.13111231467408,935.5,749.5,254.1692349597016,1229.75,781.75,935.5,749.5,1524.0,814.0,blink,2041,1230.75,783.0,779,9.316
9.32,1237.4166666666667,781.8333333333333,0.2457018810047844,0,0.0,0,246.0439146359396,1526.5,820.0,241.2073796549351,943.5,754.0,250.88044961694405,1235.0,787.0,943.5,754.0,1526.5,820.0,blink,2042,1230.75,785.75,780,9.32
9.324,1235.25,781.3333333333333,0.2481820693138539,0,176.77669529665636,0,244.55851300043508,1530.5,818.0,237.3036030067812,934.5,753.5,251.81342299408905,1232.5,785.75,934.5,753.5,1530.5,818.0,visual intake,2043,1230.25,786.25,781,9.324
9.328,1232.5833333333337,781.6666666666667,0.2477099944470948,0,0.0,0,247.2283525884442,1523.0,822.0,244.20483205702544,937.5,750.5,250.25187311986295,1230.25,786.25,937.5,750.5,1523.0,822.0,blink,2044,1230.25,786.25,781,9.328
9.332,1230.3333333333333,782.0,0.2440327857049328,0,62.49999999997913,0,252.61219512542908,1523.5,820.5,241.25090673404733,933.5,752.5,263.97348351681086,1228.5,786.5,933.5,752.5,1523.5,820.5,visual intake,2045,1230.0,786.25,781,9.332
9.336,1231.75,782.0,0.2410942479198873,0,312.5000000000344,0,246.9041609268137,1523.0,822.0,240.20824298928628,937.0,750.5,253.60007886434104,1230.0,786.25,937.0,750.5,1523.0,822.0,visual intake,2046,1228.75,786.25,781,9.336
9.34,1228.0833333333333,784.0,0.2408288737753648,0,88.38834764832818,0,253.2160570637997,1520.5,823.5,247.1639132235934,931.0,754.0,259.268200904006,1225.75,788.75,931.0,754.0,1520.5,823.5,visual intake,2047,1228.5,786.5,781,9.34
9.344,1230.6666666666667,781.0833333333334,0.2422441735405754,0,88.38834764832818,0,245.53304510051575,1520.5,822.5,237.25513693068905,937.0,749.0,253.8109532703425,1228.75,785.75,937.0,749.0,1520.5,822.5,visual intake,2048,1228.75,786.25,781,9.344
9.348,1229.8333333333337,782.4166666666666,0.2411278403717474,0,124.99999999995826,0,248.35164438599287,1521.0,823.5,240.1686907155052,934.5,751.5,256.5345980564805,1227.75,787.5,934.5,751.5,1521.0,823.5,visual intake,2049,1228.75,785.75,781,9.348
9.352,1231.4166666666667,780.25,0.2441405056081097,0,225.34695471652415,0,247.22465206165856,1521.0,821.5,238.2540660723338,939.0,749.0,256.1952380509833,1230.0,785.25,939.0,749.0,1521.0,821.5,visual intake,2050,1229.5,785.25,781,9.352
9.356,1230.1666666666663,777.3333333333334,0.2458530463036659,0,0.0,0,244.12247491443563,1522.0,819.5,236.17154782064668,937.0,744.5,252.07340200822455,1229.5,782.0,937.0,744.5,1522.0,819.5,blink,2051,1230.0,782.0,782,9.356
9.36,1233.5833333333337,776.6666666666666,0.2437026017377639,0,0.0,0,246.89511943865196,1522.5,817.5,241.16799124261908,940.5,744.5,252.6222476346848,1231.5,781.0,940.5,744.5,1522.5,817.5,blink,2052,1231.5,781.25,783,9.36
9.364,1234.8333333333337,777.0833333333333,0.2496999434361353,0,0.0,0,245.376175189436,1521.5,816.0,239.2091135387613,944.5,746.5,251.54323684011064,1233.0,781.25,944.5,746.5,1521.5,816.0,blink,2053,1231.75,781.0,783,9.364
9.368,1234.0833333333333,775.1666666666667,0.2620793642117568,0,0.0,0,246.69644586621573,1523.0,817.0,242.0743687382041,940.5,742.0,251.31852299422735,1231.75,779.5,940.5,742.0,1523.0,817.0,blink,2054,1231.75,779.5,783,9.368
9.372,1237.8333333333333,771.0833333333334,0.2501534092008045,0,0.0,0,241.48538056214048,1523.0,812.0,236.21176939348305,948.5,739.5,246.75899173079796,1235.75,775.75,948.5,739.5,1523.0,812.0,blink,2055,1233.0,777.0,784,9.372
9.376,1234.0,772.8333333333334,0.2620110810166496,0,0.0,0,243.6114084504917,1519.5,814.0,247.07286374670932,943.0,740.0,240.149953154274,1231.25,777.0,943.0,740.0,1519.5,814.0,blink,2056,1235.75,776.75,784,9.376
9.38,1238.3333333333333,770.5833333333333,0.250658858813661,0,249.99999999991653,0,240.7651952511225,1524.5,809.5,237.35627229968037,947.5,742.0,244.1741182025646,1236.0,775.75,947.5,742.0,1524.5,809.5,visual intake,2057,1235.75,775.75,785,9.38
9.384,1238.4166666666667,771.8333333333333,0.2602192402118723,0,250.00000000002754,0,243.16074584056247,1524.5,810.0,241.074677226788,947.5,743.5,245.246814454337,1236.0,776.75,947.5,743.5,1524.5,810.0,visual intake,2058,1234.75,775.75,785,9.384
9.388,1234.4166666666663,770.1666666666667,0.2629737140872644,0,250.00000000002754,0,243.69144294944755,1522.0,808.0,246.03251817595168,941.5,741.5,241.3503677229434,1231.75,774.75,941.5,741.5,1522.0,808.0,visual intake,2059,1234.75,774.75,785,9.388
9.392,1237.5,768.0,0.2471844248715968,0,437.5000000000482,0,244.509222308518,1523.0,805.5,246.16457909293123,946.5,740.5,242.85386552410483,1234.75,773.0,946.5,740.5,1523.0,805.5,visual intake,2060,1234.75,773.0,785,9.392
9.396,1236.1666666666663,766.75,0.2454667449013149,0,225.34695471642405,0,244.58681806562748,1524.0,805.5,246.0995733437992,941.5,738.0,243.0740627874558,1232.75,771.75,941.5,738.0,1524.0,805.5,visual intake,2061,1234.25,772.25,785,9.396
9.4,1240.5833333333337,767.5833333333334,0.2415290566942662,0,125.00000000001377,0,243.8146214574138,1524.5,803.0,245.20399670478457,951.5,741.5,242.42524621004307,1238.0,772.25,951.5,741.5,1524.5,803.0,visual intake,2062,1234.25,771.75,785,9.4
9.404,1237.25,765.3333333333333,0.2445902249457403,0,312.5000000000344,0,242.70079592713603,1521.0,803.5,244.05122413132864,947.5,737.5,241.3503677229434,1234.25,770.5,947.5,737.5,1521.0,803.5,visual intake,2063,1234.25,770.5,785,9.404
9.408,1236.5833333333337,762.5,0.247010642188598,0,441.9417382416409,0,244.2522324289535,1521.0,801.5,242.1672975444868,947.5,734.5,246.33716731342025,1234.25,768.0,947.5,734.5,1521.0,801.5,visual intake,2064,1234.5,768.75,785,9.408
9.412,1238.0,761.6666666666667,0.2407570571532221,0,187.4999999999374,0,245.69386660652316,1519.5,799.0,251.127457678367,949.5,734.0,240.26027553467927,1234.5,766.5,949.5,734.0,1519.5,799.0,visual intake,2065,1234.5,768.0,785,9.412
9.416,1239.4166666666667,763.4166666666667,0.2463821470799151,0,187.50000000002066,0,238.758932271326,1521.5,801.0,241.03319273494265,951.0,736.5,236.48467180770933,1236.25,768.75,951.0,736.5,1521.5,801.0,visual intake,2066,1234.5,767.25,785,9.416
9.42,1237.6666666666667,762.1666666666667,0.237538384459866,0,0.0,0,239.57510532244368,1522.0,798.5,232.1745033374681,949.5,736.0,246.9757073074192,1235.75,767.25,949.5,736.0,1522.0,798.5,blink,2067,1234.5,767.25,785,9.42
9.424,1237.5833333333337,761.9166666666667,0.2472552152337945,0,0.0,0,241.1768369186572,1521.0,799.5,246.0995733437992,948.0,735.0,236.25410049351524,1234.5,767.25,948.0,735.0,1521.0,799.5,blink,2068,1234.5,767.25,785,9.424
9.428,1234.3333333333333,755.1666666666667,0.2346220601965125,0,0.0,0,240.15988196005424,1515.0,795.5,238.10291892372928,948.5,724.0,242.2168449963792,1231.75,759.75,948.5,724.0,1515.0,795.5,blink,2069,1231.75,763.25,786,9.428
9.432,1235.4166666666667,755.9166666666667,0.2359436657465617,0,0.0,0,245.5152185703148,1519.0,799.0,250.12796724876648,944.5,723.5,240.9024698918631,1231.75,761.25,944.5,723.5,1519.0,799.0,blink,2070,1231.75,761.25,786,9.432
9.436,1234.25,758.3333333333333,0.2318306456681329,0,0.0,0,243.33397565667096,1517.5,798.0,249.12848090894784,945.0,728.5,237.53947040439405,1231.25,763.25,945.0,728.5,1517.5,798.0,blink,2071,1231.25,761.25,787,9.436
9.44,1233.4166666666663,755.1666666666667,0.229893714061158,0,0.0,0,245.44200259699284,1516.0,798.0,246.2925090212855,944.5,722.0,244.59149617270015,1230.25,760.0,944.5,722.0,1516.0,798.0,blink,2072,1230.25,763.25,788,9.44
9.444,1232.3333333333333,759.0833333333333,0.2388782854144741,0,0.0,0,246.7951664177661,1518.0,800.5,252.2399651125888,940.5,728.5,241.3503677229434,1229.25,764.5,940.5,728.5,1518.0,800.5,blink,2073,1229.25,764.5,789,9.444
9.448,1227.25,762.75,0.2369852572847056,0,0.0,0,241.4117815140566,1512.5,801.0,239.2091135387613,936.0,734.0,243.61444948935195,1224.25,767.5,936.0,734.0,1512.5,801.0,blink,2074,1224.25,767.5,790,9.448
9.452,1227.5,763.0833333333333,0.246248814204024,0,0.0,0,242.9271142838727,1510.0,802.5,248.1632527188504,938.5,734.0,237.69097584889505,1224.25,768.25,938.5,734.0,1510.0,802.5,blink,2075,1224.25,767.75,791,9.452
9.456,1225.5,762.4166666666666,0.2549900397319261,0,0.0,0,242.19207127043305,1510.0,803.5,242.1672975444868,934.5,732.0,242.2168449963792,1222.25,767.75,934.5,732.0,1510.0,803.5,blink,2076,1222.75,768.25,791,9.456
9.46,1225.1666666666667,764.0,0.2384768214190157,0,0.0,0,244.82042753615764,1508.5,804.5,251.3364279208249,934.5,733.0,238.3044271514904,1221.5,768.75,934.5,733.0,1508.5,804.5,blink,2077,1222.25,768.75,791,9.46
9.464,1225.1666666666667,764.8333333333333,0.2495725177754473,0,0.0,0,243.53935124618303,1510.5,808.5,243.24884377936928,935.0,731.5,243.82985871299684,1222.75,770.0,935.0,731.5,1510.5,808.5,blink,2078,1222.25,770.0,791,9.464
9.468,1225.25,766.5833333333333,0.2398371316367568,0,0.0,0,242.46550158633212,1511.0,809.5,244.4606307772276,933.5,734.5,240.4703723954367,1222.25,772.0,933.5,734.5,1511.0,809.5,blink,2079,1222.0,771.25,791,9.468
9.472,1225.0,766.1666666666667,0.2431689432031743,0,0.0,0,243.65354207291864,1509.5,811.5,247.45504642257757,934.5,731.0,239.8520377232597,1222.0,771.25,934.5,731.0,1509.5,811.5,blink,2080,1222.0,772.0,791,9.472
9.476,1221.9166666666663,768.9166666666667,0.2418760602177785,0,0.0,0,246.02327129763887,1506.5,813.5,247.45504642257757,932.5,734.0,244.59149617270015,1219.5,773.75,932.5,734.0,1506.5,813.5,blink,2081,1220.0,773.75,792,9.476
9.48,1223.0,770.25,0.2421072729755559,0,0.0,0,243.99915436751547,1506.0,816.0,248.29015284541592,934.0,734.0,239.70815588961503,1220.0,775.0,934.0,734.0,1506.0,816.0,blink,2082,1219.5,775.0,793,9.48
9.484,1219.0833333333337,774.25,0.2488005671874414,0,0.0,0,244.49602289057887,1502.5,819.5,245.58908770545972,930.0,739.5,243.402958075698,1216.25,779.5,930.0,739.5,1502.5,819.5,blink,2083,1216.25,779.5,794,9.484
9.488,1218.6666666666667,778.1666666666666,0.2458918120477205,0,0.0,0,245.17270913163912,1503.5,823.0,249.51352668743232,927.0,744.0,240.8318915758459,1215.25,783.5,927.0,744.0,1503.5,823.0,blink,2084,1215.25,783.5,794,9.488
9.492,1217.5833333333333,778.0833333333334,0.2440539931561033,0,0.0,0,244.60001689119144,1502.0,823.0,248.51559307214507,926.5,744.0,240.68444071023785,1214.25,783.5,926.5,744.0,1502.0,823.0,blink,2085,1214.25,783.5,795,9.492
9.496,1214.6666666666667,781.25,0.2433209046901085,0,0.0,0,245.90790229973925,1501.0,825.5,250.57733337235436,922.0,747.0,241.2384712271241,1211.5,786.25,922.0,747.0,1501.0,825.5,blink,2086,1211.5,786.0,796,9.496
9.5,1212.75,781.75,0.2512132212911589,0,0.0,0,242.5403827235221,1497.5,825.5,241.25090673404733,922.0,746.5,243.82985871299684,1209.75,786.0,922.0,746.5,1497.5,825.5,blink,2087,1209.75,786.25,797,9.5
9.504,1212.0833333333337,781.3333333333334,0.2641044130263665,0,0.0,0,243.20355147704717,1500.5,829.0,249.28898892650676,916.0,743.5,237.11811402758752,1208.25,786.25,916.0,743.5,1500.5,829.0,blink,2088,1208.25,786.25,797,9.504
9.508,1209.0,783.5,0.2562110665858633,0,0.0,0,248.39484696748443,1495.0,829.0,248.39484696748443,917.0,748.0,248.39484696748443,1206.0,788.5,917.0,748.0,1495.0,829.0,blink,2089,1206.75,788.5,798,9.508
9.512,1210.0833333333333,783.8333333333333,0.2465826321187396,0,0.0,0,242.18426637097556,1494.5,831.5,247.45504642257757,918.0,747.0,236.9134863193736,1206.25,789.25,918.0,747.0,1494.5,831.5,blink,2090,1206.75,789.25,799,9.512
9.516,1210.4166666666667,792.5833333333333,0.2564419071256959,0,0.0,0,243.80788905290865,1499.0,837.5,252.33509466580347,914.5,758.0,235.28068344001383,1206.75,797.75,914.5,758.0,1499.0,837.5,blink,2091,1206.25,792.75,800,9.516
9.52,1214.1666666666663,791.5,0.2397435377637136,0,0.0,0,244.70559920918512,1498.0,836.5,248.7267577081324,924.5,755.0,240.68444071023785,1211.25,795.75,924.5,755.0,1498.0,836.5,blink,2092,1206.75,795.75,800,9.52
9.524,1206.0833333333337,788.0833333333333,0.256727608198525,0,0.0,0,244.97497187593376,1492.5,839.0,253.38705570727168,913.5,746.5,236.5628880445959,1203.0,792.75,913.5,746.5,1492.5,839.0,blink,2093,1208.5,797.75,800,9.524
9.528,1211.75,793.5833333333333,0.2540625959849818,0,0.0,0,247.16795127983283,1499.5,839.0,255.38402455909412,917.5,757.5,238.9518780005715,1208.5,798.25,917.5,757.5,1499.5,839.0,blink,2094,1208.5,798.25,801,9.528
9.532,1211.5833333333337,795.5,0.2533495943825696,0,0.0,0,243.7642584282937,1500.0,841.5,248.4532149117817,918.0,757.5,239.0753019448057,1209.0,799.5,918.0,757.5,1500.0,841.5,blink,2095,1208.5,799.5,801,9.532
9.536,1207.5,798.4166666666666,0.2496407749982073,0,0.0,0,246.2401638624964,1495.0,842.0,254.503438090726,913.0,763.5,237.9768896342668,1204.0,802.75,913.0,763.5,1495.0,842.0,blink,2096,1208.5,802.0,802,9.536
9.54,1213.5833333333333,798.0,0.2493090131570716,0,0.0,0,247.3256623558568,1501.5,844.5,247.45504642257757,920.5,759.5,247.19627828913605,1211.0,802.0,920.5,759.5,1501.5,844.5,blink,2097,1208.5,802.75,803,9.54
9.544,1211.1666666666663,801.0833333333334,0.2464735820661994,0,0.0,0,246.84382244499847,1500.5,846.0,249.51352668743232,915.5,765.0,244.1741182025646,1208.0,805.5,915.5,765.0,1500.5,846.0,blink,2098,1208.0,805.5,804,9.544
9.548,1211.5,801.25,0.2467209838100582,0,0.0,0,246.64370095087665,1497.5,846.5,247.5843290678956,919.5,765.5,245.70307283385773,1208.5,806.0,919.5,765.5,1497.5,846.5,blink,2099,1208.5,806.0,805,9.548
9.552,1208.8333333333337,804.3333333333334,0.2576879797500535,0,0.0,0,245.99246825267505,1497.0,849.5,248.58197842965205,916.0,768.5,243.402958075698,1206.5,809.0,916.0,768.5,1497.0,849.5,blink,2100,1208.5,809.0,806,9.552
9.556,1213.6666666666667,806.0833333333334,0.2541068010480244,0,0.0,0,246.1700276094573,1501.0,848.5,248.58197842965205,921.5,773.5,243.7580767892625,1211.25,811.0,921.5,773.5,1501.0,848.5,blink,2101,1208.5,810.5,807,9.556
9.56,1212.3333333333337,804.6666666666667,0.2573843708781725,0,0.0,0,246.8977865394707,1504.0,851.5,238.3547775900454,915.5,769.5,255.440795488896,1209.75,810.5,915.5,769.5,1504.0,851.5,blink,2102,1209.75,811.0,807,9.56
9.564,1210.8333333333333,806.75,0.2537095815724904,0,0.0,0,243.6579223618944,1502.5,851.5,245.7356303021603,913.5,771.0,241.58021442162848,1208.0,811.25,913.5,771.0,1502.5,851.5,blink,2103,1209.75,811.25,807,9.564
9.568,1214.9166666666667,812.6666666666666,0.2505162767095824,0,0.0,0,246.70866458678427,1506.5,856.0,243.82165613415063,917.5,778.5,249.5956730394179,1212.0,817.25,917.5,778.5,1506.5,856.0,blink,2104,1209.0,812.0,807,9.568
9.572,1206.4166666666667,807.4166666666667,0.2581403724381778,0,0.0,0,253.95854659427695,1503.5,853.5,255.7068634198152,902.5,770.5,252.2102297687388,1203.0,812.0,902.5,770.5,1503.5,853.5,blink,2105,1208.0,812.5,807,9.572
9.576,1211.5,811.6666666666667,0.2502421697256611,0,0.0,0,250.39315411250635,1504.5,858.0,247.51767613647317,913.5,773.0,253.26863208853956,1209.0,815.5,913.5,773.0,1504.5,858.0,blink,2106,1206.25,815.5,808,9.576
9.58,1205.75,808.0833333333334,0.2657383202153014,0,0.0,0,252.26456661637877,1498.5,857.5,255.440795488896,906.0,767.5,249.08833774386147,1202.25,812.5,906.0,767.5,1498.5,857.5,blink,2107,1205.25,814.25,809,9.58
9.584,1208.0,815.3333333333334,0.2529934696187399,0,0.0,0,256.0451196818133,1507.0,859.5,250.57733337235436,905.5,780.0,261.51290599127225,1206.25,819.75,905.5,780.0,1507.0,859.5,blink,2108,1206.25,815.5,809,9.584
9.588,1207.6666666666663,809.6666666666667,0.2528760004821964,0,0.0,0,249.8303981740122,1503.5,858.5,257.5616431070434,907.0,770.0,242.099153240981,1205.25,814.25,907.0,770.0,1503.5,858.5,blink,2109,1205.25,818.75,810,9.588
9.592,1209.8333333333333,815.1666666666667,0.2546028311652524,0,0.0,0,256.60130120634045,1508.5,862.0,253.63950796356627,907.5,777.0,259.5630944491146,1208.0,819.5,907.5,777.0,1508.5,862.0,blink,2110,1205.5,819.5,811,9.592
9.596,1204.4166666666663,813.5833333333333,0.2582165857473631,0,0.0,0,251.67412775739007,1499.5,862.5,253.4442739538615,904.0,775.0,249.9039815609187,1201.75,818.75,904.0,775.0,1499.5,862.5,blink,2111,1205.25,819.5,811,9.596
9.6,1207.25,816.5,0.2564767273767653,0,0.0,0,249.8612692514744,1502.0,862.5,250.44959572736389,909.0,780.5,249.27294277558485,1205.5,821.5,909.0,780.5,1502.0,862.5,blink,2112,1205.25,820.75,811,9.6
9.604,1206.9166666666667,816.5833333333333,0.2446104564204191,0,0.0,0,248.0823446374929,1499.0,862.0,256.7800615312645,908.0,780.5,239.38462774372127,1203.5,821.25,908.0,780.5,1499.0,862.0,blink,2113,1204.25,821.25,811,9.604
9.608,1207.75,816.3333333333333,0.248223381909506,0,0.0,0,255.91327873375943,1502.5,865.0,251.5094431626773,908.0,776.5,260.31711430484165,1205.25,820.75,908.0,776.5,1502.5,865.0,blink,2114,1204.25,821.5,811,9.608
9.612,1206.5,818.0,0.252904857946132,0,0.0,0,247.49914641231032,1504.0,863.5,248.58197842965205,904.5,781.0,246.4163143949686,1204.25,822.25,904.5,781.0,1504.0,863.5,blink,2115,1203.5,821.25,811,9.612
9.616,1202.3333333333333,821.75,0.2415818474640764,0,0.0,0,255.73391341804933,1502.5,866.0,253.95472037353431,897.0,786.5,257.51310646256434,1199.75,826.25,897.0,786.5,1502.5,866.0,blink,2116,1199.75,822.25,812,9.616
9.62,1198.25,814.9166666666667,0.2630258338341512,0,0.0,0,248.84979860056228,1495.0,866.5,258.55947091530027,895.0,774.0,239.14012628582432,1195.0,820.25,895.0,774.0,1495.0,866.5,blink,2117,1196.0,822.25,812,9.62
9.624,1196.75,826.75,0.2401821439187111,0,0.0,0,259.4642402843812,1500.5,868.5,260.0192300580863,887.5,793.5,258.90925051067603,1194.0,831.0,887.5,793.5,1500.5,868.5,blink,2118,1196.0,822.0,813,9.624
9.628,1198.5833333333333,816.25,0.2633628841764012,0,0.0,0,248.58898910216277,1494.0,867.5,260.6933063966161,898.0,775.5,236.48467180770933,1196.0,821.5,898.0,775.5,1494.0,867.5,blink,2119,1195.0,822.0,813,9.628
9.632,1200.0833333333337,817.75,0.2514299023214726,0,0.0,0,252.0445159430139,1496.5,864.0,251.79555198613025,900.0,780.0,252.29347989989756,1198.25,822.0,900.0,780.0,1496.5,864.0,blink,2120,1196.0,824.0,814,9.632
9.636,1196.5833333333333,819.25,0.269382201684726,0,0.0,0,245.4218172749272,1492.0,868.0,252.6420392571276,897.0,780.0,238.2015952927268,1194.5,824.0,897.0,780.0,1492.0,868.0,blink,2121,1196.0,824.0,815,9.636
9.64,1198.3333333333337,821.4166666666667,0.248817019649054,0,0.0,0,254.78716607992092,1495.0,866.0,254.78618486880328,898.5,786.0,254.78814729103863,1196.75,826.0,898.5,786.0,1495.0,866.0,blink,2122,1194.5,824.5,815,9.64
9.644,1193.8333333333333,819.5833333333334,0.2588901029869636,0,0.0,0,248.37947695455895,1488.5,865.0,255.63450471327224,894.5,784.0,241.12444919584576,1191.5,824.5,894.5,784.0,1488.5,865.0,blink,2123,1191.5,824.5,816,9.644
9.648,1191.8333333333337,823.0833333333333,0.2622955419523605,0,488.1406047442196,0,249.6112812894674,1489.5,866.5,257.5616431070434,891.0,790.0,241.66091947189145,1190.25,828.25,891.0,790.0,1489.5,866.5,visual intake,2124,1190.25,826.0,817,9.648
9.652,1191.5833333333333,818.75,0.2666398445462226,0,419.26274578125674,0,247.79537432158503,1484.5,864.5,255.440795488896,893.0,784.0,240.149953154274,1188.75,824.25,893.0,784.0,1484.5,864.5,visual intake,2125,1188.75,825.25,817,9.652
9.656,1189.0833333333337,823.5,0.2678112446525519,0,249.99999999991653,0,249.1887905630456,1485.0,866.0,256.4995126701024,889.0,791.5,241.8780684559888,1187.0,828.75,889.0,791.5,1485.0,866.0,visual intake,2126,1188.75,826.25,817,9.656
9.66,1189.4166666666667,819.75,0.2626923508434442,0,475.98581911654674,0,249.4298018248374,1483.0,865.5,260.5551764981844,889.5,785.0,238.3044271514904,1186.25,825.25,889.5,785.0,1483.0,865.5,visual intake,2127,1187.0,825.5,817,9.66
9.664,1192.0833333333333,821.25,0.2628769843925965,0,265.1650429449845,0,248.9873166870572,1487.5,865.0,261.48996156640504,891.0,787.5,236.48467180770933,1189.25,826.25,891.0,787.5,1487.5,865.0,visual intake,2128,1186.25,826.25,817,9.664
9.668,1188.5,820.5833333333333,0.2571852255556779,0,62.500000000006885,0,247.1832860513183,1484.5,863.0,255.63450471327224,887.5,788.0,238.73206738936435,1186.0,825.5,887.5,788.0,1484.5,863.0,visual intake,2129,1186.0,826.25,817,9.668
9.672,1185.5,823.0,0.2695114201297602,0,0.0,0,249.12401005502807,1482.0,865.0,260.49184248263896,883.0,792.0,237.7561776274173,1182.5,828.5,883.0,792.0,1482.0,865.0,blink,2130,1186.0,826.25,817,9.672
9.676,1183.6666666666667,820.9166666666667,0.2691042954504099,0,0.0,0,249.956624791058,1478.0,865.0,262.373779177722,884.0,787.5,237.53947040439405,1181.0,826.25,884.0,787.5,1478.0,865.0,blink,2131,1182.5,827.5,818,9.676
9.68,1189.8333333333337,822.5,0.2678004734987307,0,0.0,0,248.41686866578567,1487.5,865.5,261.5530538915575,886.5,791.0,235.28068344001383,1187.0,828.25,886.5,791.0,1487.5,865.5,blink,2132,1181.25,827.5,819,9.68
9.684,1181.0833333333337,822.3333333333333,0.2647577426008122,0,0.0,0,250.31846289674596,1479.0,863.0,260.37665025881256,877.5,792.0,240.26027553467927,1178.25,827.5,877.5,792.0,1479.0,863.0,blink,2133,1181.0,826.25,819,9.684
9.688,1183.75,820.75,0.268439375344102,0,0.0,0,248.2587804732056,1478.5,863.5,257.2353008434107,884.0,789.0,239.2822601030005,1181.25,826.25,884.0,789.0,1478.5,863.5,blink,2134,1181.25,827.5,819,9.688
9.692,1182.0833333333333,820.5833333333333,0.2732694860550781,0,0.0,0,247.7509789165765,1476.5,865.0,263.2736219221364,882.5,786.5,232.22833591101667,1179.5,825.75,882.5,786.5,1476.5,865.0,blink,2135,1179.5,827.5,819,9.692
9.696,1185.0,826.1666666666666,0.2660460317240993,0,0.0,0,250.55483514840463,1484.0,865.5,264.5467822522134,880.5,797.5,236.5628880445959,1182.25,831.5,880.5,797.5,1484.0,865.5,blink,2136,1181.25,826.25,820,9.696
9.7,1182.1666666666667,822.5,0.2670802838652931,0,0.0,0,244.64128361333783,1480.5,860.5,259.3260495977988,877.0,795.0,229.95651762887692,1178.75,827.75,877.0,795.0,1480.5,860.5,blink,2137,1179.5,827.75,820,9.7
9.704,1184.4166666666667,820.5833333333333,0.2727475820593203,0,0.0,0,245.7824281678081,1480.0,862.5,254.2380773999048,885.0,789.0,237.32677893571133,1182.5,825.75,885.0,789.0,1480.0,862.5,blink,2138,1179.25,830.5,820,9.704
9.708,1181.9166666666667,827.8333333333333,0.2681785825914449,0,312.5000000000344,0,253.2992760808389,1481.5,864.5,267.3162920586772,877.0,801.0,239.2822601030005,1179.25,832.75,877.0,801.0,1481.5,864.5,visual intake,2139,1179.25,829.25,821,9.708
9.712,1182.0,825.8333333333333,0.2686726313832414,0,312.5000000000344,0,246.61637905349005,1480.5,865.0,259.37810239108467,878.0,796.0,233.85465571589543,1179.25,830.5,878.0,796.0,1480.5,865.0,visual intake,2140,1179.25,830.5,821,9.712
9.716,1181.1666666666667,824.5,0.26827294564295,0,125.00000000001377,0,246.27758475520773,1478.5,865.5,259.5573154430443,879.0,793.0,232.9978540673712,1178.75,829.25,879.0,793.0,1478.5,865.5,visual intake,2141,1179.25,831.0,821,9.716
9.72,1183.1666666666667,829.5833333333334,0.2545117318314259,0,0.0,0,252.97305235727143,1483.0,865.5,266.54267950930483,877.5,804.5,239.403425205238,1180.25,835.0,877.5,804.5,1483.0,865.5,blink,2142,1179.25,831.0,821,9.72
9.724,1180.9166666666667,825.8333333333334,0.2574866035400844,0,0.0,0,248.27605667073928,1482.5,866.5,259.43399931389104,876.0,795.5,237.11811402758752,1179.25,831.0,876.0,795.5,1482.5,866.5,blink,2143,1179.25,831.0,821,9.724
9.728,1182.5,827.5,0.2725277298639072,0,125.00000000001377,0,252.4681678651011,1477.5,866.0,267.47897113605023,882.5,799.5,237.45736459415195,1180.0,832.75,882.5,799.5,1477.5,866.0,visual intake,2144,1179.75,831.0,821,9.728
9.732,1177.75,825.1666666666667,0.2500201422897805,0,125.00000000001377,0,247.3896652121888,1479.5,866.0,265.4825794661488,869.0,794.5,229.2967509582288,1174.25,830.25,869.0,794.5,1479.5,866.0,visual intake,2145,1179.25,831.0,821,9.732
9.736,1182.4166666666667,821.5833333333333,0.2700676920994553,0,395.28470752091545,0,245.53585034686927,1475.5,866.5,257.4373710244882,884.0,787.5,233.63432966925043,1179.75,827.0,884.0,787.5,1475.5,866.5,visual intake,2146,1179.75,832.5,821,9.736
9.74,1179.9166666666663,830.75,0.2553534698662052,0,0.0,0,248.12616516015123,1484.5,867.5,265.5447231635379,868.5,804.5,230.70760715676457,1176.5,836.0,868.5,804.5,1484.5,867.5,blink,2147,1176.5,832.0,822,9.74
9.744,1181.25,827.5,0.2562296063689207,0,0.0,0,245.3012427261743,1483.5,869.0,261.6199533674754,876.5,796.0,228.98253208487324,1180.0,832.5,876.5,796.0,1483.5,869.0,blink,2148,1176.5,832.5,823,9.744
9.748,1176.5833333333333,827.0833333333334,0.264299727088675,0,0.0,0,247.02087468748624,1482.0,867.0,266.4807685368684,865.0,797.0,227.56098083810411,1173.5,832.0,865.0,797.0,1482.0,867.0,blink,2149,1174.5,834.75,824,9.748
9.752,1177.0,830.1666666666667,0.2614439838224731,0,0.0,0,247.1026939559938,1480.0,870.5,266.42259663924904,869.0,800.5,227.7827912727386,1174.5,835.5,869.0,800.5,1480.0,870.5,blink,2150,1173.5,832.5,824,9.752
9.756,1175.9166666666667,829.5,0.2660709518446725,0,0.0,0,246.2297141775944,1479.5,870.5,265.42418879974,867.5,799.0,227.03523955544875,1173.5,834.75,867.5,799.0,1479.5,870.5,blink,2151,1173.5,834.0,825,9.756
9.76,1175.6666666666667,826.5,0.2702063393631779,0,0.0,0,246.4548191144954,1481.0,870.5,266.54267950930483,863.5,792.5,226.36695871968595,1172.25,831.5,863.5,792.5,1481.0,870.5,blink,2152,1173.5,834.5,825,9.76
9.764,1177.0833333333337,828.9166666666667,0.2674264842283883,0,0.0,0,247.55445926401356,1484.0,872.0,270.4736586065268,863.5,796.0,224.6352599215003,1173.75,834.0,863.5,796.0,1484.0,872.0,blink,2153,1173.5,834.5,825,9.764
9.768,1177.9166666666667,829.25,0.2491374415299263,0,0.0,0,247.67849103329772,1481.0,871.0,270.5993348107123,866.0,798.0,224.75764725588317,1173.5,834.5,866.0,798.0,1481.0,871.0,blink,2154,1172.5,834.5,825,9.768
9.772,1174.75,832.0833333333333,0.2688205947985517,0,0.0,0,252.2885201657371,1477.5,871.0,271.4719138327205,867.5,802.5,233.10512649875375,1172.5,836.75,867.5,802.5,1477.5,871.0,blink,2155,1172.5,836.75,826,9.772
9.776,1172.5,833.25,0.2696473503519987,0,0.0,0,247.89785040640965,1481.5,874.0,271.59712811441875,857.5,803.0,224.19857269840057,1169.5,838.5,857.5,803.0,1481.5,874.0,blink,2156,1169.5,838.5,826,9.776
9.78,1173.0833333333333,834.25,0.2616647910593957,0,0.0,0,248.5480770951448,1482.0,874.5,274.4102767754881,856.5,804.0,222.6858774148015,1169.25,839.25,856.5,804.0,1482.0,874.5,blink,2157,1169.5,839.25,827,9.78
9.784,1170.1666666666663,835.5,0.265273511163793,0,0.0,0,249.70044496404927,1479.5,875.0,277.4617090699184,853.0,806.5,221.93918085818012,1166.25,840.75,853.0,806.5,1479.5,875.0,blink,2158,1169.25,840.75,827,9.784
9.788,1174.9166666666667,836.25,0.2520444403539316,0,0.0,0,253.09366999727985,1480.5,875.5,273.528791903156,863.5,806.5,232.65854809140367,1172.0,841.0,863.5,806.5,1480.5,875.5,blink,2159,1167.5,841.0,827,9.788
9.792,1170.9166666666667,838.5,0.2560625700111009,0,0.0,0,251.2924967558969,1480.0,875.5,276.52305509667724,855.0,811.0,226.06193841511663,1167.5,843.25,855.0,811.0,1480.0,875.5,blink,2160,1167.25,841.25,827,9.792
9.796,1168.5833333333333,836.3333333333334,0.2391338719878465,0,0.0,0,254.35385601818217,1476.5,875.0,277.8722728161268,853.0,807.5,230.8354392202376,1164.75,841.25,853.0,807.5,1476.5,875.0,blink,2161,1167.25,841.25,827,9.796
9.8,1169.3333333333333,838.0833333333334,0.2706708672483828,0,0.0,0,254.72501234758997,1480.0,877.5,278.5192991517823,854.5,809.0,230.93072554339756,1167.25,843.25,854.5,809.0,1480.0,877.5,blink,2162,1165.0,843.25,828,9.8
9.804,1168.5,834.75,0.2616321580325708,0,0.0,0,253.63172299584545,1475.0,878.0,282.7083302628347,854.0,802.5,224.5551157288562,1164.5,840.25,854.0,802.5,1475.0,878.0,blink,2163,1164.75,841.25,828,9.804
9.808,1168.3333333333333,838.8333333333333,0.2520204759205843,0,0.0,0,253.05207436220664,1480.0,880.0,280.713376952364,850.0,808.5,225.39077177204928,1165.0,844.25,850.0,808.5,1480.0,880.0,blink,2164,1164.5,843.25,828,9.808
9.812,1167.0833333333333,835.0,0.2539792975411055,0,0.0,0,255.30904413602704,1476.0,877.5,285.2805636562014,850.5,804.0,225.33752461585263,1163.25,840.75,850.5,804.0,1476.0,877.5,blink,2165,1163.25,844.25,829,9.812
9.816,1165.1666666666663,841.0833333333333,0.2361457391311314,0,0.0,0,261.9621456494037,1474.0,878.0,289.1712295509358,850.0,813.5,234.7530617478716,1162.0,845.75,850.0,813.5,1474.0,878.0,blink,2166,1162.0,845.0,829,9.816
9.82,1160.5833333333337,839.0833333333333,0.242063841677149,0,0.0,0,264.1468116897115,1473.0,877.5,285.0982286861846,843.0,813.0,243.1953946932384,1158.0,845.25,843.0,813.0,1473.0,877.5,blink,2167,1158.0,845.25,830,9.82
9.824,1155.8333333333333,840.0,0.2491730071035569,0,0.0,0,256.3453021237864,1468.5,878.5,283.9330907097656,837.5,811.5,228.7575135378071,1153.0,845.0,837.5,811.5,1468.5,878.5,blink,2168,1153.0,845.25,830,9.824
9.828,1152.9166666666667,841.9166666666666,0.2491551268092197,0,0.0,0,257.3831273314846,1464.5,878.0,286.0087411251621,835.5,815.5,228.7575135378071,1150.0,846.75,835.5,815.5,1464.5,878.0,blink,2169,1152.0,845.25,831,9.828
9.832,1155.5,839.4166666666667,0.2510674824621296,0,0.0,0,256.58936799718595,1467.0,881.0,284.70335438838794,837.0,809.5,228.475381605984,1152.0,845.25,837.0,809.5,1467.0,881.0,blink,2170,1150.0,846.0,832,9.832
9.836,1151.5,840.4166666666667,0.2371318944465044,0,0.0,0,262.4230322618923,1468.0,881.0,290.99140880788906,828.0,811.0,233.85465571589543,1148.0,846.0,828.0,811.0,1468.0,881.0,blink,2171,1148.0,846.75,832,9.836
9.84,1150.0833333333333,842.5,0.2417081822382333,0,0.0,0,259.05541555600325,1462.0,880.5,291.0755915565577,832.5,814.0,227.03523955544875,1147.25,847.25,832.5,814.0,1462.0,880.5,blink,2172,1147.25,847.0,833,9.84
9.844,1150.3333333333333,840.5833333333333,0.2405783294074843,0,0.0,0,259.53065236573457,1463.0,881.0,288.99826989101507,831.5,813.0,230.0630348404541,1147.25,847.0,831.5,813.0,1463.0,881.0,blink,2173,1147.25,847.0,833,9.844
9.848,1147.1666666666667,843.0,0.2524773239938912,0,0.0,0,256.87897927373893,1459.5,880.0,287.69602013236124,829.0,816.0,226.06193841511663,1144.25,848.0,829.0,816.0,1459.5,880.0,blink,2174,1144.25,847.25,834,9.848
9.852,1144.4166666666667,840.75,0.2438929212260605,0,0.0,0,261.1675114652097,1457.0,880.5,288.9169430822637,826.0,813.0,233.4180798481557,1141.5,846.75,826.0,813.0,1457.0,880.5,blink,2175,1141.5,848.0,834,9.852
9.856,1138.25,843.3333333333334,0.2590914152371248,0,0.0,0,256.82874913438644,1455.0,881.0,284.70335438838794,817.0,817.0,228.9541438803849,1136.0,849.0,817.0,817.0,1455.0,881.0,blink,2176,1138.0,848.5,834,9.856
9.86,1139.5,843.6666666666666,0.2565813057894092,0,0.0,0,256.3453021237864,1454.5,879.5,283.9330907097656,821.5,819.5,228.7575135378071,1138.0,849.5,821.5,819.5,1454.5,879.5,blink,2177,1136.75,848.5,835,9.86
9.864,1138.8333333333337,842.25,0.2454786478292672,0,0.0,0,264.5066272267589,1452.5,880.0,291.6864755178066,821.0,817.0,237.32677893571133,1136.75,848.5,821.0,817.0,1452.5,880.0,blink,2178,1136.0,848.5,835,9.864
9.868,1133.4166666666667,841.0,0.2521190632005734,0,0.0,0,259.95344456592574,1448.5,880.0,288.0017361058784,814.0,813.0,231.9051530259731,1131.25,846.5,814.0,813.0,1448.5,880.0,blink,2179,1131.25,846.75,836,9.868
9.872,1129.5833333333337,840.25,0.2560134131701249,0,0.0,0,261.1622664312055,1445.5,879.5,291.9075196016711,809.0,814.0,230.41701326073996,1127.25,846.75,809.0,814.0,1445.5,879.5,blink,2180,1127.25,846.75,836,9.872
9.876,1129.8333333333337,839.9166666666666,0.2562209000471944,0,0.0,0,258.05563621968616,1445.5,877.5,285.9265639985204,809.0,815.5,230.18470844085192,1127.25,846.5,809.0,815.5,1445.5,877.5,blink,2181,1127.25,846.5,837,9.876
9.88,1127.8333333333337,841.6666666666667,0.266141833814291,0,0.0,0,256.7652056334113,1446.5,880.5,287.9201278132531,805.0,815.0,225.6102834535696,1125.75,847.75,805.0,815.0,1446.5,880.5,blink,2182,1125.75,846.75,837,9.88
9.884,1126.25,839.1666666666667,0.2562663093072417,0,0.0,0,261.4422622795352,1442.0,878.5,286.6304240655552,805.0,813.0,236.25410049351524,1123.5,845.75,805.0,813.0,1442.0,878.5,blink,2183,1123.5,846.5,838,9.884
9.888,1122.0,841.75,0.255019014866672,0,0.0,0,256.51649222684625,1440.0,880.5,288.9169430822637,798.0,815.0,224.1160413714288,1119.0,847.75,798.0,815.0,1440.0,880.5,blink,2184,1119.75,846.0,838,9.888
9.892,1122.0833333333333,840.0833333333333,0.2611075601163748,0,0.0,0,260.8594264256754,1438.0,879.0,288.8390555309306,801.5,813.0,232.8797973204202,1119.75,846.0,801.5,813.0,1438.0,879.0,blink,2185,1119.0,846.0,839,9.892
9.896,1119.9166666666667,839.0,0.2507389533420731,0,0.0,0,259.7251200612725,1434.5,878.5,287.76726707532254,799.0,810.5,231.68297304722245,1116.75,844.5,799.0,810.5,1434.5,878.5,blink,2186,1116.75,846.0,840,9.896
9.9,1118.5,840.0833333333333,0.2672992858513359,0,0.0,0,256.6545963636105,1438.5,879.0,289.691214916849,793.5,813.0,223.61797781037197,1116.0,846.0,793.5,813.0,1438.5,879.0,blink,2187,1116.0,846.0,841,9.9
9.904,1115.5,836.3333333333333,0.2381538859007905,0,0.0,0,263.77714842624243,1432.0,875.0,290.99140880788906,792.5,809.5,236.5628880445959,1112.25,842.25,792.5,809.5,1432.0,875.0,blink,2188,1112.25,844.5,842,9.904
9.908,1113.75,840.25,0.2470221420075762,0,0.0,0,259.4868319131542,1430.5,876.5,289.76197127987655,791.5,815.5,229.21169254643183,1111.0,846.0,791.5,815.5,1430.5,876.5,blink,2189,1112.25,842.25,842,9.908
9.912,1110.4166666666667,835.25,0.2514170663773111,0,0.0,0,266.9068022445833,1426.5,871.5,296.05742686174926,790.0,812.0,237.7561776274173,1108.25,841.75,790.0,812.0,1426.5,871.5,blink,2190,1111.0,841.75,843,9.912
9.916,1114.1666666666667,835.3333333333334,0.2492689415323084,0,0.0,0,258.6357108714536,1425.5,871.5,283.6370920736567,799.0,810.5,233.63432966925043,1112.25,841.0,799.0,810.5,1425.5,871.5,blink,2191,1108.25,841.0,844,9.916
9.92,1110.25,833.3333333333334,0.2515881811699462,0,0.0,0,261.6865553878367,1422.5,871.0,290.1671931835162,792.0,809.5,233.2059175921572,1107.25,840.25,792.0,809.5,1422.5,871.0,blink,2192,1108.25,840.25,845,9.92
9.924,1110.75,834.0,0.2581149622272066,0,0.0,0,258.0708283935727,1422.0,871.0,286.8449058289165,794.0,809.5,229.2967509582288,1108.0,840.25,794.0,809.5,1422.0,871.0,blink,2193,1108.0,840.25,845,9.924
9.928,1110.6666666666667,833.5833333333334,0.2554222606983042,0,0.0,0,259.6431481455573,1419.0,870.0,286.8449058289165,797.5,809.0,232.44139046219803,1108.25,839.5,797.5,809.0,1419.0,870.0,blink,2194,1107.25,840.25,845,9.928
9.932,1105.0,833.6666666666667,0.2588362888599459,0,0.0,0,260.31097023012325,1415.5,868.0,289.691214916849,789.5,813.0,230.93072554339756,1102.5,840.5,789.5,813.0,1415.5,868.0,blink,2195,1103.5,840.25,846,9.932
9.936,1104.0,833.3333333333333,0.2594114187012933,0,0.0,0,254.4719038786336,1412.0,868.0,286.69844785069904,789.5,810.0,222.24535990656813,1100.75,839.0,789.5,810.0,1412.0,868.0,blink,2196,1102.5,839.5,847,9.936
9.94,1106.0833333333337,834.5833333333333,0.2550536560709118,0,0.0,0,256.02335352563546,1414.0,869.0,284.70335438838794,793.0,811.5,227.343352662883,1103.5,840.25,793.0,811.5,1414.0,869.0,blink,2197,1101.0,840.25,847,9.94
9.944,1103.4166666666663,833.25,0.2614285381460357,0,0.0,0,259.9978014931696,1411.5,868.5,287.76726707532254,790.5,810.5,232.22833591101667,1101.0,839.5,790.5,810.5,1411.5,868.5,blink,2198,1100.75,840.25,847,9.944
9.948,1102.25,834.5,0.2559426609624267,0,0.0,0,255.7903160710958,1409.5,869.0,283.5718603811034,790.0,812.0,228.00877176108816,1099.75,840.5,790.0,812.0,1409.5,869.0,blink,2199,1099.75,840.25,847,9.948
9.952,1099.5833333333333,833.75,0.2600770338334744,0,0.0,0,260.1909216145663,1405.0,867.5,288.9169430822637,789.0,813.0,231.46490014686893,1097.0,840.25,789.0,813.0,1405.0,867.5,blink,2200,1097.0,840.25,848,9.952
9.956,1095.6666666666667,833.1666666666666,0.2654905534332059,0,0.0,0,252.8788288072417,1400.5,866.5,281.64161624305456,785.0,812.0,224.1160413714288,1092.75,839.25,785.0,812.0,1400.5,866.5,blink,2201,1096.75,840.25,849,9.956
9.96,1099.4166666666667,834.6666666666666,0.2601990214804136,0,0.0,0,258.4409513499503,1405.0,868.0,288.5619517538652,788.5,814.5,228.31995094603536,1096.75,841.25,788.5,814.5,1405.0,868.0,blink,2202,1095.0,840.25,849,9.96
9.964,1096.75,832.4166666666667,0.2681614448813363,0,0.0,0,255.16807623236667,1405.5,866.0,285.70089254323307,784.5,810.0,224.6352599215003,1095.0,838.0,784.5,810.0,1405.5,866.0,blink,2203,1092.75,839.25,850,9.964
9.968,1091.3333333333333,835.0833333333333,0.2309720036359246,0,0.0,0,269.78645888930293,1402.0,868.0,299.5062603686273,777.0,813.0,240.0666574099785,1089.5,840.5,777.0,813.0,1402.0,868.0,blink,2204,1089.5,838.0,850,9.968
9.972,1089.4166666666667,829.5833333333334,0.2556556173244497,0,0.0,0,253.9389955478267,1395.5,865.5,285.63263118908526,777.5,805.0,222.24535990656813,1086.5,835.25,777.5,805.0,1395.5,865.5,blink,2205,1088.25,837.25,851,9.972
9.976,1090.9166666666663,829.0,0.2747240947146201,0,0.0,0,254.4272469588136,1393.5,864.5,285.63263118908526,783.0,807.0,223.22186272854188,1088.25,835.75,783.0,807.0,1393.5,864.5,blink,2206,1086.75,835.75,852,9.976
9.98,1087.1666666666663,831.8333333333333,0.2406066964478606,0,0.0,0,268.206203652987,1397.5,865.5,290.07929950273945,776.0,809.0,246.3331078032346,1086.75,837.25,776.0,809.0,1397.5,865.5,blink,2207,1086.5,835.75,853,9.98
9.984,1086.25,828.1666666666667,0.2827283650651989,0,0.0,0,253.2573478795789,1390.0,862.5,282.398654387729,778.0,806.0,224.1160413714288,1084.0,834.25,778.0,806.0,1390.0,862.5,blink,2208,1084.0,835.75,854,9.984
9.988,1084.0833333333333,830.75,0.2524326574560138,0,0.0,0,263.0236542114829,1392.5,865.0,291.6864755178066,774.0,808.5,234.3608329051593,1083.25,836.75,774.0,808.5,1392.5,865.0,blink,2209,1083.25,834.75,855,9.988
9.992,1080.5,827.1666666666666,0.2517368677246365,0,0.0,0,259.05112918518927,1386.5,861.0,289.99482754007875,770.5,806.0,228.1074308302998,1078.5,833.5,770.5,806.0,1386.5,861.0,blink,2210,1079.0,834.25,856,9.992
9.996,1080.9166666666663,827.75,0.2616912273640638,0,0.0,0,261.89764247989314,1385.0,861.5,292.7541630788536,773.0,808.0,231.0411218809327,1079.0,834.75,773.0,808.0,1385.0,861.5,blink,2211,1078.5,833.5,857,9.996
10.0,1075.4166666666667,827.3333333333333,0.2548446474837983,0,0.0,0,260.95408882138787,1385.0,861.0,286.5658737533135,763.5,805.5,235.34230388946224,1074.25,833.25,763.5,805.5,1385.0,861.0,blink,2212,1075.75,833.5,858,10.0
10.004,1077.3333333333337,826.1666666666666,0.2771308786806211,0,0.0,0,252.59699111712055,1381.5,860.0,283.70583356709466,770.0,804.5,221.48814866714653,1075.75,832.25,770.0,804.5,1381.5,860.0,blink,2213,1074.25,833.25,859,10.004
10.008,1073.25,829.4166666666667,0.235463795611644,0,0.0,0,262.6601673871338,1382.5,862.0,290.1671931835162,760.5,808.0,235.15314159075143,1071.5,835.0,760.5,808.0,1382.5,862.0,blink,2214,1071.5,833.25,860,10.008
10.012,1070.0833333333333,823.5,0.2691797090224475,0,0.0,0,257.62943866953174,1375.5,859.0,287.563905940923,761.5,803.0,227.69497139814047,1068.5,831.0,761.5,803.0,1375.5,859.0,blink,2215,1068.5,832.25,860,10.012
10.016,1068.5833333333337,828.1666666666666,0.2458081548421621,0,0.0,0,265.76148979245147,1376.5,862.0,291.98801345260733,759.0,805.5,239.5349661322956,1067.75,833.75,759.0,805.5,1376.5,862.0,blink,2216,1068.25,831.0,861,10.016
10.02,1063.0833333333333,821.0,0.2576145315776579,0,0.0,0,258.61962290384184,1370.0,858.0,292.6841300788275,752.0,797.5,224.5551157288562,1061.0,827.75,752.0,797.5,1370.0,858.0,blink,2217,1067.75,828.5,862,10.02
10.024,1068.75,823.1666666666666,0.2492625203702104,0,0.0,0,264.3843354839009,1375.0,856.5,291.0755915565577,761.5,800.5,237.6930794112441,1068.25,828.5,761.5,800.5,1375.0,856.5,blink,2218,1061.0,827.75,862,10.024
10.028,1055.9166666666667,819.9166666666667,0.2576762546072859,0,0.0,0,257.9007751099757,1367.0,858.5,286.50479926172267,742.0,793.5,229.2967509582288,1054.5,826.0,742.0,793.5,1367.0,858.5,blink,2219,1057.5,826.0,862,10.028
10.032,1058.75,818.8333333333333,0.2649587110670603,0,0.0,0,260.34908302261306,1364.5,852.0,287.69602013236124,750.5,798.5,233.00214591286493,1057.5,825.25,750.5,798.5,1364.5,852.0,blink,2220,1056.0,825.25,863,10.032
10.036,1057.5833333333333,818.1666666666667,0.2563809107178663,0,0.0,0,260.78080365375376,1366.5,851.5,291.9075196016711,745.5,797.0,229.6540877058364,1056.0,824.25,745.5,797.0,1366.5,851.5,blink,2221,1054.5,824.25,863,10.036
10.04,1049.25,818.0833333333333,0.2468293818489071,0,0.0,0,264.1823159768012,1360.5,855.0,289.691214916849,735.0,793.5,238.6734170367534,1047.75,824.25,735.0,793.5,1360.5,855.0,blink,2222,1051.0,824.25,864,10.04
10.044,1051.5,814.5833333333334,0.2640500816101063,0,0.0,0,261.64840281943253,1359.5,848.0,287.563905940923,742.5,792.5,235.73289969794203,1051.0,820.25,742.5,792.5,1359.5,848.0,blink,2223,1048.5,821.25,864,10.044
10.048,1045.8333333333333,812.5833333333333,0.2505291030266109,0,0.0,0,262.4882255324338,1357.0,844.0,290.99140880788906,732.0,791.5,233.9850422569785,1044.5,817.75,732.0,791.5,1357.0,844.0,blink,2224,1047.75,820.25,865,10.048
10.052,1049.1666666666667,814.9166666666667,0.2585884689527565,0,0.0,0,261.60790714294285,1360.0,848.5,290.6217472936256,737.0,794.0,232.5940669922601,1048.5,821.25,737.0,794.0,1360.0,848.5,blink,2225,1044.5,819.0,866,10.052
10.056,1035.25,813.1666666666666,0.2432867702890708,0,0.0,0,267.9589400230097,1346.5,847.5,294.06461874900896,723.0,790.5,241.8532612970104,1034.75,819.0,723.0,790.5,1346.5,847.5,blink,2226,1035.5,819.0,866,10.056
10.06,1033.0,812.8333333333333,0.2582065018968853,0,0.0,0,266.3495373995978,1351.5,845.5,289.4995682207488,713.5,792.5,243.19950657844683,1032.5,819.0,713.5,792.5,1351.5,845.5,blink,2227,1034.75,819.0,867,10.06
10.064,1036.4166666666663,810.25,0.2665581283312541,0,0.0,0,258.51316762152226,1345.5,841.0,283.45193596093145,725.5,792.0,233.57439928211312,1035.5,816.5,725.5,792.0,1345.5,841.0,blink,2228,1034.0,817.0,868,10.064
10.068,1034.0,810.5,0.2585105842570143,0,0.0,0,267.2755298682846,1344.5,844.0,293.6818005937719,723.5,787.5,240.8692591427972,1034.0,815.75,723.5,787.5,1344.5,844.0,blink,2229,1032.5,816.5,869,10.068
10.072,1031.8333333333337,810.5,0.2678386016955669,0,0.0,0,261.25862213499886,1345.0,841.5,290.4978485290381,718.0,792.5,232.0193957409596,1031.5,817.0,718.0,792.5,1345.0,841.5,blink,2230,1031.5,815.75,869,10.072
10.076,1029.0833333333333,808.6666666666666,0.2526622801752272,0,0.0,0,266.0486583041191,1341.0,841.0,292.8275943281302,715.5,787.5,239.269722280108,1028.25,814.25,715.5,787.5,1341.0,841.0,blink,2231,1028.25,815.0,870,10.076
10.08,1026.9166666666667,808.25,0.266329846823109,0,0.0,0,264.2603906443954,1337.5,841.0,295.33201655086435,714.5,789.0,233.1887647379264,1026.0,815.0,714.5,789.0,1337.5,841.0,blink,2232,1026.0,814.25,870,10.08
10.084,1019.6666666666666,807.5,0.2598941678950102,0,0.0,0,265.8141161360734,1328.5,839.5,287.6282322721468,711.0,787.0,244.0,1019.75,813.25,711.0,787.0,1328.5,839.5,blink,2233,1020.25,813.25,870,10.084
10.088,1016.5,806.25,0.2551082133136171,0,0.0,0,259.82456320656456,1329.5,839.0,287.2507615307573,702.0,787.5,232.39836488237177,1015.75,813.25,702.0,787.5,1329.5,839.0,blink,2234,1019.75,813.25,871,10.088
10.092,1021.0833333333331,806.3333333333333,0.2626622429509568,0,0.0,0,262.9840850654035,1328.0,836.0,286.69844785069904,712.5,788.5,239.269722280108,1020.25,812.25,712.5,788.5,1328.0,836.0,blink,2235,1016.75,812.25,872,10.092
10.096,1016.9166666666666,806.0,0.2639221785565227,0,0.0,0,259.13160132998684,1325.5,835.5,283.51014091210214,708.0,787.5,234.7530617478716,1016.75,811.5,708.0,787.5,1325.5,835.5,blink,2236,1015.75,812.25,873,10.096
10.1,1011.1666666666669,805.75,0.2673028679607931,0,0.0,0,255.14325289787308,1315.5,834.5,281.40007107319644,706.5,790.0,228.8864347225497,1011.0,812.25,706.5,790.0,1315.5,834.5,blink,2237,1011.0,811.5,874,10.1
10.104,1007.6666666666669,804.5,0.2560316974096744,0,0.0,0,262.7008712016856,1321.0,835.0,284.5698508275253,693.0,786.0,240.8318915758459,1007.0,810.5,693.0,786.0,1321.0,835.0,blink,2238,1009.25,810.5,874,10.104
10.108,1005.25,801.6666666666666,0.2538720229708647,0,0.0,0,254.3064463323911,1317.5,834.0,279.35103364763125,692.5,781.0,229.26185901715093,1005.0,807.5,692.5,781.0,1317.5,834.0,blink,2239,1007.0,807.5,874,10.108
10.112,1009.6666666666669,799.9166666666667,0.2793001766725657,0,0.0,0,251.21651357438748,1316.0,831.5,280.40149785619906,702.5,781.5,222.03152929257595,1009.25,806.5,702.5,781.5,1316.0,831.5,blink,2240,1005.0,806.5,874,10.112
10.116,1005.0,801.0,0.2576305228360047,0,0.0,0,259.0774346476808,1312.0,831.5,284.77535005684746,697.5,781.5,233.37951923851412,1004.75,806.5,697.5,781.5,1312.0,831.5,blink,2241,1004.75,806.5,875,10.116
10.12,997.0,797.3333333333334,0.2647112397726064,0,0.0,0,256.25808086028485,1309.5,832.0,283.2543027034188,684.5,776.0,229.26185901715093,997.0,804.0,684.5,776.0,1309.5,832.0,blink,2242,1000.0,806.25,876,10.12
10.124,1001.25,799.1666666666667,0.2718275925283355,0,0.0,0,250.55767291862625,1305.0,828.5,278.5192991517823,695.0,781.5,222.59604668547013,1000.0,805.0,695.0,781.5,1305.0,828.5,blink,2243,1000.0,806.25,877,10.124
10.128,997.0833333333331,799.8333333333334,0.2722734917778309,0,0.0,0,257.2879156330863,1305.0,830.5,286.2953020920881,688.0,782.0,228.2805291740844,996.5,806.25,688.0,782.0,1305.0,830.5,blink,2244,997.0,806.25,878,10.128
10.132,1000.9166666666669,804.1666666666666,0.2606274998478033,0,0.0,0,260.47465218370223,1310.5,834.0,283.45193596093145,690.5,787.0,237.49736840647307,1000.5,810.5,690.5,787.0,1310.5,834.0,blink,2245,996.5,806.5,879,10.132
10.136,993.0833333333334,799.75,0.2686666709898241,0,0.0,0,256.9045871964271,1301.5,828.5,287.29427422070216,682.0,784.5,226.51490017215204,991.75,806.5,682.0,784.5,1301.5,828.5,blink,2246,993.5,807.75,880,10.136
10.14,994.3333333333331,801.5,0.2622832420096864,0,0.0,0,261.38556652271416,1305.0,833.0,286.44720281406137,682.0,782.5,236.32393023136697,993.5,807.75,682.0,782.5,1305.0,833.0,blink,2247,991.75,807.75,881,10.14
10.144,988.75,801.25,0.2672056960274411,0,0.0,0,251.9884942314198,1293.0,828.5,280.40149785619906,682.5,787.5,223.5754906066405,987.75,808.0,682.5,787.5,1293.0,828.5,blink,2248,991.0,807.25,881,10.144
10.148,991.4166666666669,800.3333333333333,0.2622821070719439,0,0.0,0,257.43747514736333,1299.5,831.5,281.30055101261354,682.5,783.0,233.57439928211312,991.0,807.25,682.5,783.0,1299.5,831.5,blink,2249,987.75,807.25,882,10.148
10.152,987.6666666666669,799.5,0.2758257599681831,0,0.0,0,256.9853891191521,1294.5,829.5,285.2963371654112,680.0,783.0,228.67444107289296,987.25,806.25,680.0,783.0,1294.5,829.5,blink,2250,987.25,807.0,883,10.152
10.156,984.6666666666669,798.8333333333333,0.252373204161446,0,0.0,0,259.42194227658086,1293.0,828.0,282.7083302628347,675.0,781.0,236.13555429032704,984.0,804.5,675.0,781.0,1293.0,828.0,blink,2251,984.0,807.0,884,10.156
10.16,982.0833333333334,800.5833333333333,0.2624385543107019,0,0.0,0,258.4268937080342,1289.5,828.0,287.3412605248331,674.0,786.0,229.5125268912353,981.75,807.0,674.0,786.0,1289.5,828.0,blink,2252,981.75,806.25,884,10.16
10.164,979.5,801.5,0.2435409841162878,0,0.0,0,263.5523602295814,1294.0,831.5,284.5083478564381,664.0,783.5,242.5963726027246,979.0,807.5,664.0,783.5,1294.0,831.5,blink,2253,979.0,804.5,884,10.164
10.168,975.3333333333331,797.1666666666666,0.2660224722819091,0,0.0,0,255.4649767568561,1286.0,828.0,280.25702488965374,664.5,777.5,230.67292862405853,975.25,802.75,664.5,777.5,1286.0,828.0,blink,2254,978.75,807.0,884,10.168
10.172,979.3333333333331,798.0833333333333,0.2683711689542848,0,0.0,0,252.90587456939244,1286.0,827.5,284.3958508839396,671.5,780.0,221.41589825484527,978.75,803.75,671.5,780.0,1286.0,827.5,blink,2255,976.5,807.5,884,10.172
10.176,976.75,801.75,0.2711416575111158,0,0.0,0,257.1914358756453,1282.5,829.0,283.346078144731,670.5,786.5,231.0367936065596,976.5,807.75,670.5,786.5,1282.5,829.0,blink,2256,976.5,806.75,885,10.176
10.18,974.1666666666666,803.1666666666667,0.2656186474019011,0,0.0,0,255.149601813246,1278.5,831.0,285.3436524613785,667.5,789.0,224.95555116511352,973.0,810.0,667.5,789.0,1278.5,831.0,blink,2257,976.5,807.5,885,10.18
10.184,976.5,801.1666666666667,0.2474321667004483,0,0.0,0,256.7976590035255,1284.5,829.0,281.5759222660915,669.0,784.5,232.0193957409596,976.75,806.75,669.0,784.5,1284.5,829.0,blink,2258,973.0,807.75,886,10.184
10.188,971.4166666666669,801.5,0.2664325912447819,0,0.0,0,258.4841153580733,1279.0,829.5,286.2953020920881,663.5,785.5,230.67292862405853,971.25,807.5,663.5,785.5,1279.0,829.5,blink,2259,971.25,809.0,886,10.188
10.192,972.75,805.25,0.2589550226648043,0,0.0,0,256.0262358841778,1282.5,837.0,279.45840477609545,660.0,786.0,232.5940669922601,971.25,811.5,660.0,786.0,1282.5,837.0,blink,2260,971.25,809.0,887,10.192
10.196,970.0,802.8333333333333,0.2647536845882589,0,0.0,0,254.9197385430134,1277.5,835.5,279.4029348450012,662.0,782.5,230.43654224102565,969.75,809.0,662.0,782.5,1277.5,835.5,blink,2261,971.25,810.75,887,10.196
10.2,973.6666666666669,804.5,0.2662923756644573,0,0.0,0,248.9785510494548,1276.5,833.5,277.5211703636319,669.0,788.0,220.43593173527768,972.75,810.75,669.0,788.0,1276.5,833.5,blink,2262,969.75,811.0,887,10.2
10.204,968.75,806.4166666666666,0.2586641992612012,0,0.0,0,252.87846483563948,1273.5,835.5,281.40007107319644,663.0,789.0,224.3568585980825,968.25,812.25,663.0,789.0,1273.5,835.5,blink,2263,968.25,811.0,887,10.204
10.208,967.9166666666669,805.25,0.2633170555104809,0,0.0,0,252.8866366442737,1274.0,836.0,276.2607463973121,662.0,786.0,229.5125268912353,968.0,811.0,662.0,786.0,1274.0,836.0,blink,2264,968.25,812.25,887,10.208
10.212,969.3333333333331,809.3333333333334,0.2701177488421292,0,0.0,0,252.16327337548805,1277.0,836.5,276.2191159206763,659.5,794.0,228.1074308302998,968.25,815.25,659.5,794.0,1277.0,836.5,blink,2265,968.25,815.25,888,10.212
10.216,973.1666666666669,811.0833333333333,0.2672251735675491,0,0.0,0,255.49670031037684,1279.5,842.5,283.2984292226132,665.5,792.0,227.69497139814047,972.5,817.25,665.5,792.0,1279.5,842.5,blink,2266,968.25,817.25,888,10.216
10.22,974.0833333333331,813.3333333333334,0.2701118570996191,0,0.0,0,254.79942421860727,1279.0,842.5,282.29948636155893,669.5,797.0,227.29936207565564,974.25,819.75,669.5,797.0,1279.0,842.5,blink,2267,970.0,818.25,888,10.22
10.224,966.5833333333334,812.0,0.2650079633897862,0,0.0,0,256.6599733767865,1275.5,844.5,281.30055101261354,656.5,792.0,232.0193957409596,966.0,818.25,656.5,792.0,1275.5,844.5,blink,2268,970.0,819.25,889,10.224
10.228,970.0833333333334,812.5833333333333,0.2708261658998277,0,0.0,0,255.08557573360275,1275.0,843.5,280.3016232560918,665.0,795.0,229.8695282111137,970.0,819.25,665.0,795.0,1275.0,843.5,blink,2269,969.0,819.75,889,10.228
10.232,961.0833333333331,815.8333333333334,0.251180387174034,0,0.0,0,260.3348966766522,1275.5,846.5,281.40007107319644,644.5,797.5,239.269722280108,960.0,822.0,644.5,797.5,1275.5,846.5,blink,2270,969.0,819.75,889,10.232
10.236,969.0,814.3333333333333,0.2617360846544064,0,0.0,0,259.31601947346485,1276.5,847.0,285.25251970841555,661.5,792.5,233.37951923851412,969.0,819.75,661.5,792.5,1276.5,847.0,blink,2271,969.0,822.0,890,10.236
10.24,969.3333333333334,818.5,0.26131150178835,0,0.0,0,253.69446392988084,1278.0,848.5,278.30379084734005,660.0,801.0,229.08513701242163,969.0,824.75,660.0,801.0,1278.0,848.5,blink,2272,969.0,824.75,890,10.24
10.244,968.75,819.6666666666666,0.2712901030683203,0,0.0,0,250.44736849400823,1276.0,849.0,280.25702488965374,660.0,803.5,220.63771209836275,968.0,826.25,660.0,803.5,1276.0,849.0,blink,2273,969.0,824.75,891,10.244
10.248,973.0833333333334,819.9166666666667,0.2714526690650673,0,0.0,0,251.42653578756196,1276.0,852.0,280.25702488965374,669.0,801.5,222.59604668547013,972.5,826.75,669.0,801.5,1276.0,852.0,blink,2274,969.0,826.25,891,10.248
10.252,967.5833333333331,818.1666666666666,0.2615306590357413,0,0.0,0,258.213040725796,1277.0,849.0,282.25520367213784,656.0,799.0,234.17087777945403,966.5,824.0,656.0,799.0,1277.0,849.0,blink,2275,972.5,826.75,892,10.252
10.256,976.4166666666669,821.5,0.2796132065259961,0,0.0,0,241.71045572115625,1274.0,848.5,268.2256512714621,680.0,807.5,215.1952601708504,977.0,828.0,680.0,807.5,1274.0,848.5,blink,2276,972.5,826.75,893,10.256
10.26,973.9166666666666,824.5,0.2586722000723259,0,0.0,0,251.81338233896216,1276.5,852.0,277.2598059582384,669.5,809.5,226.36695871968595,973.0,830.75,669.5,809.5,1276.5,852.0,blink,2277,970.0,827.75,894,10.26
10.264,968.9166666666666,820.5833333333333,0.2652655730810257,0,0.0,0,254.40376362147504,1272.5,848.0,275.1817581163403,663.0,805.5,233.62576912660984,967.75,826.75,663.0,805.5,1272.5,848.0,blink,2278,971.75,828.0,895,10.264
10.268,971.3333333333331,821.6666666666666,0.2669425026445993,0,0.0,0,255.0189991104412,1277.5,850.5,277.2183255125822,662.5,805.0,232.81967270830012,970.0,827.75,662.5,805.0,1277.5,850.5,blink,2279,971.75,829.25,895,10.268
10.272,972.8333333333331,823.0833333333334,0.2656782150348599,0,0.0,0,252.73163079713132,1274.5,850.5,275.21991207032966,669.0,808.0,230.24334952393303,971.75,829.25,669.0,808.0,1274.5,850.5,blink,2280,971.75,829.0,895,10.272
10.276,978.6666666666669,824.25,0.2849519288289294,0,0.0,0,246.0442679108039,1278.0,855.0,270.266535109325,679.5,806.0,221.82200071228283,978.75,830.5,679.5,806.0,1278.0,855.0,blink,2281,973.75,829.25,896,10.276
10.28,974.0,823.0,0.2631396197964228,0,0.0,0,250.83910685627936,1277.0,851.5,272.2223356008834,670.5,806.5,229.4558781116753,973.75,829.0,670.5,806.5,1277.0,851.5,blink,2282,978.25,830.5,896,10.28
10.284,979.4166666666669,825.0833333333333,0.2678003182514268,0,0.0,0,245.0773456393582,1273.5,852.5,273.22152184628504,683.0,812.0,216.9331694324314,978.25,832.25,683.0,812.0,1273.5,852.5,blink,2283,978.75,832.25,897,10.284
10.288,980.4166666666666,826.6666666666666,0.2700143868162842,0,0.0,0,248.76266898020225,1277.0,855.5,276.3059898011623,683.5,809.5,221.21934815924217,980.25,832.5,683.5,809.5,1277.0,855.5,blink,2284,979.5,832.5,897,10.288
10.292,979.75,829.5,0.2728670600237234,0,0.0,0,247.2204350027636,1276.5,856.5,273.22152184628504,682.5,814.5,221.21934815924217,979.5,835.5,682.5,814.5,1276.5,856.5,blink,2285,979.5,834.25,897,10.292
10.296,985.6666666666669,830.8333333333333,0.2650744852930717,0,0.0,0,247.85844617909257,1281.0,858.0,276.2607463973121,689.5,816.0,219.45614596087304,985.25,837.0,689.5,816.0,1281.0,858.0,blink,2286,980.25,835.5,897,10.296
10.3,979.5833333333334,829.25,0.2560965558150515,0,0.0,0,250.47604728754,1278.0,857.0,276.181100005051,680.5,811.5,224.770994570029,979.25,834.25,680.5,811.5,1278.0,857.0,blink,2287,979.5,836.0,897,10.3
10.304,985.5,829.3333333333333,0.2835559587474706,0,0.0,0,241.612862874262,1277.5,855.0,269.0669061776271,693.0,818.0,214.15881957089692,985.25,836.5,693.0,818.0,1277.5,855.0,blink,2288,983.25,836.0,898,10.304
10.308,976.5833333333331,829.9166666666667,0.2530110971904087,0,0.0,0,252.3103502416276,1280.0,857.5,272.2223356008834,673.0,814.5,232.39836488237177,976.5,836.0,673.0,814.5,1280.0,857.5,blink,2289,982.75,834.25,899,10.308
10.312,982.5833333333331,827.75,0.272934300999754,0,0.0,0,244.8819934895788,1278.0,852.5,264.2290672882149,688.5,814.5,225.5349196909428,983.25,833.5,688.5,814.5,1278.0,852.5,blink,2290,983.25,836.0,899,10.312
10.316,983.4166666666666,826.6666666666667,0.2685664904992877,0,0.0,0,241.7040059138833,1277.0,851.0,268.26852219371546,688.5,814.0,215.13948963405116,982.75,832.5,688.5,814.0,1277.0,851.0,blink,2291,983.25,835.0,899,10.316
10.32,988.0,829.5,0.2720363015968572,0,0.0,0,240.8609245353254,1279.5,855.0,269.1189328159578,695.0,818.0,212.60291625469296,987.25,836.5,695.0,818.0,1279.5,855.0,blink,2292,983.25,833.5,899,10.32
10.324,986.5,829.4166666666666,0.2653239792363832,0,0.0,0,244.01245435717252,1281.5,855.5,269.1505155113028,692.5,814.5,218.8743932030424,987.0,835.0,692.5,814.5,1281.5,855.5,blink,2293,987.0,834.0,900,10.324
10.328,981.5,827.1666666666666,0.2668023923392845,0,0.0,0,236.71735601605883,1274.5,853.5,263.1539473388153,687.5,813.5,210.2807646933024,981.0,833.5,687.5,813.5,1274.5,853.5,blink,2294,987.25,834.0,901,10.328
10.332,988.1666666666666,828.0,0.281428193558807,0,0.0,0,238.39430486155385,1279.5,854.0,267.1198233003309,696.5,814.0,209.6687864227768,988.0,834.0,696.5,814.0,1279.5,854.0,blink,2295,988.0,834.0,901,10.332
10.336,988.5,827.3333333333333,0.277507773870587,0,0.0,0,238.8370764765449,1280.0,853.5,264.0927867246661,697.5,813.0,213.5813662284236,988.75,833.25,697.5,813.0,1280.0,853.5,blink,2296,988.75,834.0,901,10.336
10.34,989.4166666666666,828.4166666666667,0.276222885162189,0,0.0,0,238.2801443834465,1283.0,855.0,266.12027356065903,697.0,814.5,210.440015206234,990.0,834.75,697.0,814.5,1283.0,855.0,blink,2297,988.75,834.5,901,10.34
10.344,992.75,830.75,0.277839376514419,0,0.0,0,238.4067099920048,1283.5,855.0,269.1189328159578,702.0,819.5,207.6944871680517,992.75,837.25,702.0,819.5,1283.5,855.0,blink,2298,990.0,834.5,901,10.344
10.348,987.0,829.0,0.2674498996749803,0,0.0,0,239.86136977751192,1283.5,855.0,267.1198233003309,690.0,814.0,212.60291625469296,986.75,834.5,690.0,814.0,1283.5,855.0,blink,2299,992.75,834.75,902,10.348
10.352,994.8333333333331,827.5833333333333,0.2747415042551718,0,62.500000000006885,0,236.64823976471547,1283.5,855.0,271.0664125265246,705.5,814.0,202.2300670029064,994.5,834.5,705.5,814.0,1283.5,855.0,visual intake,2300,992.75,834.5,903,10.352
10.356,993.0,829.5833333333334,0.2713685074299403,0,62.500000000006885,0,238.5416775653681,1282.5,855.5,261.15512631384433,705.0,815.5,215.92822881689185,993.75,835.5,705.0,815.5,1282.5,855.5,visual intake,2301,992.5,834.5,903,10.356
10.36,990.1666666666669,827.1666666666667,0.2685164802497793,0,312.5000000000344,0,244.204092324066,1287.5,853.5,269.09106265351886,693.0,812.0,219.31712199461307,990.25,832.75,693.0,812.0,1287.5,853.5,visual intake,2302,993.75,834.5,903,10.36
10.364,992.9166666666669,827.9166666666666,0.2679920139932658,0,124.99999999995826,0,239.008257570972,1283.5,855.0,267.1872002922296,701.5,813.0,210.8293148497144,992.5,834.0,701.5,813.0,1283.5,855.0,visual intake,2303,993.75,835.0,903,10.364
10.368,995.5,829.0833333333334,0.2703381922687481,0,450.6939094330483,0,237.70933846367703,1286.0,858.0,268.1193763979023,704.5,812.0,207.29930052945187,995.25,835.0,704.5,812.0,1286.0,858.0,visual intake,2304,995.25,834.0,903,10.368
10.372,996.1666666666669,829.3333333333334,0.2734402581768174,0,250.00000000002754,0,237.6283987151747,1284.5,857.0,267.1198233003309,707.5,814.0,208.13697413001853,996.0,835.5,707.5,814.0,1284.5,857.0,visual intake,2305,995.25,835.0,903,10.372
10.376,995.75,828.1666666666667,0.2599522300689454,0,62.500000000006885,0,246.88620251016695,1289.5,854.5,271.14940531006147,701.5,812.0,222.62299971027247,995.5,833.25,701.5,812.0,1289.5,854.5,visual intake,2306,995.5,835.0,903,10.376
10.38,993.6666666666666,830.75,0.2720981577863127,0,374.9999999998748,0,241.4203777027602,1285.5,857.0,271.0295186875408,702.0,817.0,211.81123671797965,993.75,837.0,702.0,817.0,1285.5,857.0,visual intake,2307,995.5,833.5,903,10.38
10.384,999.3333333333331,827.0833333333334,0.2738224377037572,0,0.0,0,236.4529254277649,1286.0,854.5,264.2290672882149,711.5,812.5,208.6767835673149,998.75,833.5,711.5,812.5,1286.0,854.5,blink,2308,995.5,833.5,903,10.384
10.388,994.75,826.3333333333333,0.2742902581954698,0,437.5000000000482,0,245.19176726056884,1289.5,853.0,271.0664125265246,699.0,810.0,219.31712199461307,994.25,831.5,699.0,810.0,1289.5,853.0,visual intake,2309,997.25,833.5,903,10.388
10.392,1005.0833333333331,831.6666666666667,0.2758403672150052,0,375.0000000000413,0,233.59661191861903,1289.0,856.5,260.09421369957465,721.5,818.5,207.09901013766336,1005.25,837.5,721.5,818.5,1289.0,856.5,visual intake,2310,998.75,833.5,903,10.392
10.396,997.0833333333331,827.3333333333333,0.2883444083577847,0,0.0,0,238.2517710733738,1290.5,854.5,263.0931394012394,704.0,811.0,213.41040274550815,997.25,832.75,704.0,811.0,1290.5,854.5,blink,2311,1002.5,832.75,904,10.396
10.4,1007.4166666666669,828.9166666666667,0.2852664120253616,0,0.0,0,235.68311283406285,1292.0,855.0,268.1865022703417,723.5,815.5,203.179723397784,1007.75,835.25,723.5,815.5,1292.0,855.0,blink,2312,1002.5,832.75,905,10.4
10.404,1002.3333333333334,826.9166666666667,0.271838198811692,0,0.0,0,234.35839882862737,1290.0,852.0,262.1907702418222,715.0,812.5,206.52602741543257,1002.5,832.25,715.0,812.5,1290.0,852.0,blink,2313,1002.5,832.75,905,10.404
10.408,999.1666666666669,825.0,0.271644453998633,0,125.00000000001377,0,243.03660539824057,1292.5,852.0,265.1207272168662,706.0,808.0,220.9524835796149,999.25,830.0,706.0,808.0,1292.5,852.0,visual intake,2314,1002.5,832.25,905,10.408
10.412,1003.8333333333331,827.1666666666667,0.272490037900254,0,499.99999999983305,0,236.7875249461676,1294.5,854.5,265.0924367084056,714.0,811.5,208.4826131839296,1004.25,833.0,714.0,811.5,1294.5,854.5,visual intake,2315,1000.5,832.25,905,10.412
10.416,999.4166666666669,825.1666666666667,0.2537286013097151,0,336.5728004459435,0,238.54257673461635,1291.5,853.0,259.19297829995315,707.0,807.5,217.89217516927957,999.25,830.25,707.0,807.5,1291.5,853.0,visual intake,2316,999.25,831.75,905,10.416
10.42,1000.0,827.4166666666667,0.2799342198383342,0,187.50000000002066,0,240.8061336476477,1288.5,855.0,269.1858094328154,712.5,810.0,212.42645786248,1000.5,832.5,712.5,810.0,1288.5,855.0,visual intake,2317,999.25,832.5,905,10.42
10.424,996.75,827.25,0.244040087348656,0,0.0,0,239.60280553733864,1287.5,852.0,269.2675249635574,704.5,811.5,209.9380861111199,996.0,831.75,704.5,811.5,1287.5,852.0,blink,2318,999.25,832.5,905,10.424
10.428,997.5,826.4166666666667,0.2660813818910933,0,374.9999999998748,0,238.3444322547562,1288.0,853.5,266.04698833100895,707.5,812.5,210.6418761785035,997.75,833.0,707.5,812.5,1288.0,853.5,visual intake,2319,997.75,832.5,905,10.428
10.432,1006.3333333333331,827.1666666666666,0.2808215340955847,0,187.50000000002066,0,235.9659638013037,1294.0,850.5,264.04734423962685,719.0,817.0,207.8845833629805,1006.5,833.75,719.0,817.0,1294.0,850.5,visual intake,2320,997.75,831.75,905,10.432
10.436,997.25,824.75,0.260374027347962,0,125.00000000001377,0,240.5069100205002,1289.5,852.0,263.1216448717209,705.0,807.5,217.89217516927957,997.25,829.75,705.0,807.5,1289.5,852.0,visual intake,2321,997.75,831.25,905,10.436
10.44,1004.8333333333331,825.1666666666667,0.2699410360288997,0,375.0000000000413,0,237.42466946518385,1291.5,854.0,269.1189328159578,719.0,807.5,205.73040611440985,1005.25,830.75,719.0,807.5,1291.5,854.0,visual intake,2322,999.25,831.25,905,10.44
10.444,997.25,825.3333333333333,0.2618229015097569,0,0.0,0,232.008629609998,1288.0,854.5,258.0949437706985,706.0,808.0,205.92231544929757,997.0,831.25,706.0,808.0,1288.0,854.5,blink,2323,999.25,831.25,905,10.444
10.448,999.3333333333331,824.6666666666667,0.2829419403707435,0,125.00000000001377,0,239.49903961658129,1290.5,854.5,269.1505155113028,708.0,808.0,209.84756372185976,999.25,831.25,708.0,808.0,1290.5,854.5,visual intake,2324,999.75,831.25,905,10.448
10.452,1003.5833333333331,826.4166666666666,0.2724796329174956,0,250.00000000002754,0,241.6825704527566,1293.0,851.5,268.2256512714621,714.5,813.0,215.13948963405116,1003.75,832.25,714.5,813.0,1293.0,851.5,visual intake,2325,999.75,832.25,905,10.452
10.456,1000.4166666666669,827.0,0.2749568423244069,0,187.50000000002066,0,237.58268105755957,1289.5,854.5,269.04646438858845,710.0,811.5,206.11889772653063,999.75,833.0,710.0,811.5,1289.5,854.5,visual intake,2326,999.75,833.0,905,10.456
10.46,1002.75,828.25,0.2703811339648594,0,0.0,0,240.896987265597,1290.5,855.0,273.11719096387907,714.5,814.5,208.6767835673149,1002.5,834.75,714.5,814.5,1290.5,855.0,blink,2327,999.75,833.0,905,10.46
10.464,995.5,827.9166666666667,0.2557628104237062,0,0.0,0,239.53782838186075,1285.0,853.5,266.092089322475,705.5,813.5,212.9835674412465,995.25,833.5,705.5,813.5,1285.0,853.5,blink,2328,997.75,833.0,906,10.464
10.468,997.5833333333331,823.5,0.2727326440462893,0,0.0,0,242.19121355041307,1288.5,849.0,273.11719096387907,707.0,810.5,211.26523613694707,997.75,829.75,707.0,810.5,1288.5,849.0,blink,2329,995.75,831.0,906,10.468
10.472,995.5833333333331,824.9166666666667,0.2561279951914182,0,0.0,0,240.43199205567447,1285.5,853.0,261.19150062741323,706.0,809.0,219.6724834839357,995.75,831.0,706.0,809.0,1285.5,853.0,blink,2330,995.75,831.0,907,10.472
10.476,994.9166666666666,822.8333333333333,0.2693732787523752,0,0.0,0,238.92024628850663,1286.5,851.5,265.04716561397146,704.5,807.0,212.79332696304175,995.5,829.25,704.5,807.0,1286.5,851.5,blink,2331,995.75,831.0,907,10.476
10.48,1003.3333333333334,826.5,0.2782326408889172,0,0.0,0,235.1631825365045,1292.0,852.5,262.0477055804916,716.0,813.0,208.2786594925174,1004.0,832.75,716.0,813.0,1292.0,852.5,blink,2332,995.75,831.0,907,10.48
10.484,993.8333333333334,825.3333333333334,0.2722449821042445,0,257.69410160113216,0,240.51565197117276,1286.0,856.0,264.12118430750684,702.5,806.5,216.91011963483865,994.25,831.25,702.5,806.5,1286.0,856.0,visual intake,2333,996.0,830.0,907,10.484
10.488,995.8333333333334,823.3333333333333,0.2705219757387579,0,0.0,0,242.043626021135,1285.5,852.0,273.0659261057666,706.5,807.5,211.0213259365034,996.0,829.75,706.5,807.5,1285.5,852.0,blink,2334,996.0,830.0,907,10.488
10.492,999.9166666666666,823.75,0.2670389634397695,0,257.69410160101773,0,243.08483016320852,1289.5,848.5,271.2231553536681,709.5,811.5,214.94650497274895,999.5,830.0,709.5,811.5,1289.5,848.5,visual intake,2335,995.0,829.75,907,10.492
10.496,994.75,821.4166666666666,0.2635212816193814,0,0.0,0,241.8711446882077,1285.0,850.0,272.1176216271192,705.0,804.5,211.62466774929615,995.0,827.25,705.0,804.5,1285.0,850.0,blink,2336,995.0,827.75,908,10.496
10.5,995.1666666666666,820.0,0.2657678299098175,0,0.0,0,242.9537043266797,1284.5,848.5,271.14940531006147,705.5,803.0,214.758003343298,995.0,825.75,705.5,803.0,1284.5,848.5,blink,2337,995.0,827.25,909,10.5
10.504,987.4166666666666,822.0,0.260575085239392,0,0.0,0,244.1345965882314,1282.0,852.5,272.1488563268271,692.0,803.0,216.1203368496357,987.0,827.75,692.0,803.0,1282.0,852.5,blink,2338,995.0,825.75,909,10.504
10.508,995.4166666666666,818.0,0.2717095075447834,0,0.0,0,239.10515778430343,1285.5,850.5,269.1505155113028,704.5,798.5,209.0598000573042,995.0,824.5,704.5,798.5,1285.5,850.5,blink,2339,990.0,824.5,910,10.508
10.512,988.6666666666666,813.8333333333333,0.2559107639029617,0,0.0,0,238.8304842773269,1281.0,843.0,262.1221089492453,695.5,796.0,215.5388596054085,988.25,819.5,695.5,796.0,1281.0,843.0,blink,2340,990.0,822.25,910,10.512
10.516,990.0,814.0,0.2785459119367579,0,0.0,0,240.9736851581661,1283.5,843.0,271.1180554666177,696.5,797.0,210.8293148497144,990.0,820.0,696.5,797.0,1283.5,843.0,blink,2341,990.0,820.0,910,10.516
10.52,996.1666666666669,815.3333333333334,0.268665180002068,0,455.0068680800825,0,235.4561772864626,1282.5,844.5,265.1527861441399,708.5,800.0,205.75956842878531,995.5,822.25,708.5,800.0,1282.5,844.5,visual intake,2342,988.25,819.5,911,10.52
10.524,981.5,812.75,0.2584440915365772,0,279.50849718750453,0,241.4167481217036,1277.0,841.5,264.15336454416024,686.0,795.5,218.68013169924697,981.5,818.5,686.0,795.5,1277.0,841.5,visual intake,2343,987.75,818.5,911,10.524
10.528,986.9166666666666,811.75,0.2759291312105799,0,312.49999999989564,0,237.38998728418613,1279.5,840.0,265.1207272168662,696.0,794.5,209.65924735150605,987.75,817.25,696.0,794.5,1279.5,840.0,visual intake,2344,987.75,817.25,911,10.528
10.532,985.6666666666669,809.0833333333334,0.2525363159306761,0,318.68871959958415,0,236.12180942431613,1279.5,839.0,263.1216448717209,691.0,791.0,209.1219739769114,985.25,815.0,691.0,791.0,1279.5,839.0,visual intake,2345,987.5,816.0,911,10.532
10.536,988.6666666666669,809.6666666666666,0.2663163471515035,0,62.500000000006885,0,237.9839186412594,1279.0,837.0,266.12027356065903,700.0,795.0,209.84756372185976,989.5,816.0,700.0,795.0,1279.0,837.0,visual intake,2346,987.75,816.0,911,10.536
10.54,987.4166666666669,809.6666666666666,0.2574015990981183,0,312.5000000000344,0,238.97402437387737,1277.5,838.0,263.1900454044567,697.5,794.0,214.758003343298,987.5,816.0,697.5,794.0,1277.5,838.0,visual intake,2347,988.5,815.0,911,10.54
10.544,988.4166666666669,804.5,0.2753717494494429,0,187.4999999999374,0,238.21486815651457,1279.0,834.5,268.1510768205118,698.0,787.0,208.2786594925174,988.5,810.75,698.0,787.0,1279.0,834.5,visual intake,2348,988.5,814.25,911,10.544
10.548,996.3333333333331,807.5,0.2686461801769101,0,0.0,0,237.62385180708569,1281.0,833.0,266.1879035568671,711.5,795.5,209.0598000573042,996.25,814.25,711.5,795.5,1281.0,833.0,blink,2349,988.5,810.75,912,10.548
10.552,984.6666666666666,801.6666666666666,0.2569054402762774,0,0.0,0,239.18347061426155,1277.5,834.0,265.1886121235224,690.5,780.0,213.17832910500076,984.0,807.0,690.5,780.0,1277.5,834.0,blink,2350,988.5,807.0,912,10.552
10.556,993.4166666666666,800.5833333333333,0.264024045321604,0,0.0,0,237.35497981902287,1281.0,828.5,266.2273464541162,706.0,785.5,208.4826131839296,993.5,807.0,706.0,785.5,1281.0,828.5,blink,2351,992.0,807.0,912,10.556
10.56,986.3333333333331,801.75,0.2519510510307463,0,0.0,0,238.90196703387136,1276.5,830.5,263.2299375071156,695.5,783.5,214.57399656062708,986.0,807.0,695.5,783.5,1276.5,830.5,blink,2352,992.0,807.0,913,10.56
10.564,991.9166666666669,801.25,0.272329089591891,0,0.0,0,236.40617183971807,1281.0,833.0,264.12118430750684,703.0,782.0,208.6911593719293,992.0,807.5,703.0,782.0,1281.0,833.0,blink,2353,992.0,807.0,913,10.564
10.568,992.3333333333331,799.25,0.2798465070663883,0,0.0,0,236.0099665404348,1277.5,829.5,263.1539473388153,707.5,781.0,208.86598574205425,992.5,805.25,707.5,781.0,1277.5,829.5,blink,2354,992.0,807.0,913,10.568
10.572,987.8333333333331,801.0,0.2676740893213359,0,0.0,0,241.2441957453076,1277.5,827.5,271.2231553536681,698.0,783.5,211.26523613694707,987.75,805.5,698.0,783.5,1277.5,827.5,blink,2355,992.0,805.5,913,10.572
10.576,999.5833333333334,802.5833333333333,0.2636834166073333,0,0.0,0,236.98135917249687,1288.5,831.0,265.27155897306443,710.0,787.0,208.6911593719293,999.25,809.0,710.0,787.0,1288.5,831.0,blink,2356,992.5,805.5,913,10.576
10.58,986.8333333333334,797.6666666666666,0.2533364910110111,0,0.0,0,245.3544045473051,1282.5,828.5,273.41177736154674,688.5,777.5,217.29703173306348,985.5,803.0,688.5,777.5,1282.5,828.5,blink,2357,998.75,805.5,914,10.58
10.584,1002.5833333333331,799.9166666666667,0.2662918077245294,0,0.0,0,234.9797367013124,1286.0,827.5,264.2290672882149,720.0,784.5,205.73040611440985,1003.0,806.0,720.0,784.5,1286.0,827.5,blink,2358,999.25,804.5,915,10.584
10.588,998.5833333333334,797.25,0.2765661871533582,0,0.0,0,237.2021936731389,1281.0,823.5,262.15453457836657,716.5,783.5,212.24985276791125,998.75,803.5,716.5,783.5,1281.0,823.5,blink,2359,1003.0,804.5,916,10.588
10.592,1002.5833333333331,799.5,0.2683267671217573,0,0.0,0,235.05582075082864,1284.0,825.0,264.18932605235966,722.0,784.0,205.92231544929757,1003.0,804.5,722.0,784.0,1284.0,825.0,blink,2360,1003.0,804.5,917,10.592
10.596,1007.1666666666666,800.25,0.2679052083561037,0,0.0,0,235.78979762300307,1288.0,825.0,268.3654225119176,726.0,786.0,203.2141727340886,1007.0,805.5,726.0,786.0,1288.0,825.0,blink,2361,1003.0,803.75,917,10.596
10.6,1002.5833333333331,796.3333333333333,0.2637919558266438,0,0.0,0,235.27632656266175,1287.5,821.5,261.43067914841214,718.0,779.0,209.1219739769114,1002.75,800.25,718.0,779.0,1287.5,821.5,blink,2362,1005.5,803.75,918,10.6
10.604,1005.0833333333334,797.8333333333333,0.2725770125997844,0,0.0,0,226.9057624884849,1283.0,822.0,258.2789190003706,728.0,785.5,195.5326059765992,1005.5,803.75,728.0,785.5,1283.0,822.0,blink,2363,1006.5,803.75,919,10.604
10.608,1006.6666666666669,795.5833333333334,0.2583800008279865,0,0.0,0,235.72471323718324,1289.0,820.0,264.12118430750684,724.0,779.5,207.32824216685964,1006.5,799.75,724.0,779.5,1289.0,820.0,blink,2364,1006.5,800.25,920,10.608
10.612,1008.5,797.8333333333333,0.2767204484065637,0,0.0,0,228.99042234192387,1282.5,823.5,257.1575392633862,734.5,784.5,200.8233054204616,1008.5,804.0,734.5,784.5,1282.5,823.5,blink,2365,1007.0,803.25,920,10.612
10.616,1007.8333333333331,793.25,0.2622040556034585,0,0.0,0,228.46352613459783,1282.5,822.5,253.16002844051036,733.0,775.5,203.7670238286853,1007.75,799.0,733.0,775.5,1282.5,822.5,blink,2366,1007.75,803.0,921,10.616
10.62,1007.4166666666669,797.4166666666667,0.2627817540050591,0,0.0,0,231.62427011245595,1283.5,823.0,255.28219679405768,730.5,783.5,207.9663434308542,1007.0,803.25,730.5,783.5,1283.5,823.0,blink,2367,1008.5,803.0,921,10.62
10.624,1016.8333333333334,796.5833333333333,0.2708518244312313,0,0.0,0,229.49938070806277,1292.5,823.5,259.15632348063593,741.0,782.5,199.8424379354896,1016.75,803.0,741.0,782.5,1292.5,823.5,blink,2368,1010.25,803.0,921,10.624
10.628,1010.25,795.4166666666667,0.2561811999120968,0,0.0,0,230.432045642142,1286.0,820.5,260.2325882744127,734.5,781.0,200.6315030098713,1010.25,800.75,734.5,781.0,1286.0,820.5,blink,2369,1016.75,803.0,922,10.628
10.632,1022.6666666666666,798.9166666666667,0.2608023002930847,0,0.0,0,229.0021626720232,1294.0,825.0,260.1230478062257,752.0,783.5,197.88127753782064,1023.0,804.25,752.0,783.5,1294.0,825.0,blink,2370,1019.0,803.0,922,10.632
10.636,1019.0833333333331,794.1666666666667,0.2684499013586232,0,0.0,0,226.60560132709867,1300.0,818.5,250.1619475459847,738.0,780.5,203.0492551082126,1019.0,799.5,738.0,780.5,1300.0,818.5,blink,2371,1023.0,802.5,922,10.636
10.64,1024.5,799.25,0.2570336996942274,0,0.0,0,225.69098381365205,1295.5,824.5,253.09681941897256,754.0,784.5,198.28514820833152,1024.75,804.5,754.0,784.5,1295.5,824.5,blink,2372,1023.0,802.5,923,10.64
10.644,1027.6666666666667,797.0,0.2824521283511288,0,0.0,0,224.73470621055407,1299.5,823.5,255.09606033806168,756.0,781.5,194.3733520830466,1027.75,802.5,756.0,781.5,1299.5,823.5,blink,2373,1024.75,802.5,923,10.644
10.648,1021.5833333333331,793.6666666666666,0.2607719773549971,0,0.0,0,226.00772431023316,1302.0,823.0,254.2833065696606,738.5,774.5,197.7321420508057,1020.25,798.75,738.5,774.5,1302.0,823.0,blink,2374,1027.75,804.5,924,10.648
10.652,1029.5,797.8333333333333,0.2749573983453021,0,0.0,0,223.8113795927773,1300.5,830.5,257.1575392633862,759.0,778.5,190.46521992216847,1029.75,804.5,759.0,778.5,1300.5,830.5,blink,2375,1029.75,804.5,924,10.652
10.656,1036.25,804.0833333333333,0.2640673233039214,0,0.0,0,229.6559783431164,1310.5,826.5,261.43067914841214,762.0,793.5,197.88127753782064,1036.25,810.0,762.0,793.5,1310.5,826.5,blink,2376,1033.0,807.5,924,10.656
10.66,1033.3333333333337,802.0833333333333,0.2795694955240495,0,0.0,0,224.7693041498657,1303.0,824.5,256.1581542719263,763.0,791.0,193.380454027805,1033.0,807.75,763.0,791.0,1303.0,824.5,blink,2377,1036.25,807.75,924,10.66
10.664,1036.6666666666667,802.5833333333333,0.2731188090669053,0,0.0,0,222.45996059399985,1308.0,825.0,252.28555249954368,765.0,790.0,192.634368688456,1036.5,807.5,765.0,790.0,1308.0,825.0,blink,2378,1036.5,809.25,925,10.664
10.668,1038.75,803.5,0.2701269877963985,0,0.0,0,226.9498722110702,1311.5,828.5,259.15632348063593,763.5,790.0,194.74342094150447,1037.5,809.25,763.5,790.0,1311.5,828.5,blink,2379,1037.0,809.25,925,10.668
10.672,1040.8333333333333,804.75,0.2644448766668044,0,0.0,0,229.25063717542005,1312.5,830.0,257.2800031094527,769.5,790.5,201.2212712413874,1041.0,810.25,769.5,790.5,1312.5,830.0,blink,2380,1037.5,810.25,925,10.672
10.676,1037.3333333333333,805.1666666666667,0.2663045027304658,0,0.0,0,222.98053808303155,1309.0,830.0,252.1983346495373,765.0,792.0,193.76274151652584,1037.0,811.0,765.0,792.0,1309.0,830.0,blink,2381,1041.0,810.75,926,10.676
10.68,1044.3333333333333,808.0,0.2615784464504698,0,0.0,0,223.9268924507174,1313.5,837.5,251.0975905897944,776.0,790.5,196.75619431164043,1044.75,814.0,776.0,790.5,1313.5,837.5,blink,2382,1044.75,810.75,926,10.68
10.684,1045.5,805.0,0.2767159864954136,0,0.0,0,223.7316634141473,1316.0,835.5,256.3298656028985,775.0,786.0,191.1334612253961,1045.5,810.75,775.0,786.0,1316.0,835.5,blink,2383,1045.25,811.0,927,10.684
10.688,1045.8333333333333,803.0833333333334,0.280395885539152,0,0.0,0,222.2218825651597,1316.0,833.0,254.2833065696606,774.5,786.0,190.16045856065872,1045.25,809.5,774.5,786.0,1316.0,833.0,blink,2384,1045.25,814.0,928,10.688
10.692,1054.1666666666663,810.0,0.267939911821894,0,0.0,0,225.8101731180064,1321.5,838.5,261.15512631384433,787.0,792.5,190.46521992216847,1054.25,815.5,787.0,792.5,1321.5,838.5,blink,2385,1045.5,813.75,929,10.692
10.696,1044.5,809.0,0.2537253955320023,0,0.0,0,227.0736262191545,1320.0,838.0,256.1952380509833,769.5,792.0,197.9520143873257,1044.75,815.0,769.5,792.0,1320.0,838.0,blink,2386,1045.75,814.5,929,10.696
10.7,1049.75,807.5833333333334,0.2829865963712373,0,0.0,0,224.07167425080053,1319.0,834.5,258.43567865138124,779.5,793.0,189.70766985021984,1049.25,813.75,779.5,793.0,1319.0,834.5,blink,2387,1047.0,815.0,929,10.7
10.704,1046.1666666666667,808.9166666666667,0.2668426629379407,0,0.0,0,223.82797934057064,1319.5,836.5,255.2371446322028,772.0,792.5,192.41881404893857,1045.75,814.5,772.0,792.5,1319.5,836.5,blink,2388,1047.0,815.0,929,10.704
10.708,1047.3333333333333,812.1666666666666,0.2724877508755213,0,0.0,0,225.27516665740075,1317.5,839.0,251.2866888635369,776.5,797.5,199.2636444512646,1047.0,818.25,776.5,797.5,1317.5,839.0,blink,2389,1047.0,816.0,929,10.708
10.712,1053.8333333333333,812.75,0.2683943984910164,0,0.0,0,221.6713144016161,1322.0,844.0,250.0319979522621,787.0,794.5,193.31063085097003,1054.5,819.25,787.0,794.5,1322.0,844.0,blink,2390,1047.0,818.25,930,10.712
10.716,1047.9166666666667,810.0,0.248273509976264,0,0.0,0,228.32648667880488,1324.0,836.0,262.48809496813374,769.0,796.0,194.164878389476,1046.5,816.0,769.0,796.0,1324.0,836.0,blink,2391,1049.5,818.25,930,10.716
10.72,1054.1666666666667,815.5833333333333,0.2561531241690514,0,0.0,0,226.9220751746113,1323.0,842.5,254.159398803192,786.5,800.5,199.68475154603067,1054.75,821.5,786.5,800.5,1323.0,842.5,blink,2392,1053.25,819.25,930,10.72
10.724,1050.6666666666667,809.25,0.2727381390041111,0,0.0,0,223.27212212332236,1321.0,834.0,256.4995126701024,778.0,795.5,190.04473157654223,1049.5,814.75,778.0,795.5,1321.0,834.0,blink,2393,1049.75,817.75,930,10.724
10.728,1053.5833333333333,815.3333333333334,0.2753220558122733,0,0.0,0,223.5182592733784,1320.5,841.0,257.1944789454081,786.0,799.0,189.84203960134855,1053.25,820.0,786.0,799.0,1320.5,841.0,blink,2394,1049.75,820.0,930,10.728
10.732,1051.0,812.0833333333333,0.2783825632100203,0,62.500000000006885,0,222.7445796548253,1320.0,837.0,258.37956575549856,779.5,798.5,187.1095935541521,1049.75,817.75,779.5,798.5,1320.0,837.0,visual intake,2395,1049.5,820.0,931,10.732
10.736,1048.6666666666667,815.9166666666666,0.2659141448632903,0,249.99999999991653,0,225.7630318107405,1320.0,842.0,256.382526705702,775.5,800.0,195.143536915779,1047.75,821.0,775.5,800.0,1320.0,842.0,visual intake,2396,1048.5,820.0,931,10.736
10.74,1048.5,818.25,0.2586589623435932,0,250.00000000002754,0,227.1993651485118,1318.0,844.0,252.1983346495373,779.0,802.5,202.20039564748632,1048.5,823.25,779.0,802.5,1318.0,844.0,visual intake,2397,1048.5,821.0,931,10.74
10.744,1046.75,814.5833333333334,0.2618043461639646,0,62.500000000006885,0,222.3009628156384,1313.5,841.5,253.16002844051036,779.5,797.5,191.44189719076647,1046.5,819.5,779.5,797.5,1313.5,841.5,visual intake,2398,1048.5,821.25,931,10.744
10.748,1049.8333333333333,816.8333333333333,0.2536543336560283,0,125.00000000001377,0,226.21177001261583,1316.5,844.0,257.2800031094527,782.5,799.0,195.143536915779,1049.5,821.5,782.5,799.0,1316.5,844.0,visual intake,2399,1049.0,821.25,931,10.748
10.752,1050.5,815.75,0.2697307848634649,0,437.4999999998539,0,220.27979917711343,1318.5,841.5,253.23901753086943,782.5,801.0,187.3205808233575,1050.5,821.25,782.5,801.0,1318.5,841.5,visual intake,2400,1049.0,819.5,931,10.752
10.756,1049.1666666666667,813.6666666666667,0.272647921076239,0,187.50000000002066,0,220.15509573349655,1315.5,838.5,251.44780770569463,782.5,799.0,188.86238376129853,1049.0,818.75,782.5,799.0,1315.5,838.5,visual intake,2401,1049.0,818.75,931,10.756
10.76,1048.75,811.5,0.2677263241631001,0,125.00000000001377,0,220.16628293968523,1315.0,839.0,250.28783430282823,782.0,793.5,190.04473157654223,1048.5,816.25,782.0,793.5,1315.0,839.0,visual intake,2402,1048.5,818.75,931,10.76
10.764,1038.4166666666663,809.4166666666667,0.2635026254331313,0,0.0,0,221.83733582392955,1313.5,836.5,251.3364279208249,762.5,794.5,192.33824372703415,1038.0,815.5,762.5,794.5,1313.5,836.5,blink,2403,1042.5,816.25,932,10.764
10.768,1043.3333333333337,812.0833333333333,0.2678322442978469,0,0.0,0,217.21036312418727,1310.0,843.0,252.1983346495373,775.0,795.5,182.22239159883728,1042.5,819.25,775.0,795.5,1310.0,843.0,blink,2404,1041.5,816.25,933,10.768
10.772,1041.8333333333333,808.25,0.2682464475096343,0,0.0,0,221.03559360012275,1308.0,832.5,258.43567865138124,774.5,795.5,183.6355085488643,1041.25,814.0,774.5,795.5,1308.0,832.5,blink,2405,1041.5,815.5,933,10.772
10.776,1041.75,811.8333333333334,0.2687940761426701,0,0.0,0,219.233384244198,1308.0,835.5,252.33509466580347,775.0,798.5,186.1316738225926,1041.5,817.0,775.0,798.5,1308.0,835.5,blink,2406,1041.5,814.0,933,10.776
10.78,1045.25,803.6666666666666,0.2630066697505696,0,0.0,0,213.48448427165573,1311.0,828.0,240.40798655618744,779.0,787.5,186.560981987124,1045.0,807.75,779.0,787.5,1311.0,828.0,blink,2407,1041.5,813.5,933,10.78
10.784,1038.0,806.75,0.2610177639606362,0,0.0,0,209.93479514660555,1298.0,830.0,236.30488780387088,777.0,795.0,183.56470248934025,1037.5,812.5,777.0,795.0,1298.0,830.0,blink,2408,1041.5,812.5,933,10.784
10.788,1043.3333333333337,808.25,0.2511185225139934,0,0.0,0,216.537468377552,1304.0,831.0,248.1289987083332,780.5,796.0,184.94593804677083,1042.25,813.5,780.5,796.0,1304.0,831.0,blink,2409,1037.5,812.5,934,10.788
10.792,1037.0,803.6666666666667,0.255251091122965,0,0.0,0,216.77179444826783,1304.0,829.5,248.2438317461282,768.0,789.0,185.29975715040752,1036.0,809.25,768.0,789.0,1304.0,829.5,blink,2410,1036.5,812.5,935,10.792
10.796,1037.3333333333333,807.25,0.2475039192444225,0,0.0,0,220.000607146917,1302.0,832.0,248.39484696748443,771.0,794.5,191.6063673263496,1036.5,813.25,771.0,794.5,1302.0,832.0,blink,2411,1036.0,812.5,935,10.796
10.8,1034.4166666666667,807.5833333333333,0.251675949745888,0,0.0,0,216.78087611251027,1295.5,833.5,247.24481794367296,771.5,791.5,186.3169342813476,1033.5,812.5,771.5,791.5,1295.5,833.5,blink,2412,1033.75,809.25,936,10.8
10.804,1034.25,803.5,0.257360937925746,0,0.0,0,218.30478487493207,1298.5,831.0,249.28898892650676,768.5,787.0,187.3205808233575,1033.5,809.0,768.5,787.0,1298.5,831.0,blink,2413,1033.5,809.0,937,10.804
10.808,1034.25,802.75,0.2506643623693587,0,0.0,0,216.51710583969103,1293.0,829.5,240.25195108468944,774.5,786.0,192.78226059469267,1033.75,807.75,774.5,786.0,1293.0,829.5,blink,2414,1033.5,807.75,937,10.808
10.812,1033.3333333333333,801.0,0.2471141977933364,0,0.0,0,215.0692664471865,1292.5,828.5,237.35627229968037,774.5,784.0,192.78226059469267,1033.5,806.25,774.5,784.0,1292.5,828.5,blink,2415,1033.5,807.5,937,10.812
10.816,1033.25,801.4166666666666,0.2499144741265913,0,0.0,0,215.5063220070761,1297.0,827.5,242.3489220112192,766.5,787.5,188.66372200293304,1031.75,807.5,766.5,787.5,1297.0,827.5,blink,2416,1031.75,806.25,938,10.816
10.82,1029.0833333333333,798.4166666666667,0.2471705609009192,0,0.0,0,213.70193048305373,1289.0,828.5,242.24987100099764,766.5,779.5,185.15398996510984,1027.75,804.0,766.5,779.5,1289.0,828.5,blink,2417,1030.0,804.0,938,10.82
10.824,1029.75,796.5,0.2451345925621774,0,0.0,0,214.17425021136413,1288.0,821.5,240.6013300046365,768.5,780.0,187.7471704180918,1028.25,800.75,768.5,780.0,1288.0,821.5,blink,2418,1030.0,801.0,938,10.824
10.828,1030.5833333333337,795.5,0.2455560460205159,0,0.0,0,213.11226434054151,1288.0,826.0,240.29981273400944,772.0,776.0,185.9247159470736,1030.0,801.0,772.0,776.0,1288.0,826.0,blink,2419,1028.25,800.75,939,10.828
10.832,1029.8333333333333,793.0833333333334,0.2595255046227965,0,0.0,0,218.3889862505288,1291.0,822.0,242.404620418011,769.0,775.5,194.3733520830466,1030.0,798.75,769.0,775.5,1291.0,822.0,blink,2420,1030.0,800.5,939,10.832
10.836,1028.5833333333333,792.3333333333333,0.260469077187065,0,0.0,0,217.8346083134765,1289.5,826.0,245.20399670478457,766.0,768.5,190.46521992216847,1027.75,797.25,766.0,768.5,1289.5,826.0,blink,2421,1030.0,798.75,939,10.836
10.84,1031.0,795.3333333333334,0.2608480915379822,0,0.0,0,215.16106753139377,1291.5,821.0,249.28898892650676,768.5,780.0,181.0331461362808,1030.0,800.5,768.5,780.0,1291.5,821.0,blink,2422,1030.0,798.75,939,10.84
10.844,1034.8333333333333,794.3333333333333,0.2679378642956391,0,0.0,0,215.67505758583465,1293.5,819.5,249.33912649241395,774.0,778.0,182.0109886792553,1033.75,798.75,774.0,778.0,1293.5,819.5,blink,2423,1028.0,798.75,940,10.844
10.848,1029.0,793.9166666666667,0.2432495252418229,0,437.4999999998539,0,217.43221542798244,1290.0,817.0,252.6420392571276,766.0,780.5,182.22239159883728,1028.0,798.75,766.0,780.5,1290.0,817.0,visual intake,2424,1029.75,798.75,941,10.848
10.852,1027.6666666666663,793.3333333333333,0.2514970666303671,0,187.50000000002066,0,219.6146223082157,1285.0,820.0,254.2833065696606,767.5,776.0,184.94593804677083,1026.25,798.0,767.5,776.0,1285.0,820.0,visual intake,2425,1029.75,798.0,941,10.852
10.856,1030.0,792.0833333333333,0.2632525575279031,0,312.5000000000344,0,213.7558797924478,1292.5,821.5,241.16799124261908,767.0,772.0,186.3437683422765,1029.75,796.75,767.0,772.0,1292.5,821.5,visual intake,2426,1029.75,796.75,941,10.856
10.86,1031.9166666666667,792.1666666666667,0.2474288194060258,0,197.6423537605455,0,214.46748763957763,1292.5,815.5,245.7356303021603,772.5,776.5,183.19934497699492,1032.5,796.0,772.5,776.5,1292.5,815.5,visual intake,2427,1030.0,796.0,941,10.86
10.864,1030.9166666666663,790.25,0.268479878089832,0,197.64235376045772,0,214.9813772148457,1291.0,819.0,246.3980519403512,769.0,771.0,183.56470248934025,1030.0,795.0,769.0,771.0,1291.0,819.0,visual intake,2428,1030.25,795.25,941,10.864
10.868,1030.75,790.75,0.2459714684702301,0,250.00000000002754,0,212.4294812179485,1287.0,815.5,246.5866987491418,773.5,775.0,178.27226368675525,1030.25,795.25,773.5,775.0,1287.0,815.5,visual intake,2429,1031.25,795.25,941,10.868
10.872,1033.9166666666667,790.25,0.2490461520844149,0,257.69410160113216,0,215.7272975380045,1294.5,815.0,249.64975465639856,772.0,772.5,181.8048404196104,1033.25,793.75,772.0,772.5,1294.5,815.0,visual intake,2430,1030.25,795.0,941,10.872
10.876,1032.8333333333333,795.4166666666667,0.2453417752341625,0,312.5000000000344,0,210.17344828067047,1286.5,814.5,247.8911051248108,776.0,784.5,172.45579143653018,1031.25,799.5,776.0,784.5,1286.5,814.5,visual intake,2431,1030.25,793.75,941,10.876
10.88,1025.1666666666667,783.75,0.2471290839182259,0,0.0,0,216.5135742957047,1289.0,813.0,246.51977608297477,758.5,763.0,186.50737250843463,1023.75,788.0,758.5,763.0,1289.0,813.0,blink,2432,1027.75,790.0,942,10.88
10.884,1027.8333333333333,781.9166666666666,0.265156081187205,0,0.0,0,212.34135831449177,1289.0,817.0,238.4114091229696,766.5,756.0,186.27130750601395,1027.75,786.5,766.5,756.0,1289.0,817.0,blink,2433,1025.75,788.0,942,10.884
10.888,1027.0,785.1666666666667,0.2530591052541927,0,0.0,0,214.6202758091832,1284.5,810.5,243.90571949013412,767.0,769.5,185.33483212823216,1025.75,790.0,767.0,769.5,1284.5,810.5,blink,2434,1023.75,786.5,942,10.888
10.892,1023.5833333333331,781.5833333333334,0.231571693909898,0,0.0,0,213.4480629011897,1274.5,808.5,246.272207120495,770.5,764.0,180.6239186818844,1022.5,786.25,770.5,764.0,1274.5,808.5,blink,2435,1022.75,786.25,943,10.892
10.896,1022.3333333333334,781.25,0.2414712759115049,0,0.0,0,213.29364965525053,1279.5,807.0,237.68256141332708,766.0,764.5,188.904737897174,1022.75,785.75,766.0,764.5,1279.5,807.0,blink,2436,1022.5,785.75,943,10.896
10.9,1020.1666666666669,778.75,0.2495827425369076,0,0.0,0,211.44015707963268,1275.0,805.5,246.73264883269908,765.0,762.0,176.14766532656628,1020.0,783.75,765.0,762.0,1275.0,805.5,blink,2437,1022.25,783.75,944,10.9
10.904,1023.0833333333331,773.0833333333333,0.258993006544688,0,0.0,0,209.73499845429853,1276.0,800.5,240.6013300046365,768.5,754.5,178.86866690396056,1022.25,777.5,768.5,754.5,1276.0,800.5,blink,2438,1020.0,777.5,944,10.904
10.908,1011.9166666666669,768.8333333333333,0.2479072897396135,0,0.0,0,212.0434334167053,1261.5,800.0,245.98577194626523,760.0,748.0,178.10109488714548,1010.75,774.0,760.0,748.0,1261.5,800.0,blink,2439,1010.75,775.0,944,10.908
10.912,1008.8333333333334,764.5833333333333,0.2499052870625445,0,0.0,0,210.12546332928773,1258.0,795.5,242.90944814889357,757.5,743.5,177.341478509682,1007.75,769.5,757.5,743.5,1258.0,795.5,blink,2440,1010.5,774.0,945,10.912
10.916,1010.5833333333331,770.6666666666667,0.263762469759782,0,0.0,0,209.99872865063784,1259.5,793.5,241.9132075766017,760.5,756.5,178.08424972467387,1010.0,775.0,760.5,756.5,1259.5,793.5,blink,2441,1010.0,769.5,946,10.916
10.92,1010.9166666666669,763.6666666666667,0.2666333870276738,0,0.0,0,208.91364711969115,1259.0,791.5,244.4606307772276,762.0,746.0,173.3666634621547,1010.5,768.75,762.0,746.0,1259.0,791.5,blink,2442,1008.5,768.75,947,10.92
10.924,1008.5833333333331,762.75,0.2645599698523213,0,0.0,0,205.06512931837537,1254.0,791.5,236.76359517459605,763.0,744.0,173.3666634621547,1008.5,767.75,763.0,744.0,1254.0,791.5,blink,2443,1008.5,767.75,947,10.924
10.928,1005.8333333333331,754.9166666666666,0.271862523751085,0,0.0,0,214.6011403852689,1254.5,790.5,237.76038357977131,757.5,730.5,191.44189719076647,1006.0,760.5,757.5,730.5,1254.5,790.5,blink,2444,1006.0,761.5,948,10.928
10.932,1002.75,756.6666666666666,0.2517400661424576,0,0.0,0,208.2291546683694,1246.5,786.0,236.2223528796545,757.5,737.0,180.23595645708437,1002.0,761.5,757.5,737.0,1246.5,786.0,blink,2445,1003.5,760.5,948,10.932
10.936,1000.9166666666669,750.5,0.2513424626071762,0,0.0,0,210.7711384885721,1248.5,782.0,231.70023737579555,754.0,729.0,189.84203960134855,1001.25,755.5,754.0,729.0,1248.5,782.0,blink,2446,1002.0,755.5,948,10.936
10.94,1003.25,750.1666666666667,0.2570792349470034,0,0.0,0,207.1422322574718,1249.5,781.0,231.70023737579555,757.5,729.0,182.58422713914803,1003.5,755.0,757.5,729.0,1249.5,781.0,blink,2447,1001.25,755.0,949,10.94
10.944,1001.1666666666669,745.6666666666667,0.2684030545331186,0,0.0,0,204.96096862694804,1246.5,779.5,235.76683396949625,754.5,722.5,174.1551032843999,1000.5,751.0,754.5,722.5,1246.5,779.5,blink,2448,1000.5,751.0,950,10.944
10.948,998.25,742.0,0.2858113706400463,0,0.0,0,214.06627783503475,1245.5,776.5,243.74166652421167,752.0,720.0,184.39088914585776,998.75,748.25,752.0,720.0,1245.5,776.5,blink,2449,999.5,749.75,951,10.948
10.952,999.1666666666669,743.4166666666666,0.2841999382894198,0,0.0,0,210.07477256028284,1239.0,769.5,242.46443038103547,760.0,730.0,177.68511473953018,999.5,749.75,760.0,730.0,1239.0,769.5,blink,2450,998.75,748.25,951,10.952
10.956,992.8333333333331,742.0833333333333,0.274808601228437,0,0.0,0,206.65353381162663,1233.5,771.0,235.41665191740367,753.0,723.5,177.89041570584965,993.25,747.25,753.0,723.5,1233.5,771.0,blink,2451,993.5,747.75,952,10.956
10.96,992.9166666666669,741.25,0.2753852569616525,0,0.0,0,207.0409193409779,1235.0,767.5,238.3547775900454,749.0,728.0,175.72706109191037,992.0,747.75,749.0,728.0,1235.0,767.5,blink,2452,993.25,747.25,953,10.96
10.964,992.6666666666669,739.5,0.2772823625307777,0,0.0,0,204.59707954460163,1234.5,764.5,233.25951213187423,752.5,727.0,175.93464695732902,993.5,745.75,752.5,727.0,1234.5,764.5,blink,2453,992.0,745.75,953,10.964
10.968,985.8333333333334,729.3333333333333,0.285722743832489,0,0.0,0,204.80105398790283,1224.0,760.5,232.26062946612367,748.5,710.5,177.341478509682,986.25,735.5,748.5,710.5,1224.0,760.5,blink,2454,988.0,737.25,954,10.968
10.972,986.1666666666666,729.3333333333333,0.2931938251057203,0,0.0,0,207.0717040083752,1224.0,760.5,230.1760196023904,752.0,709.0,183.96738841436,988.0,734.75,752.0,709.0,1224.0,760.5,blink,2455,988.0,736.0,955,10.972
10.976,984.1666666666669,731.6666666666666,0.2878441671819747,0,0.0,0,204.09622556888536,1224.5,756.5,237.35627229968037,747.5,718.0,170.83617883809038,986.0,737.25,747.5,718.0,1224.5,756.5,blink,2456,986.75,735.5,955,10.976
10.98,987.0,730.25,0.2844069427167771,0,0.0,0,206.46702810679503,1224.0,759.0,232.3101375317057,753.5,713.0,180.6239186818844,988.75,736.0,753.5,713.0,1224.0,759.0,blink,2457,986.75,734.75,955,10.98
10.984,985.6666666666666,726.6666666666667,0.3028565350471182,0,0.0,0,205.5914983483008,1227.0,756.0,240.13329631685812,746.5,709.5,171.04970037974343,986.75,732.75,746.5,709.5,1227.0,756.0,blink,2458,986.0,732.75,956,10.984
10.988,978.5,720.1666666666667,0.2833605503336677,0,0.0,0,207.0129849980884,1220.0,752.0,236.13555429032704,741.0,700.5,177.89041570584965,980.5,726.25,741.0,700.5,1220.0,752.0,blink,2459,981.0,731.0,956,10.988
10.992,980.1666666666666,724.75,0.2848777820766631,0,0.0,0,201.40739692614767,1213.5,744.5,237.25513693068905,747.5,717.5,165.55965692160635,980.5,731.0,747.5,717.5,1213.5,744.5,blink,2460,980.5,726.25,956,10.992
10.996,979.5833333333334,716.6666666666666,0.2880671744411032,0,0.0,0,195.1417583642969,1214.5,734.0,227.03523955544875,747.5,709.5,163.24827717314508,981.0,721.75,747.5,709.5,1214.5,734.0,blink,2461,980.5,721.75,956,10.996
11.0,976.3333333333334,716.1666666666667,0.2723542355332405,0,0.0,0,200.47681710379203,1210.0,738.5,226.0022123785517,747.0,704.0,174.9514218290323,978.5,721.25,747.0,704.0,1210.0,738.5,blink,2462,978.5,721.25,956,11.0
11.004,973.8333333333331,710.75,0.2819973121158373,0,0.0,0,197.62527531370503,1208.0,732.5,226.0022123785517,744.0,698.5,169.24833824885843,976.0,715.5,744.0,698.5,1208.0,732.5,blink,2463,976.0,715.75,956,11.004
11.008,973.5833333333331,710.5,0.2833748242429634,0,0.0,0,197.59116620347976,1208.0,732.0,222.00900882621855,743.0,699.5,173.1733235807409,975.5,715.75,743.0,699.5,1208.0,732.0,blink,2464,975.5,715.5,957,11.008
11.012,970.9166666666669,708.0833333333333,0.2777179204333119,0,0.0,0,196.2041066601925,1201.5,730.5,221.0022624318584,744.0,696.0,171.40595088852663,972.75,713.25,744.0,696.0,1201.5,730.5,blink,2465,972.75,713.25,958,11.012
11.016,966.9166666666669,704.75,0.2705045900396324,0,0.0,0,193.69309717140925,1201.5,728.0,215.0,737.5,693.0,172.38619434281853,969.5,710.5,737.5,693.0,1201.5,728.0,blink,2466,969.5,710.5,958,11.016
11.02,967.9166666666669,699.1666666666666,0.2711498738864886,0,0.0,0,197.69309717140925,1197.5,722.0,223.0,741.5,687.0,172.38619434281853,969.5,704.5,741.5,687.0,1197.5,722.0,blink,2467,969.5,704.5,958,11.02
11.024,962.6666666666669,696.5833333333334,0.2713374936803431,0,0.0,0,197.15469357895813,1194.0,718.0,218.0,735.5,685.0,176.30938715791623,964.75,701.5,735.5,685.0,1194.0,718.0,blink,2468,965.5,701.5,958,11.024
11.028,962.0,695.8333333333333,0.2631595154289207,0,0.0,0,197.8981175270776,1193.0,721.0,222.00900882621855,733.5,681.5,173.78722622793657,963.25,701.25,733.5,681.5,1193.0,721.0,blink,2469,964.75,701.25,959,11.028
11.032,964.5,695.5833333333333,0.2735741531689281,0,0.0,0,195.3733166791395,1193.5,717.0,225.00888871331284,737.5,685.0,165.73774464496614,965.5,701.0,737.5,685.0,1193.5,717.0,blink,2470,964.75,701.0,959,11.032
11.036,963.75,688.4166666666667,0.2897303710693124,0,0.0,0,194.6966266019715,1191.5,712.5,223.0201784592596,738.0,675.0,166.37307474468338,964.75,693.75,738.0,675.0,1191.5,712.5,blink,2471,964.75,693.75,960,11.036
11.04,962.5,688.9166666666667,0.2739319290347367,0,0.0,0,195.71842590963357,1187.5,710.0,217.00921639414304,743.0,677.5,174.42763542512407,965.25,693.75,743.0,677.5,1187.5,710.0,blink,2472,964.75,693.75,961,11.04
11.044,961.25,685.0,0.2734719871154184,0,0.0,0,201.4358196023653,1187.5,707.5,223.0022421411946,738.5,673.0,179.86939706353607,963.0,690.25,738.5,673.0,1187.5,707.5,blink,2473,964.5,690.25,962,11.044
11.048,961.25,685.1666666666667,0.2663022558350461,0,0.0,0,194.81623394174989,1189.0,705.5,216.0208323287363,737.5,675.0,173.61163555476344,963.25,690.25,737.5,675.0,1189.0,705.5,blink,2474,964.0,690.25,963,11.048
11.052,962.75,682.0833333333333,0.2634746174320451,0,0.0,0,197.13322000093464,1189.0,703.5,220.0022727155336,740.0,671.0,174.26416728633572,964.5,687.25,740.0,671.0,1189.0,703.5,blink,2475,963.25,687.25,964,11.052
11.056,963.0,680.9166666666667,0.2759344643112222,0,0.0,0,193.38906760879664,1185.0,701.5,220.05681084665383,743.0,670.0,166.7213243709394,964.0,685.75,743.0,670.0,1185.0,701.5,blink,2476,963.75,685.75,965,11.056
11.06,958.1666666666669,677.75,0.2681836092186523,0,0.0,0,198.47592831829104,1181.0,701.0,222.00900882621855,739.5,666.0,174.94284781036347,960.25,683.5,739.5,666.0,1181.0,701.0,blink,2477,963.75,683.5,966,11.06
11.064,962.0833333333331,677.9166666666666,0.280090850035681,0,0.0,0,193.77531050013917,1182.5,695.0,219.036526634258,745.0,669.5,168.51409436602032,963.75,682.25,745.0,669.5,1182.5,695.0,blink,2478,960.75,682.25,966,11.064
11.068,958.4166666666666,675.25,0.2761071311071943,0,0.0,0,191.68986405929635,1178.0,692.5,216.0208323287363,743.5,667.0,167.35889578985635,960.75,679.75,743.5,667.0,1178.0,692.5,blink,2479,960.25,679.75,966,11.068
11.072,956.6666666666666,675.25,0.2829351729301316,0,0.0,0,194.04104140472003,1175.0,690.0,224.0089283934906,741.0,669.0,164.07315441594946,958.0,679.5,741.0,669.0,1175.0,690.0,blink,2480,958.0,679.5,966,11.072
11.076,953.0833333333331,670.6666666666666,0.2674809093683228,0,0.0,0,191.016479809062,1170.5,687.5,213.0211257129208,740.5,663.0,169.01183390520322,955.5,675.25,740.5,663.0,1170.5,687.5,blink,2481,957.0,675.25,966,11.076
11.08,954.9166666666669,670.0,0.2830882988998029,0,0.0,0,196.85230199588585,1173.5,686.0,223.00896842952304,740.5,662.0,170.69563556224864,957.0,674.0,740.5,662.0,1173.5,686.0,blink,2482,955.5,674.0,967,11.08
11.084,953.4166666666669,665.5,0.2689855601457266,0,0.0,0,192.7002174729272,1170.5,681.5,227.00220263248548,738.5,658.5,158.39823231336896,954.5,670.0,738.5,658.5,1170.5,681.5,blink,2483,955.0,670.0,968,11.084
11.088,953.8333333333331,663.4166666666667,0.263541137367097,0,0.0,0,185.7093540707922,1166.5,679.0,211.03791128610044,743.5,656.5,160.3807968554839,955.0,667.75,743.5,656.5,1166.5,679.0,blink,2484,954.5,667.75,968,11.088
11.092,952.1666666666669,663.5,0.275766386643668,0,0.0,0,189.71721422211448,1167.5,681.0,221.03619613086,739.5,654.5,158.39823231336896,953.5,667.75,739.5,654.5,1167.5,681.0,blink,2485,953.5,667.75,969,11.092
11.096,948.4166666666669,661.6666666666667,0.2739461071593664,0,0.0,0,187.2407747888991,1163.0,679.0,216.08331726442927,736.5,653.5,158.39823231336896,949.75,666.25,736.5,653.5,1163.0,679.0,blink,2486,950.5,666.25,970,11.096
11.1,948.6666666666666,661.8333333333333,0.2679966742066875,0,0.0,0,193.5586052821673,1165.0,675.5,222.02026934494063,736.0,656.5,165.0969412193939,950.5,666.0,736.0,656.5,1165.0,675.5,blink,2487,949.75,666.0,971,11.1
11.104,946.25,658.5,0.2716246983268477,0,0.0,0,192.482872929665,1159.0,673.0,218.08255317654368,737.5,653.5,166.88319268278636,948.25,663.25,737.5,653.5,1159.0,673.0,blink,2488,948.25,663.25,972,11.104
11.108,945.25,656.25,0.2796876260431628,0,0.0,0,184.3431988189216,1153.5,671.0,211.0,740.0,650.5,157.6863976378432,946.75,660.75,740.0,650.5,1153.5,671.0,blink,2489,948.25,660.75,972,11.108
11.112,945.8333333333331,655.3333333333334,0.268762232851046,0,0.0,0,191.38072062820072,1157.0,670.0,218.14673960433143,739.5,649.5,164.61470165206995,948.25,659.75,739.5,649.5,1157.0,670.0,blink,2490,946.75,659.75,973,11.112
11.116,941.5833333333331,653.1666666666667,0.2725133773520811,0,0.0,0,186.7081872644743,1151.0,666.0,216.0092590608097,735.0,648.5,157.40711546813887,943.0,657.25,735.0,648.5,1151.0,666.0,blink,2491,943.0,657.25,974,11.116
11.12,941.5,649.8333333333333,0.2854912589061325,0,0.0,0,182.7325130698431,1151.0,663.5,212.0212253525576,734.0,646.5,153.44380078712857,942.5,655.0,734.0,646.5,1151.0,663.5,blink,2492,942.5,655.0,974,11.12
11.124,939.1666666666666,649.25,0.2742385508001624,0,0.0,0,184.137279290337,1147.0,658.5,208.0216334903656,737.5,647.0,160.25292509030842,942.25,652.75,737.5,647.0,1147.0,658.5,blink,2493,942.5,652.75,974,11.124
11.128,940.25,646.1666666666667,0.27974244719652,0,0.0,0,182.8431988189216,1149.0,660.0,208.0,735.0,640.5,157.6863976378432,942.0,650.25,735.0,640.5,1149.0,660.0,blink,2494,942.25,651.0,975,11.128
11.132,940.75,646.75,0.2846088854191267,0,0.0,0,181.700335661625,1152.5,659.5,205.00243900988104,733.5,642.5,158.39823231336896,943.0,651.0,733.5,642.5,1152.5,659.5,blink,2495,942.0,650.25,975,11.132
11.136,935.4166666666666,645.25,0.2808544418216923,0,0.0,0,182.5812832555182,1143.5,653.5,209.00239233080563,731.5,645.5,156.16017418023074,937.5,649.5,731.5,645.5,1143.5,653.5,blink,2496,941.0,649.5,975,11.136
11.14,937.5,641.9166666666666,0.2962027520775391,0,0.0,0,176.16497352550593,1141.5,653.5,201.0024875467963,738.0,638.0,151.32745950421557,939.75,645.75,738.0,638.0,1141.5,653.5,blink,2497,940.5,647.0,976,11.14
11.144,938.75,643.1666666666667,0.2884272851027017,0,0.0,0,182.3574663554441,1145.5,653.0,207.0,736.5,640.5,157.71493271088823,941.0,646.75,736.5,640.5,1145.5,653.0,blink,2498,939.75,646.75,977,11.144
11.148,938.0833333333331,642.75,0.2983286694713604,0,0.0,0,181.6067312855504,1143.0,654.5,206.0606706773517,738.0,639.5,157.15279189374905,940.5,647.0,738.0,639.5,1143.0,654.5,blink,2499,940.5,645.75,977,11.148
11.152,934.8333333333331,639.5833333333333,0.2934570903475955,0,0.0,0,180.58130659505588,1137.5,648.5,205.00243900988104,736.5,638.5,156.16017418023074,937.0,643.5,736.5,638.5,1137.5,648.5,blink,2500,940.5,645.75,977,11.152
11.156,939.6666666666666,642.0,0.2833775730114939,0,0.0,0,178.37935019320923,1144.0,651.0,202.03960007879644,740.5,640.5,154.719100307622,942.25,645.75,740.5,640.5,1144.0,651.0,blink,2501,940.5,643.5,978,11.156
11.16,932.6666666666666,637.25,0.2970887136521292,0,0.0,0,183.87011301027135,1134.5,644.5,213.0211257129208,735.5,637.5,154.719100307622,935.0,641.0,735.5,637.5,1134.5,644.5,blink,2502,937.25,641.25,978,11.16
11.164,937.75,635.6666666666667,0.288463162322379,0,0.0,0,177.2239174794467,1138.5,642.5,199.0226117806718,743.0,635.5,155.4252231782216,940.75,639.0,743.0,635.5,1138.5,642.5,blink,2503,937.75,641.25,979,11.164
11.168,934.6666666666669,637.5,0.3000599626953348,0,0.0,0,177.34358372912175,1137.5,646.5,205.0609665440988,737.0,636.0,149.6262009141447,937.25,641.25,737.0,636.0,1137.5,646.5,blink,2504,937.75,641.0,979,11.168
11.172,936.0833333333331,638.5833333333333,0.2806592503613317,0,0.0,0,180.0777918621518,1142.0,648.0,208.08652046684813,733.5,637.0,152.0690632574555,937.75,642.5,733.5,637.0,1142.0,648.0,blink,2505,939.0,639.0,980,11.172
11.176,935.25,634.6666666666666,0.286452968177961,0,0.0,0,180.59668782410765,1137.5,640.5,201.06217943710843,740.5,635.5,160.13119621110684,939.0,638.0,740.5,635.5,1137.5,640.5,blink,2506,939.0,638.0,981,11.176
11.18,938.3333333333334,633.4166666666667,0.2870069804388481,0,0.0,0,179.55482242835745,1138.0,640.5,204.0612653102004,744.0,633.0,155.04837954651444,941.0,636.75,744.0,633.0,1138.0,640.5,blink,2507,940.75,636.75,982,11.18
11.184,938.0833333333331,632.0833333333333,0.2830603454572142,0,0.0,0,179.52506251792687,1139.5,639.5,203.1206537996567,742.5,631.5,155.92947123619703,941.0,635.5,742.5,631.5,1139.5,639.5,blink,2508,940.75,636.0,983,11.184
11.188,937.8333333333331,631.5833333333333,0.2899972140250334,0,0.0,0,178.9956714743995,1137.0,636.5,202.06187171260197,744.5,633.5,155.92947123619703,940.75,635.0,744.5,633.5,1137.0,636.5,blink,2509,940.75,636.0,983,11.188
11.192,933.9166666666669,632.0833333333333,0.2772825934926332,0,0.0,0,177.18343227334253,1135.5,639.0,203.03940504246955,738.0,633.0,151.32745950421557,936.75,636.0,738.0,633.0,1135.5,639.0,blink,2510,940.75,635.5,983,11.192
11.196,938.25,633.8333333333334,0.2836733744498182,0,0.0,0,178.99099883012312,1136.5,637.5,207.02173798903345,745.0,637.5,150.9602596712128,940.75,637.5,745.0,637.5,1136.5,637.5,blink,2511,938.75,635.0,984,11.196
11.2,935.75,630.3333333333334,0.2726739436535126,0,0.0,0,181.04024619763663,1135.0,637.0,206.0388312915796,742.5,630.0,156.0416611036937,938.75,633.5,742.5,630.0,1135.0,637.0,blink,2512,938.75,634.0,985,11.2
11.204,934.1666666666669,630.0833333333333,0.2888694610607096,0,0.0,0,178.78494676674725,1130.5,633.5,203.0221662774782,743.0,634.5,154.5477272560163,936.75,634.0,743.0,634.5,1130.5,633.5,blink,2513,939.25,633.5,985,11.204
11.208,936.8333333333331,628.25,0.2869121981544591,0,0.0,0,178.87779666742955,1134.0,636.5,204.02205763103169,744.5,625.5,153.73353570382747,939.25,631.0,744.5,625.5,1134.0,636.5,blink,2514,939.25,633.0,985,11.208
11.212,938.5833333333331,628.6666666666667,0.2820810355704933,0,0.0,0,171.7398820203528,1134.0,635.5,198.0631212517868,747.5,630.5,145.41664278891878,940.75,633.0,747.5,630.5,1134.0,635.5,blink,2515,940.5,631.0,986,11.212
11.216,937.5,625.8333333333333,0.2767371302061969,0,197.6423537605455,0,179.65427790850362,1134.5,631.0,201.03979705520996,746.5,627.0,158.26875876179733,940.5,629.0,746.5,627.0,1134.5,631.0,visual intake,2516,940.75,630.25,987,11.216
11.22,940.1666666666669,626.5,0.2880503356785509,0,62.49999999997913,0,180.3620575119872,1139.5,634.0,205.0,745.5,626.5,155.72411502397438,942.5,630.25,745.5,626.5,1139.5,634.0,visual intake,2517,940.75,630.0,987,11.22
11.224,943.0833333333334,625.6666666666667,0.287521710417227,0,225.34695471652415,0,176.18201908134617,1138.5,629.5,205.19746587129188,749.5,629.5,147.16657229140046,944.0,629.5,749.5,629.5,1138.5,629.5,visual intake,2518,941.5,629.5,987,11.224
11.228,938.0,626.3333333333334,0.2735173294085805,0,250.00000000002754,0,175.58128612303904,1135.0,630.5,198.00252523642217,743.5,629.5,153.16004700965587,939.25,630.0,743.5,629.5,1135.0,630.5,visual intake,2519,942.5,629.5,987,11.228
11.232,939.6666666666669,624.9166666666667,0.2666493370207606,0,139.75424859375227,0,181.28498318895385,1135.5,630.0,203.03940504246955,747.5,626.5,159.53056133543816,941.5,628.25,747.5,626.5,1135.5,630.0,visual intake,2520,943.0,629.25,987,11.232
11.236,943.9166666666669,625.6666666666666,0.2788015091251968,0,312.49999999989564,0,182.3511646458805,1136.0,629.5,212.05895406702356,753.0,629.0,152.64337522473747,944.5,629.25,753.0,629.0,1136.0,629.5,visual intake,2521,942.25,628.25,987,11.236
11.24,940.25,621.3333333333333,0.2779839386695705,0,0.0,0,177.26198948832518,1137.0,625.5,198.0631212517868,749.0,623.0,156.46085772486356,943.0,624.25,749.0,623.0,1137.0,625.5,blink,2522,942.25,628.25,987,11.24
11.244,939.9166666666669,623.5833333333333,0.2862676362577326,0,62.500000000006885,0,175.6952183229742,1132.0,625.5,200.1224625073357,752.5,629.5,151.2679741386127,942.25,627.5,752.5,629.5,1132.0,625.5,visual intake,2523,942.25,628.5,987,11.244
11.248,938.5833333333331,625.1666666666667,0.2749754982238962,0,250.00000000002754,0,175.20661188010848,1134.0,627.5,192.21082175569617,748.0,630.0,158.2024020045208,941.0,628.75,748.0,630.0,1134.0,627.5,visual intake,2524,942.25,627.5,987,11.248
11.252,940.6666666666669,624.75,0.2796639918593076,0,0.0,0,179.30646314694303,1133.5,626.0,199.1607391028664,750.5,631.0,159.45218719101973,942.0,628.5,750.5,631.0,1133.5,626.0,blink,2525,942.25,627.5,987,11.252
11.256,941.5,620.6666666666667,0.2558711047203861,0,187.50000000002066,0,175.16258124503574,1133.5,625.5,195.0640920313116,752.5,623.5,155.2610704587599,943.0,624.5,752.5,623.5,1133.5,625.5,visual intake,2526,943.0,627.5,987,11.256
11.26,944.5833333333331,623.4166666666667,0.2843118889457242,0,318.68871959958415,0,169.12122494056854,1137.0,624.5,192.02343606966312,755.0,630.0,146.21901381147393,946.0,627.25,755.0,630.0,1137.0,624.5,visual intake,2527,944.25,627.25,987,11.26
11.264,943.0833333333331,624.0,0.2772322102725654,0,0.0,0,170.66958695449745,1136.5,630.0,189.010581714358,754.0,625.0,152.3285921946369,945.25,627.5,754.0,625.0,1136.5,630.0,blink,2528,944.25,627.25,987,11.264
11.268,942.3333333333331,621.25,0.2922017986647618,0,0.0,0,173.66799064957638,1134.5,623.5,195.1256005756292,754.0,626.0,152.21038072352357,944.25,624.75,754.0,626.0,1134.5,623.5,blink,2529,944.25,627.25,987,11.268
11.272,942.6666666666666,623.5833333333334,0.2699331463946308,0,312.5000000000344,0,171.84668150454002,1136.5,630.0,193.04144632694812,752.0,625.0,150.65191668213183,944.25,627.5,752.0,625.0,1136.5,630.0,visual intake,2530,944.25,626.0,987,11.272
11.276,941.8333333333331,621.8333333333333,0.2678817807702669,0,257.69410160113216,0,170.18461248852077,1137.5,629.0,187.0427758562196,750.5,623.0,153.32644912082193,944.0,626.0,750.5,623.0,1137.5,629.0,visual intake,2531,944.0,625.0,987,11.276
11.28,941.3333333333331,620.4166666666667,0.2803774129411644,0,257.69410160113216,0,172.1832171948359,1133.0,625.0,190.0421005987884,754.0,624.0,154.3243337908834,943.5,624.5,754.0,624.0,1133.0,625.0,visual intake,2532,943.75,626.0,987,11.28
11.284,942.0833333333331,621.4166666666667,0.2666804218958311,0,124.99999999995826,0,170.78672602370244,1137.5,627.0,191.09421759959145,750.0,623.0,150.47923444781344,943.75,625.0,750.0,623.0,1137.5,627.0,visual intake,2533,943.75,625.5,987,11.284
11.288,941.5,621.8333333333334,0.2635580607463383,0,62.500000000006885,0,172.19688801749152,1133.0,626.5,192.12756179163884,753.0,625.5,152.26621424334422,943.0,626.0,753.0,625.5,1133.0,626.5,visual intake,2534,943.5,625.5,987,11.288
11.292,943.9166666666669,621.5833333333333,0.2705022879532601,0,62.500000000006885,0,171.2351222480738,1132.5,625.5,193.06475597581243,757.5,625.5,149.40548852033515,945.0,625.5,757.5,625.5,1132.5,625.5,visual intake,2535,943.25,625.5,987,11.292
11.296,938.9166666666666,621.8333333333333,0.2791847614915354,0,62.500000000006885,0,173.28285487427644,1133.0,626.0,194.0927613281856,748.0,626.0,152.47294842036737,940.5,626.0,748.0,626.0,1133.0,626.0,visual intake,2536,943.0,625.5,987,11.296
11.3,941.5833333333331,621.4166666666667,0.2679739570641353,0,62.49999999997913,0,166.82222873151034,1134.5,625.5,187.06683297688025,752.0,624.5,146.57762448614045,943.25,625.0,752.0,624.5,1134.5,625.5,visual intake,2537,943.25,625.5,987,11.3
11.304,939.25,620.8333333333333,0.2699337076163922,0,0.0,0,170.21999526084284,1130.0,625.0,192.16659439142904,752.0,624.5,148.27339613025663,941.0,624.75,752.0,624.5,1130.0,625.0,blink,2538,941.0,625.0,988,11.304
11.308,942.75,622.3333333333333,0.2816329080061925,0,0.0,0,167.77339484051544,1135.5,626.5,185.06755523321743,754.0,626.0,150.47923444781344,944.75,626.25,754.0,626.0,1135.5,626.5,blink,2539,941.0,625.0,989,11.308
11.312,937.5833333333331,621.0,0.2797241630347669,0,488.1406047442196,0,168.24870191261738,1128.5,626.0,185.09727172489605,750.5,623.5,151.40013210033868,939.5,624.75,750.5,623.5,1128.5,626.0,visual intake,2540,939.5,626.25,989,11.312
11.316,935.9166666666666,622.25,0.2838416382781464,0,0.0,0,163.6300173838282,1127.0,624.0,188.1701357814252,747.5,628.5,139.0898989862312,937.25,626.25,747.5,628.5,1127.0,624.0,blink,2541,939.5,626.25,989,11.316
11.32,938.4166666666666,622.6666666666667,0.2773467825905896,0,187.50000000002066,0,169.25432971542136,1129.0,626.0,192.16659439142904,750.0,627.0,146.34206503941374,939.5,626.5,750.0,627.0,1129.0,626.0,visual intake,2542,938.75,626.25,989,11.32
11.324,937.0,623.0833333333334,0.2817672053906491,0,62.500000000006885,0,167.60501759820986,1129.5,625.0,189.04232330353963,748.0,628.5,146.16771189288008,938.75,626.75,748.0,628.5,1129.5,625.0,visual intake,2543,938.5,626.25,989,11.324
11.328,937.1666666666669,622.25,0.2780854742816578,0,62.500000000006885,0,166.81867169697983,1127.5,625.5,191.21192431435855,749.0,626.5,142.42541907960108,938.25,626.0,749.0,626.5,1127.5,625.5,visual intake,2544,938.5,626.0,989,11.328
11.332,937.0833333333334,620.0,0.2805544140636678,0,374.9999999998748,0,170.27002237268746,1129.0,626.5,194.12624758130983,748.0,621.5,146.4137971640651,938.5,624.0,748.0,621.5,1129.0,626.5,visual intake,2545,938.5,624.5,989,11.332
11.336,933.9166666666669,620.5,0.278888209711707,0,62.500000000006885,0,169.2011498859851,1126.0,624.5,190.12890364171355,746.0,624.5,148.27339613025663,936.0,624.5,746.0,624.5,1126.0,624.5,visual intake,2546,938.25,624.5,989,11.336
11.34,938.5,620.5833333333334,0.27390192689751,0,0.0,0,166.16176212681157,1125.0,622.0,188.04254837669052,755.0,626.5,144.2809758769326,940.0,624.25,755.0,626.5,1125.0,622.0,blink,2547,936.0,624.25,990,11.34
11.344,934.1666666666669,621.1666666666667,0.3037057682710194,0,139.75424859375227,0,164.16043656596338,1124.5,625.0,185.09727172489605,746.5,625.0,143.22360140703069,935.5,625.0,746.5,625.0,1124.5,625.0,visual intake,2548,935.5,624.5,991,11.344
11.348,932.0833333333331,620.4166666666667,0.2829532705153655,0,441.9417382414446,0,164.7868843828912,1120.5,623.5,191.21192431435855,747.0,625.0,138.36184445142382,933.75,624.25,747.0,625.0,1120.5,623.5,visual intake,2549,933.75,624.25,991,11.348
11.352,931.5,621.25,0.2781364782250257,0,225.34695471652415,0,166.77455648547672,1118.5,622.5,189.12958520548813,748.0,628.5,144.4195277654653,933.25,625.5,748.0,628.5,1118.5,622.5,visual intake,2550,933.25,625.0,991,11.352
11.356,930.0833333333331,619.1666666666667,0.2840771432189209,0,395.284707521091,0,163.88511132248783,1118.0,622.0,182.2745182410312,745.5,625.0,145.49570440394453,931.75,623.5,745.5,625.0,1118.0,622.0,visual intake,2551,931.75,625.5,991,11.356
11.36,930.0833333333334,621.3333333333334,0.2831842592191422,0,0.0,0,172.18330094125702,1120.5,623.0,197.0913493789111,741.5,628.5,147.27525250360293,931.0,625.75,741.5,628.5,1120.5,623.0,blink,2552,931.75,625.5,991,11.36
11.364,929.5,623.25,0.2895180759247232,0,88.38834764828893,0,163.34265403980308,1119.0,626.0,186.17196351760376,744.0,628.0,140.51334456200237,931.5,627.0,744.0,628.0,1119.0,626.0,visual intake,2553,931.5,625.75,991,11.364
11.368,930.5,621.0833333333333,0.2800453679609482,0,225.34695471652415,0,165.75669591008432,1119.0,626.0,186.09674903124989,744.5,624.5,145.41664278891878,931.75,625.25,744.5,624.5,1119.0,626.0,visual intake,2554,931.0,626.5,991,11.368
11.372,929.0833333333331,622.4166666666667,0.2940657909182258,0,88.38834764832818,0,167.83908126847385,1117.5,624.0,189.2643653728826,744.0,629.5,146.4137971640651,930.75,626.75,744.0,629.5,1117.5,624.0,visual intake,2555,930.75,626.75,991,11.372
11.376,925.4166666666666,622.1666666666666,0.2832700808393193,0,0.0,0,167.30541244034515,1114.5,624.0,191.26160095534075,739.5,629.0,143.34922392534952,927.0,626.5,739.5,629.0,1114.5,624.0,blink,2556,928.0,626.75,992,11.376
11.38,925.8333333333331,623.8333333333333,0.290985253362731,0,187.4999999999374,0,168.16816651852506,1115.5,624.0,191.1674658512792,740.5,631.5,145.16886718577092,928.0,627.75,740.5,631.5,1115.5,624.0,visual intake,2557,927.25,626.75,993,11.38
11.384,925.0,625.0,0.2841752401073864,0,257.69410160113216,0,163.79814192299983,1114.0,627.0,184.1738309315414,740.5,631.5,143.42245291445826,927.25,629.25,740.5,631.5,1114.0,627.0,visual intake,2558,927.0,627.75,993,11.384
11.388,924.5833333333331,622.5833333333333,0.2783675197731826,0,380.17265814368056,0,168.42030019527246,1115.0,624.0,190.26297590440447,738.0,629.5,146.57762448614045,926.5,626.75,738.0,629.5,1115.0,624.0,visual intake,2559,927.25,629.25,993,11.388
11.392,923.8333333333331,625.5833333333333,0.2895294529464725,0,0.0,0,164.1784237015404,1112.0,626.5,186.1316738225926,740.0,633.0,142.22517358048822,926.0,629.75,740.0,633.0,1112.0,626.5,blink,2560,927.25,629.25,993,11.392
11.396,926.5,625.25,0.2909156848638876,0,139.7542485936902,0,165.24279605894776,1115.0,625.5,190.12890364171355,740.0,633.0,140.356688476182,927.5,629.25,740.0,633.0,1115.0,625.5,visual intake,2561,927.5,629.75,993,11.396
11.4,928.0833333333331,626.3333333333333,0.2808982805256209,0,62.500000000006885,0,167.7603610239722,1117.5,627.0,195.1640335717624,740.0,634.0,140.356688476182,928.75,630.5,740.0,634.0,1117.5,627.0,visual intake,2562,927.75,629.75,993,11.4
11.404,926.4166666666669,625.75,0.2888395629062463,0,0.0,0,167.75809001872187,1116.0,626.0,192.09372712298543,739.5,633.5,143.42245291445826,927.75,629.75,739.5,633.5,1116.0,626.0,blink,2563,927.75,629.75,993,11.404
11.408,926.5833333333334,625.3333333333333,0.2856766019764664,0,0.0,0,163.27663776128327,1112.5,625.5,187.3232500251904,743.5,633.0,139.2300254973761,928.0,629.25,743.5,633.0,1112.5,625.5,blink,2564,927.75,629.75,993,11.408
11.412,922.5,626.4166666666666,0.2833417562295144,0,0.0,0,163.8408402492264,1110.0,628.0,186.17196351760376,738.5,633.0,141.50971698084905,924.25,630.5,738.5,633.0,1110.0,628.0,blink,2565,924.25,629.75,994,11.412
11.416,922.0833333333331,625.25,0.2844632462048749,0,176.77669529665636,0,169.69237288102266,1110.5,626.0,193.1657319505714,737.0,632.0,146.21901381147393,923.75,629.0,737.0,632.0,1110.5,626.0,visual intake,2566,923.75,629.25,995,11.416
11.42,921.3333333333334,626.3333333333333,0.2917544959435723,0,187.50000000002066,0,164.24766561342767,1107.0,627.0,192.2602402994441,739.0,633.0,136.23509092741122,923.0,630.0,739.0,633.0,1107.0,627.0,visual intake,2567,923.75,630.0,995,11.42
11.424,920.4166666666669,624.8333333333333,0.2967652596982839,0,0.0,0,164.2216101347306,1107.5,624.5,187.2164522684905,736.5,633.0,141.2267680009707,922.0,628.75,736.5,633.0,1107.5,624.5,blink,2568,923.75,630.0,995,11.424
11.428,922.6666666666669,627.0,0.2911473009175956,0,187.4999999999374,0,164.77411194246145,1108.0,627.5,192.3148460207896,739.5,635.0,137.23337786413333,923.75,631.25,739.5,635.0,1108.0,627.5,visual intake,2569,923.0,630.0,995,11.428
11.432,922.75,626.75,0.2945130041751378,0,312.5000000000344,0,165.6932974473918,1109.5,626.5,189.2141643746577,740.0,636.5,142.1724305201258,924.75,631.5,740.0,636.5,1109.5,626.5,visual intake,2570,923.0,631.25,995,11.432
11.436,919.25,625.0833333333334,0.29420303592493,0,187.50000000002066,0,167.74326510281657,1106.5,622.5,191.3164917094185,737.0,635.5,144.1700384962146,921.75,629.0,737.0,635.5,1106.5,622.5,visual intake,2571,923.75,631.25,995,11.436
11.44,921.1666666666666,628.0,0.2893719472149231,0,197.6423537605455,0,167.36916557763277,1108.5,627.0,189.5178091895324,737.5,636.0,145.2205219657332,923.0,631.5,737.5,636.0,1108.5,627.0,visual intake,2572,923.0,631.5,995,11.44
11.444,922.1666666666669,625.1666666666666,0.2906641033410871,0,124.99999999995826,0,167.59040273078102,1109.5,623.0,189.0952141118331,739.0,634.5,146.08559134972896,924.25,628.75,739.0,634.5,1109.5,623.0,visual intake,2573,922.5,631.5,995,11.444
11.448,920.9166666666669,628.75,0.280448119741185,0,125.00000000001377,0,164.2470773677421,1107.0,630.0,188.2657695918193,738.0,636.0,140.22838514366484,922.5,633.0,738.0,636.0,1107.0,630.0,visual intake,2574,922.5,632.0,995,11.448
11.452,919.8333333333334,628.3333333333334,0.2888682036014856,0,88.38834764832818,0,168.74236348464882,1109.0,625.5,190.3181546778972,735.5,639.5,147.16657229140046,922.25,632.5,735.5,639.5,1109.0,625.5,visual intake,2575,922.25,632.25,995,11.452
11.456,918.5833333333334,628.6666666666666,0.2911789695523398,0,312.5000000000344,0,165.30437291133418,1105.0,624.0,186.3866948041088,737.0,640.0,144.22205101855957,921.0,632.0,737.0,640.0,1105.0,624.0,visual intake,2576,921.0,632.25,995,11.456
11.46,917.9166666666666,628.4166666666667,0.3116077244069214,0,374.9999999998748,0,165.23459692754628,1107.5,626.0,189.38056922503955,731.5,638.5,141.088624630053,919.5,632.25,731.5,638.5,1107.5,626.0,visual intake,2577,919.5,632.25,995,11.46
11.464,914.5833333333334,625.9166666666667,0.3077799676603857,0,312.5000000000344,0,164.46957873791214,1101.5,621.5,189.76301009416983,732.5,638.5,139.17614738165446,917.0,630.0,732.5,638.5,1101.5,621.5,visual intake,2578,918.25,632.25,995,11.464
11.468,916.4166666666669,630.4166666666666,0.296370600083249,0,488.1406047442196,0,167.6690812353486,1105.5,630.0,193.1657319505714,731.0,638.5,142.1724305201258,918.25,634.25,731.0,638.5,1105.5,630.0,visual intake,2579,917.0,633.75,995,11.468
11.472,913.75,629.75,0.2961947889969407,0,279.50849718750453,0,161.22458388190773,1103.5,628.0,183.273020382161,728.5,639.5,139.17614738165446,916.0,633.75,728.5,639.5,1103.5,628.0,visual intake,2580,916.0,634.25,995,11.472
11.476,910.25,630.75,0.2760559508407521,0,0.0,0,166.66942861723157,1099.0,629.5,190.21303845951252,726.5,639.0,143.1258187749506,912.75,634.25,726.5,639.0,1099.0,629.5,blink,2581,913.0,634.25,996,11.476
11.48,908.5833333333331,633.1666666666667,0.2899652704117038,0,0.0,0,165.2042299148216,1097.5,631.5,189.31983519959024,724.5,641.5,141.088624630053,911.0,636.5,724.5,641.5,1097.5,631.5,blink,2582,912.75,634.25,997,11.48
11.484,911.0833333333334,633.75,0.2863279665684998,0,0.0,0,160.34617058613094,1099.0,633.5,186.4537476158632,727.0,642.0,134.23859355639868,913.0,637.75,727.0,642.0,1099.0,633.5,blink,2583,911.0,634.25,997,11.484
11.488,909.1666666666669,630.0833333333333,0.2881522382060882,0,0.0,0,172.68987645717016,1100.5,625.0,199.1607391028664,721.0,642.0,146.21901381147393,910.75,633.5,721.0,642.0,1100.5,625.0,blink,2584,910.75,636.5,998,11.488
11.492,907.4166666666669,629.4166666666667,0.2767635261277441,0,0.0,0,167.6679248980183,1095.5,623.5,197.2054765973805,723.0,643.0,138.13037319865606,909.25,633.25,723.0,643.0,1095.5,623.5,blink,2585,910.25,636.75,999,11.492
11.496,908.0833333333331,633.0,0.2776341396264704,0,0.0,0,162.63045366667,1097.0,631.0,190.16834647227705,723.5,643.5,135.09256086106296,910.25,637.25,723.5,643.5,1097.0,631.0,blink,2586,909.25,636.75,999,11.496
11.5,906.3333333333334,633.25,0.2923900406681835,0,0.0,0,168.82842660117592,1096.5,627.5,197.42846805868703,719.0,646.0,140.22838514366484,907.75,636.75,719.0,646.0,1096.5,627.5,blink,2587,907.75,637.25,999,11.5
11.504,903.1666666666669,635.3333333333333,0.2714319100796554,0,0.0,0,162.16278525912946,1092.5,631.0,187.2671887971836,719.5,647.0,137.05838172107534,906.0,639.0,719.5,647.0,1092.5,631.0,blink,2588,906.0,637.25,999,11.504
11.508,899.9166666666666,635.75,0.2773084581238493,0,0.0,0,164.17155517881463,1092.0,631.5,192.21082175569617,713.0,647.0,136.13228860193308,902.5,639.25,713.0,647.0,1092.0,631.5,blink,2589,903.5,639.0,1000,11.508
11.512,899.6666666666667,633.4166666666667,0.2774808426170538,0,0.0,0,161.7564426816589,1089.5,631.0,191.3765920900464,714.0,643.0,132.13629327327143,901.75,637.0,714.0,643.0,1089.5,631.0,blink,2590,902.5,639.25,1001,11.512
11.516,901.1666666666666,637.0,0.3062933480573946,0,0.0,0,163.3386405890372,1092.0,634.5,194.4350791395421,715.0,648.0,132.24220203853233,903.5,641.25,715.0,648.0,1092.0,634.5,blink,2591,901.75,641.0,1001,11.516
11.52,895.0833333333333,637.25,0.298567278335147,0,0.0,0,159.9035832727535,1088.0,636.0,192.66551326067676,705.5,646.0,127.1416532848303,896.75,641.0,705.5,646.0,1088.0,636.0,blink,2592,897.0,641.25,1002,11.52
11.524,894.5833333333333,640.1666666666667,0.2735988622916396,0,0.0,0,157.353317287052,1083.5,632.5,181.46625030566975,710.5,655.0,133.24038426843418,897.0,643.75,710.5,655.0,1083.5,632.5,blink,2593,896.75,641.25,1003,11.524
11.528,891.5833333333333,637.0,0.2709159971509429,0,0.0,0,160.41298703035764,1084.5,633.0,191.51240168720145,701.5,649.5,129.31357237351384,893.0,641.25,701.5,649.5,1084.5,633.0,blink,2594,895.75,642.75,1003,11.528
11.532,893.3333333333334,640.0,0.2796310041147996,0,0.0,0,159.03331949565268,1081.0,636.0,188.67962264113208,710.5,651.0,129.38701635017324,895.75,643.5,710.5,651.0,1081.0,636.0,blink,2595,894.25,643.25,1003,11.532
11.536,891.6666666666666,639.5,0.2929944812150358,0,0.0,0,160.36377966969883,1082.5,635.5,191.5880998392124,704.5,650.0,129.1394595001853,893.5,642.75,704.5,650.0,1082.5,635.5,blink,2596,893.5,643.25,1003,11.536
11.54,891.75,640.4166666666667,0.2776844652125902,0,0.0,0,162.06326704977752,1079.0,633.0,192.66551326067676,709.5,653.5,131.4610208388783,894.25,643.25,709.5,653.5,1079.0,633.0,blink,2597,893.5,643.5,1003,11.54
11.544,889.0833333333334,640.4166666666667,0.3020898464921953,0,0.0,0,155.59050684574265,1077.5,634.5,183.7879212570837,704.5,653.0,127.39309243440164,891.0,643.75,704.5,653.0,1077.5,634.5,blink,2598,891.0,643.75,1004,11.544
11.548,884.5,644.0833333333333,0.2979844763037623,0,0.0,0,160.75532148913368,1073.0,640.0,193.03885619221847,699.0,654.5,128.47178678604885,886.0,647.25,699.0,654.5,1073.0,640.0,blink,2599,888.0,646.5,1004,11.548
11.552,885.4166666666667,644.8333333333334,0.2556510819888247,0,0.0,0,158.6676433697523,1071.0,638.0,186.68690366493303,705.0,656.5,130.64838307457157,888.0,647.25,705.0,656.5,1071.0,638.0,blink,2600,886.0,647.25,1004,11.552
11.556,877.75,643.9166666666666,0.293806443163034,0,0.0,0,154.24611219634951,1067.5,636.0,184.08965207202712,690.0,657.0,124.4025723206719,878.75,646.5,690.0,657.0,1067.5,636.0,blink,2601,882.0,647.25,1004,11.556
11.56,879.1666666666667,645.75,0.2732255220725911,0,0.0,0,154.32656709439027,1066.5,636.0,182.33211456021672,696.0,659.5,126.3210196285638,881.25,647.75,696.0,659.5,1066.5,636.0,blink,2602,881.25,647.75,1005,11.56
11.564,879.0833333333333,645.4166666666667,0.2759966490103797,0,0.0,0,159.91095250354533,1067.5,641.5,186.18807695446023,696.5,654.5,133.63382805263043,882.0,648.0,696.5,654.5,1067.5,641.5,blink,2603,881.25,648.0,1005,11.564
11.568,875.1666666666667,647.4166666666667,0.2770535178896365,0,0.0,0,157.3075272791522,1064.0,644.0,187.29655629509048,689.5,656.5,127.3184982632139,876.75,650.25,689.5,656.5,1064.0,644.0,blink,2604,881.25,649.25,1005,11.568
11.572,877.9166666666667,647.5,0.2530585960962416,0,0.0,0,155.99790975971126,1063.5,639.0,178.36199146679206,700.5,659.5,133.63382805263043,882.0,649.25,700.5,659.5,1063.5,639.0,blink,2605,877.75,650.25,1006,11.572
11.576,875.5833333333333,649.5,0.2860014255404845,0,0.0,0,154.46331957371527,1063.5,643.5,184.43969204051496,692.0,660.5,124.4869471069156,877.75,652.0,692.0,660.5,1063.5,643.5,blink,2606,877.25,651.25,1007,11.576
11.58,874.9166666666667,648.75,0.2863435612436908,0,0.0,0,152.62535962458546,1060.0,646.0,181.3394606807906,694.5,656.5,123.9112585683803,877.25,651.25,694.5,656.5,1060.0,646.0,blink,2607,877.25,652.0,1007,11.58
11.584,873.0833333333334,653.0833333333334,0.2733293516921114,0,0.0,0,154.92428322738868,1061.5,649.5,182.45547402037573,689.5,662.0,127.39309243440164,875.5,655.75,689.5,662.0,1061.5,649.5,blink,2608,877.25,653.75,1007,11.584
11.588,872.25,652.6666666666666,0.2907840369954969,0,0.0,0,153.03755874571635,1063.5,649.0,182.58422713914803,686.5,662.5,123.4908903522847,875.0,655.75,686.5,662.5,1063.5,649.0,blink,2609,875.5,655.75,1008,11.588
11.592,875.0833333333333,651.0833333333333,0.2707423804716327,0,0.0,0,154.8987486326458,1061.0,649.0,185.31055015837603,694.0,658.5,124.4869471069156,877.5,653.75,694.0,658.5,1061.0,649.0,blink,2610,875.5,655.75,1009,11.592
11.596,871.3333333333333,652.5833333333334,0.2747109711669314,0,0.0,0,158.76731020400223,1060.5,647.0,188.06647760831805,685.5,664.5,129.46814279968643,873.0,655.75,685.5,664.5,1060.5,647.0,blink,2611,875.5,655.75,1009,11.596
11.6,874.9166666666667,654.4166666666666,0.2589470640325191,0,0.0,0,153.8556062059381,1059.5,651.5,182.45547402037573,695.5,663.0,125.25573839150046,877.5,657.25,695.5,663.0,1059.5,651.5,blink,2612,875.5,655.75,1009,11.6
11.604,873.75,653.75,0.2870593667147785,0,225.34695471652415,0,156.9243283439978,1064.0,651.0,189.0608367695436,687.0,664.0,124.78781991845196,875.5,657.5,687.0,664.0,1064.0,651.0,visual intake,2613,874.75,656.25,1009,11.604
11.608,871.75,651.8333333333333,0.2643253953720754,0,279.5084971873804,0,155.46807949395952,1058.5,645.5,180.47160441465576,691.0,663.5,130.4645545732633,874.75,654.5,691.0,663.5,1058.5,645.5,visual intake,2614,875.25,657.25,1009,11.608
11.612,870.6666666666667,653.5,0.2795752698450311,0,139.75424859375227,0,159.21978537625185,1058.5,648.5,184.200977196105,690.0,664.0,134.23859355639868,874.25,656.25,690.0,664.0,1058.5,648.5,visual intake,2615,874.75,657.5,1009,11.612
11.616,872.8333333333334,656.1666666666666,0.2818406316112593,0,336.5728004459435,0,159.30888702983935,1061.0,653.0,189.0608367695436,689.5,666.0,129.5569372901351,875.25,659.5,689.5,666.0,1061.0,653.0,visual intake,2616,874.25,656.25,1009,11.616
11.62,872.0833333333333,654.9166666666666,0.2810779949965463,0,250.00000000002754,0,156.1677419327557,1057.0,651.0,185.0837648201484,690.5,665.0,127.251719045363,873.75,658.0,690.5,665.0,1057.0,651.0,visual intake,2617,874.25,657.25,1009,11.62
11.624,870.0833333333333,650.75,0.2928162715502487,0,124.99999999995826,0,152.3389894762202,1059.0,641.0,179.35439777156287,687.5,664.5,125.32358118087753,873.25,652.75,687.5,664.5,1059.0,641.0,visual intake,2618,873.75,657.25,1009,11.624
11.628,872.5833333333333,654.8333333333333,0.2851255594386624,0,250.00000000002754,0,156.280719429038,1059.5,649.0,184.08965207202712,692.0,665.5,128.47178678604885,875.75,657.25,692.0,665.5,1059.5,649.0,visual intake,2619,873.75,656.25,1009,11.628
11.632,872.0833333333334,653.5,0.2819405776353613,0,0.0,0,157.2858262602804,1059.5,647.5,188.1754500459611,688.0,665.0,126.39620247459968,873.75,656.25,688.0,665.0,1059.5,647.5,blink,2620,873.75,656.25,1009,11.632
11.636,871.4166666666666,649.0,0.286121076091869,0,0.0,0,155.65109659647743,1057.5,637.5,183.98369492974095,689.5,665.5,127.3184982632139,873.5,651.5,689.5,665.5,1057.5,637.5,blink,2621,873.75,656.25,1009,11.636
11.64,872.0,656.9166666666666,0.2583660366178928,0,0.0,0,159.44302008724628,1058.0,650.5,185.43192821086663,692.5,668.5,133.4541119636259,875.25,659.5,692.5,668.5,1058.0,650.5,blink,2622,873.75,656.25,1009,11.64
11.644,870.75,650.8333333333333,0.2786756832915043,0,197.6423537605455,0,156.75727478480945,1058.5,640.5,184.200977196105,687.5,666.5,129.31357237351384,873.0,653.5,687.5,666.5,1058.5,640.5,visual intake,2623,874.0,655.5,1009,11.644
11.648,871.6666666666667,654.25,0.2763363206286563,0,0.0,0,158.49019918270352,1058.0,648.5,185.43192821086663,692.5,666.0,131.54847015454038,875.25,657.25,692.5,666.0,1058.0,648.5,blink,2624,874.0,655.5,1009,11.648
11.652,871.0,653.1666666666666,0.2773741444639537,0,62.500000000006885,0,156.78274227082,1059.5,645.0,184.3176605754316,688.5,666.0,129.2478239662084,874.0,655.5,688.5,666.0,1059.5,645.0,visual intake,2625,873.75,655.5,1009,11.652
11.656,869.0833333333334,651.9166666666667,0.2984534822456162,0,437.4999999998539,0,154.8253064117153,1056.5,641.0,182.33211456021672,687.5,668.5,127.3184982632139,872.0,654.75,687.5,668.5,1056.5,641.0,visual intake,2626,873.75,657.25,1009,11.656
11.66,870.5833333333333,654.5833333333333,0.253077291267782,0,0.0,0,162.9565002526327,1054.0,647.0,188.67962264113208,693.5,668.0,137.23337786413333,873.75,657.5,693.5,668.0,1054.0,647.0,blink,2627,872.0,655.5,1010,11.66
11.664,868.0833333333333,654.4166666666667,0.2992091858932948,0,318.68871959958415,0,157.24466169252364,1055.0,648.0,187.29655629509048,685.5,666.5,127.1927670899568,870.25,657.25,685.5,666.5,1055.0,648.0,visual intake,2628,870.75,655.25,1011,11.664
11.668,868.9166666666667,652.5,0.2881779136691882,0,0.0,0,157.05276925966177,1053.5,645.5,187.9627622695517,688.0,665.0,126.14277624977184,870.75,655.25,688.0,665.0,1053.5,645.5,blink,2629,870.75,655.25,1011,11.668
11.672,866.6666666666667,649.4166666666667,0.2912950454617989,0,124.99999999995826,0,160.23901637691114,1055.0,639.5,189.16923639957952,682.5,664.5,131.30879635424276,868.75,652.0,682.5,664.5,1055.0,639.5,visual intake,2630,870.25,655.25,1011,11.672
11.676,870.8333333333333,652.0833333333333,0.2589571979465316,0,62.500000000006885,0,162.2139356906361,1056.5,644.0,190.05525512334563,691.0,666.0,134.3726162579266,873.75,655.0,691.0,666.0,1056.5,644.0,visual intake,2631,870.25,655.0,1011,11.676
11.68,867.5833333333333,653.9166666666666,0.2930382503944493,0,312.5000000000344,0,156.22610172160316,1053.0,646.0,185.31055015837603,687.5,667.0,127.1416532848303,870.25,656.5,687.5,667.0,1053.0,646.0,visual intake,2632,869.25,654.25,1011,11.68
11.684,866.9166666666667,651.3333333333333,0.2719010042498873,0,187.50000000002066,0,159.28142742691637,1051.0,640.5,187.18172987767795,687.5,668.0,131.38112497615478,869.25,654.25,687.5,668.0,1051.0,640.5,visual intake,2633,869.25,655.0,1011,11.684
11.688,866.6666666666667,647.8333333333333,0.2749025663175946,0,257.69410160101773,0,158.23244489815158,1047.0,638.0,185.0837648201484,690.5,664.0,131.38112497615478,868.75,651.0,690.5,664.0,1047.0,638.0,visual intake,2634,869.0,656.0,1011,11.688
11.692,865.25,653.9166666666667,0.2955834017358332,0,62.500000000006885,0,157.13247283675926,1053.0,645.0,187.0721785835617,681.5,668.5,127.1927670899568,867.25,656.75,681.5,668.5,1053.0,645.0,visual intake,2635,868.75,656.0,1011,11.692
11.696,866.6666666666667,653.1666666666667,0.2817796640031795,0,265.1650429449845,0,156.7250819503904,1047.0,647.5,184.978377114732,691.0,664.5,128.47178678604885,869.0,656.0,691.0,664.5,1047.0,647.5,visual intake,2636,868.0,656.75,1011,11.696
11.7,856.25,655.0,0.2795561122041393,0,419.26274578125674,0,159.24241975185797,1044.5,647.5,186.4242473499625,673.0,669.0,132.06059215375342,858.75,658.25,673.0,669.0,1044.5,647.5,visual intake,2637,867.25,658.25,1011,11.7
11.704,865.25,656.5,0.2690730550761203,0,124.99999999995826,0,159.45423494334074,1050.5,646.5,187.77113729218345,685.5,671.0,131.13733259449805,868.0,658.75,685.5,671.0,1050.5,646.5,visual intake,2638,866.75,658.25,1011,11.704
11.708,864.5,655.5,0.2707911654894709,0,0.0,0,158.17421040504593,1048.5,646.5,182.21415971323412,685.0,670.0,134.13426109685773,866.75,658.25,685.0,670.0,1048.5,646.5,blink,2639,864.25,658.75,1012,11.708
11.712,860.75,656.1666666666667,0.288615884699744,0,0.0,0,153.0833973392139,1042.5,645.5,176.0284067984483,686.0,673.0,130.13838787997952,864.25,659.25,686.0,673.0,1042.5,645.5,blink,2640,864.25,658.75,1013,11.712
11.716,860.1666666666667,657.0833333333333,0.2703817933854978,0,0.0,0,157.15145885857237,1042.0,648.5,183.2075325962336,684.5,672.5,131.0953851209111,863.25,660.5,684.5,672.5,1042.0,648.5,blink,2641,863.25,659.25,1013,11.716
11.72,858.9166666666667,655.6666666666666,0.2600081145235473,0,0.0,0,154.17830590308796,1040.0,643.5,175.26266002774236,684.5,673.5,133.09395177843356,862.25,658.5,684.5,673.5,1040.0,643.5,blink,2642,862.25,659.25,1013,11.72
11.724,857.1666666666666,656.0,0.2823595672793245,0,0.0,0,150.09394494035908,1039.0,645.5,173.04623659588788,682.5,673.0,127.1416532848303,860.75,659.25,682.5,673.0,1039.0,645.5,blink,2643,861.0,660.5,1013,11.724
11.728,856.4166666666667,658.5833333333333,0.2807064969170336,0,0.0,0,155.13832223094556,1036.5,648.5,182.21415971323412,681.0,675.0,128.06248474865697,858.75,661.75,681.0,675.0,1036.5,648.5,blink,2644,860.75,661.75,1013,11.728
11.732,858.0833333333333,658.8333333333334,0.273622807953158,0,0.0,0,148.4897539731134,1039.5,650.5,173.83325343558406,682.5,673.0,123.14625451064276,861.0,661.75,682.5,673.0,1039.5,650.5,blink,2645,858.75,661.75,1014,11.732
11.736,853.4166666666667,661.1666666666667,0.2834768039545331,0,0.0,0,153.0295816173189,1035.5,651.5,179.8054504179448,677.0,678.0,126.25371281669304,856.25,664.75,677.0,678.0,1035.5,651.5,blink,2646,856.25,664.75,1014,11.736
11.74,852.4166666666667,661.6666666666667,0.2993673026935344,0,0.0,0,152.73932813127,1035.0,654.5,181.22085972646747,674.0,676.0,124.25779653607252,854.5,665.25,674.0,676.0,1035.0,654.5,blink,2647,856.0,665.25,1015,11.74
11.744,849.75,663.5,0.2774807883913273,0,0.0,0,153.16040987921775,1035.0,655.5,181.22085972646747,668.5,677.5,125.09996003196804,851.75,666.5,668.5,677.5,1035.0,655.5,blink,2648,854.75,666.5,1015,11.744
11.748,852.3333333333333,663.75,0.2642786607702412,0,0.0,0,150.64282633072742,1033.5,651.5,174.26990560621763,678.5,683.0,127.0157470552372,856.0,667.25,678.5,683.0,1033.5,651.5,blink,2649,854.5,666.75,1015,11.748
11.752,851.8333333333334,663.4166666666667,0.2632633673919429,0,0.0,0,155.29801092875326,1033.5,654.5,182.45547402037573,676.0,679.0,128.14054783713078,854.75,666.75,676.0,679.0,1033.5,654.5,blink,2650,851.75,667.25,1016,11.752
11.756,849.3333333333333,665.0833333333333,0.2940603126985929,0,375.0000000000413,0,155.3556594588362,1028.0,656.5,181.463494951464,675.5,681.0,129.2478239662084,851.75,668.75,675.5,681.0,1028.0,656.5,visual intake,2651,851.75,668.75,1017,11.756
11.76,848.3333333333333,665.1666666666666,0.2936209149420365,0,312.5000000000344,0,148.73669930943936,1027.5,656.0,176.13914953808538,673.5,681.5,121.33424908079334,850.5,668.75,673.5,681.5,1027.5,656.0,visual intake,2652,850.5,668.75,1017,11.76
11.764,847.0,668.0,0.3016055097918635,0,375.0000000000413,0,148.7550068744605,1024.5,659.5,178.24140933015536,674.5,684.0,119.26860441876563,849.5,671.75,674.5,684.0,1024.5,659.5,visual intake,2653,850.5,670.25,1017,11.764
11.768,846.9166666666667,668.0833333333333,0.2898288553971912,0,279.5084971873804,0,153.2637392879236,1029.0,657.5,181.463494951464,669.5,684.0,125.06398362438324,849.25,670.75,669.5,684.0,1029.0,657.5,visual intake,2654,849.5,670.75,1017,11.768
11.772,849.0,666.9166666666667,0.2805743806679818,0,257.69410160113216,0,152.3709038288888,1027.5,657.5,178.48809484108455,676.0,683.0,126.25371281669304,851.75,670.25,676.0,683.0,1027.5,657.5,visual intake,2655,849.25,671.75,1017,11.772
11.776,846.5,671.1666666666667,0.2803878928654145,0,257.69410160113216,0,148.81802074477568,1026.0,663.0,177.36967046256808,672.0,687.0,120.26637102698326,849.0,675.0,672.0,687.0,1026.0,663.0,visual intake,2656,849.0,670.75,1017,11.776
11.78,844.8333333333334,669.0833333333333,0.3000465760923296,0,419.26274578125674,0,151.71132813625275,1026.5,658.0,184.3176605754316,666.5,686.5,119.10499569707392,846.5,672.25,666.5,686.5,1026.5,658.0,visual intake,2657,848.25,672.25,1017,11.78
11.784,843.6666666666666,665.9166666666667,0.2928842573344653,0,249.99999999991653,0,147.16827688232337,1023.5,652.5,174.26990560621763,671.0,685.0,120.06664815842908,847.25,668.75,671.0,685.0,1023.5,652.5,visual intake,2658,847.25,672.25,1017,11.784
11.788,846.5,669.1666666666666,0.2788661564240414,0,187.50000000002066,0,151.4403771997253,1025.5,659.5,180.47160441465576,671.0,686.0,122.40914998479484,848.25,672.75,671.0,686.0,1025.5,659.5,visual intake,2659,846.5,672.25,1017,11.788
11.792,843.75,669.5,0.3035753362242465,0,364.4344934278714,0,149.77066460751905,1022.5,658.0,182.33211456021672,668.5,686.5,117.2092146548214,845.5,672.25,668.5,686.5,1022.5,658.0,visual intake,2660,847.25,671.0,1017,11.792
11.796,839.9166666666666,668.75,0.2703557554261058,0,364.4344934278714,0,153.7257861888521,1022.0,655.5,183.44754018519845,663.0,686.5,124.00403219250576,842.5,671.0,663.0,686.5,1022.0,655.5,visual intake,2661,846.5,672.25,1017,11.796
11.8,849.0,668.1666666666667,0.286257992801301,0,400.1952648394194,0,151.33290258023476,1032.0,659.5,181.463494951464,670.5,682.5,121.2023102090055,851.25,671.0,670.5,682.5,1032.0,659.5,visual intake,2662,845.5,671.0,1017,11.8
11.804,844.1666666666667,671.1666666666667,0.2885322959423396,0,250.00000000002754,0,147.81758840384373,1023.5,660.0,178.36199146679206,669.5,688.0,117.27318534089538,846.5,674.0,669.5,688.0,1023.5,660.0,visual intake,2663,846.5,671.0,1017,11.804
11.808,841.0833333333333,667.3333333333333,0.2724832388173972,0,0.0,0,154.663339070898,1022.0,655.0,185.31055015837603,665.0,685.0,124.01612798341996,843.5,670.0,665.0,685.0,1022.0,655.0,blink,2664,846.5,673.25,1018,11.808
11.812,848.8333333333334,670.5,0.2859009905834713,0,0.0,0,153.4358678026383,1034.0,662.5,181.72781845386248,669.5,684.0,125.14391715141412,851.75,673.25,669.5,684.0,1034.0,662.5,blink,2665,846.5,673.25,1019,11.812
11.816,843.6666666666667,672.25,0.2845679671961563,0,0.0,0,147.16163675668096,1025.5,660.5,176.2554963681984,666.0,689.0,118.06777714516352,845.75,674.75,666.0,689.0,1025.5,660.5,blink,2666,849.5,673.25,1020,11.816
11.82,846.0833333333334,667.1666666666667,0.2756019702373945,0,0.0,0,151.60429815970315,1026.0,656.5,179.0111728356641,673.0,683.5,124.1974234837422,849.5,670.0,673.0,683.5,1026.0,656.5,blink,2667,849.5,673.25,1021,11.82
11.824,846.3333333333334,670.9166666666666,0.2843010548199627,0,0.0,0,149.7360432455404,1023.0,662.0,177.36967046256808,676.0,685.5,122.10241602851272,849.5,673.75,676.0,685.5,1023.0,662.0,blink,2668,849.5,671.0,1022,11.824
11.828,844.0833333333333,666.75,0.2876576367385224,0,0.0,0,147.09803547220446,1025.0,655.0,173.1588865753069,669.5,683.5,121.03718436910204,847.25,669.25,669.5,683.5,1025.0,655.0,blink,2669,849.5,671.0,1023,11.828
11.832,847.75,668.3333333333333,0.2609320957608995,0,0.0,0,150.56672484055582,1028.0,654.5,175.03428235634297,673.0,687.5,126.09916732476864,850.5,671.0,673.0,687.5,1028.0,654.5,blink,2670,850.5,671.25,1023,11.832
11.836,848.1666666666667,668.5833333333334,0.2569360834038686,0,0.0,0,155.21816176982665,1029.0,657.0,181.3394606807906,673.5,685.5,129.0968628588627,851.25,671.25,673.5,685.5,1029.0,657.0,blink,2671,851.25,671.25,1023,11.836
11.84,850.0833333333333,671.1666666666666,0.2571189296689394,0,0.0,0,154.20121859622006,1033.0,661.0,181.3394606807906,672.5,687.0,127.06297651164952,852.75,674.0,672.5,687.0,1033.0,661.0,blink,2672,851.25,673.5,1024,11.84
11.844,851.1666666666667,670.5833333333333,0.2435457494065921,0,0.0,0,154.44569955359714,1031.0,661.5,182.7922317824256,677.0,685.5,126.09916732476864,854.0,673.5,677.0,685.5,1031.0,661.5,blink,2673,852.75,673.5,1025,11.844
11.848,847.6666666666667,673.1666666666667,0.2633903838136104,0,0.0,0,152.8364635010501,1027.5,664.0,176.63804799646084,674.5,688.5,129.0348790056394,851.0,676.25,674.5,688.5,1027.5,664.0,blink,2674,854.0,673.5,1025,11.848
11.852,853.5833333333334,669.8333333333334,0.2524626667353165,0,0.0,0,151.02121757075196,1035.5,657.5,180.00555546982432,677.0,687.5,122.03687967167956,856.25,672.5,677.0,687.5,1035.5,657.5,blink,2675,856.25,673.5,1026,11.852
11.856,855.4166666666667,670.5,0.2690555886877824,0,0.0,0,151.65298644658947,1037.5,664.5,184.200977196105,678.5,682.5,119.10499569707392,858.0,673.5,678.5,682.5,1037.5,664.5,blink,2676,856.25,672.5,1027,11.856
11.86,855.4166666666667,669.6666666666667,0.2513965895965191,0,0.0,0,153.41225059177148,1037.5,663.5,183.7879212570837,678.5,681.5,123.03657992645928,858.0,672.5,678.5,681.5,1037.5,663.5,blink,2677,858.0,672.5,1027,11.86
11.864,849.8333333333333,667.6666666666666,0.2700753538385798,0,0.0,0,151.14220403425008,1032.0,658.5,177.2484132510077,673.5,682.5,125.03599481749244,852.75,670.5,673.5,682.5,1032.0,658.5,blink,2678,858.0,670.5,1027,11.864
11.868,856.3333333333334,668.0,0.2556924966248554,0,0.0,0,152.56826129435342,1037.0,657.5,182.98907071188705,681.0,683.0,122.14745187681976,859.0,670.25,681.0,683.0,1037.0,657.5,blink,2679,859.0,670.25,1027,11.868
11.872,857.5833333333333,665.1666666666667,0.2657161772319067,0,0.0,0,155.79067266267262,1042.5,656.5,184.43969204051496,678.5,680.0,127.1416532848303,860.5,668.25,678.5,680.0,1042.5,656.5,blink,2680,859.0,669.0,1027,11.872
11.876,856.0,666.0833333333334,0.2661608013198805,0,0.0,0,150.6745893801654,1039.0,659.5,177.2484132510077,679.0,678.5,124.10076550932313,859.0,669.0,679.0,678.5,1039.0,659.5,blink,2681,860.5,668.25,1027,11.876
11.88,857.9166666666667,660.1666666666666,0.2735315815387521,0,0.0,0,152.74858701066734,1040.0,647.0,179.35439777156287,682.0,679.0,126.14277624977184,861.0,663.0,682.0,679.0,1040.0,647.0,blink,2682,861.0,665.75,1028,11.88
11.884,858.5,662.5833333333334,0.2598160031276183,0,0.0,0,155.85676435375814,1041.0,654.0,180.7097119692243,682.5,676.5,131.00381673829202,861.75,665.25,682.5,676.5,1041.0,654.0,blink,2683,861.75,665.75,1029,11.884
11.888,860.8333333333333,662.5,0.2764040709196155,0,0.0,0,153.43421346479715,1041.5,654.5,179.8054504179448,684.5,677.0,127.06297651164952,863.0,665.75,684.5,677.0,1041.5,654.5,blink,2684,863.0,665.25,1029,11.888
11.892,863.3333333333333,662.5,0.2854923236541089,0,0.0,0,156.04690633773544,1045.5,656.0,186.07794065928397,686.0,676.0,126.01587201618692,865.75,666.0,686.0,676.0,1045.5,656.0,blink,2685,865.75,665.25,1030,11.892
11.896,865.0833333333333,660.6666666666667,0.2798491866202807,0,0.0,0,154.97364378731945,1048.0,655.5,178.80995498014084,687.5,673.0,131.13733259449805,867.75,664.25,687.5,673.0,1048.0,655.5,blink,2686,865.75,664.25,1031,11.896
11.9,869.4166666666666,660.6666666666666,0.271692476332512,0,0.0,0,157.3908154388874,1053.5,655.0,187.6832437912346,689.5,673.5,127.09838708654016,871.5,664.25,689.5,673.5,1053.5,655.0,blink,2687,867.75,664.25,1032,11.9
11.904,862.75,660.0833333333334,0.2552066924405492,0,0.0,0,159.88746255831214,1046.5,655.5,187.77113729218345,683.0,671.5,132.00378782444085,864.75,663.5,683.0,671.5,1046.5,655.5,blink,2688,871.5,663.5,1032,11.904
11.908,868.75,658.4166666666667,0.2598301387342788,0,0.0,0,152.3399828556098,1051.0,653.5,174.6453549339346,692.0,669.5,130.034610777285,871.5,661.5,692.0,669.5,1051.0,653.5,blink,2689,871.5,661.5,1032,11.908
11.912,869.75,657.5833333333334,0.252893747854591,0,0.0,0,158.83385204322963,1054.5,653.5,185.60711193270583,689.0,668.0,132.06059215375342,871.75,660.75,689.0,668.0,1054.5,653.5,blink,2690,871.75,660.75,1033,11.912
11.916,870.0,656.6666666666667,0.2604742949744979,0,0.0,0,153.788427927484,1053.5,653.5,175.4821928287882,691.0,666.5,132.09466302617983,872.25,660.0,691.0,666.5,1053.5,653.5,blink,2691,872.25,660.0,1033,11.916
11.92,873.75,656.1666666666666,0.2695900537824121,0,0.0,0,157.5466255675854,1060.0,653.5,181.0,693.0,665.5,134.09325113517085,876.5,659.5,693.0,665.5,1060.0,653.5,blink,2692,876.5,659.5,1034,11.92
11.924,873.5833333333333,653.75,0.2577263010166641,0,0.0,0,155.89435860201004,1054.5,652.0,175.72990639046048,699.0,662.0,136.0588108135596,876.75,657.0,699.0,662.0,1054.5,652.0,blink,2693,876.75,658.0,1035,11.924
11.928,879.75,654.8333333333333,0.2478964730177355,0,0.0,0,160.22925494622973,1060.5,654.0,179.4017837146554,703.5,662.0,141.05672617780408,882.0,658.0,703.5,662.0,1060.5,654.0,blink,2694,880.75,657.0,1036,11.928
11.932,878.75,652.8333333333333,0.2738893524994967,0,0.0,0,154.84455115945923,1061.5,653.0,177.55280904564702,700.0,660.0,132.13629327327143,880.75,656.5,700.0,660.0,1061.5,653.0,blink,2695,882.0,656.5,1037,11.932
11.936,883.8333333333333,651.1666666666667,0.2778053915211632,0,0.0,0,155.70797357073795,1068.0,651.0,178.2806775845324,702.5,659.0,133.13526955694348,885.25,655.0,702.5,659.0,1068.0,651.0,blink,2696,885.25,655.5,1038,11.936
11.94,885.6666666666667,651.0,0.2740795238723954,0,0.0,0,158.75650713060878,1072.5,653.5,183.3303030052588,701.0,657.5,134.18271125595876,886.75,655.5,701.0,657.5,1072.5,653.5,blink,2697,886.75,655.0,1039,11.94
11.944,890.8333333333333,649.0833333333334,0.2643398878501735,0,0.0,0,161.70920503722553,1085.0,649.5,184.32851108821987,699.5,655.5,139.0898989862312,892.25,652.5,699.5,655.5,1085.0,649.5,blink,2698,892.25,652.5,1040,11.944
11.948,893.0,646.5,0.271399787208587,0,0.0,0,157.3666811612527,1080.0,646.0,176.555940143627,710.0,654.5,138.1774221788784,895.0,650.25,710.0,654.5,1080.0,646.0,blink,2699,895.0,651.25,1040,11.948
11.952,893.1666666666667,647.1666666666667,0.2681007406365481,0,0.0,0,156.79711465081508,1081.0,650.0,170.42300314218147,709.5,652.5,143.17122615944868,895.25,651.25,709.5,652.5,1081.0,650.0,blink,2700,895.25,650.75,1041,11.952
11.956,901.75,647.4166666666667,0.2674878438941305,0,0.0,0,160.2895300255189,1091.0,650.5,178.22738285684386,716.0,651.0,142.35167719419397,903.5,650.75,716.0,651.0,1091.0,650.5,blink,2701,903.5,650.25,1042,11.956
11.96,904.5,643.75,0.2679212256961304,0,0.0,0,160.7819684632143,1096.0,649.5,176.34341496069538,717.5,648.0,145.2205219657332,906.75,648.75,717.5,648.0,1096.0,649.5,blink,2702,906.75,648.75,1042,11.96
11.964,905.5,642.0,0.2762558756211618,0,0.0,0,154.27424557283624,1091.5,646.0,169.1892431568863,723.5,646.0,139.35924798878617,907.5,646.0,723.5,646.0,1091.5,646.0,blink,2703,907.5,647.5,1043,11.964
11.968,913.5,642.75,0.279674238926053,0,0.0,0,160.88334351530256,1104.0,646.5,182.33211456021672,726.5,648.5,139.43457247038842,915.25,647.5,726.5,648.5,1104.0,646.5,blink,2704,914.75,646.0,1044,11.968
11.972,913.5,641.4166666666667,0.2819672734200913,0,0.0,0,157.84676396963653,1100.0,642.0,174.18381095842403,729.5,649.0,141.50971698084905,914.75,645.5,729.5,649.0,1100.0,642.0,blink,2705,915.25,645.5,1045,11.972
11.976,919.0833333333334,638.9166666666666,0.2744873518038854,0,0.0,0,163.27753723015522,1111.5,643.0,181.27603261324975,732.5,644.5,145.27904184706065,922.0,643.75,732.5,644.5,1111.5,643.0,blink,2706,921.5,643.75,1046,11.976
11.98,918.8333333333331,638.0,0.2787243740430074,0,0.0,0,158.29006681874012,1110.0,639.5,170.23806859806652,733.0,646.0,146.34206503941374,921.5,642.75,733.0,646.0,1110.0,639.5,blink,2707,922.0,642.75,1047,11.98
11.984,921.3333333333331,635.0,0.2741042155347272,0,0.0,0,159.82540175634514,1107.5,637.5,175.231275747225,740.0,641.5,144.4195277654653,923.75,639.5,740.0,641.5,1107.5,637.5,blink,2708,923.75,639.5,1048,11.984
11.988,926.3333333333331,633.1666666666667,0.2849583129837065,0,0.0,0,160.18266898354074,1116.5,636.0,179.0111728356641,738.5,639.0,141.35416513141735,927.5,637.5,738.5,639.0,1116.5,636.0,blink,2709,927.25,639.5,1048,11.988
11.992,925.25,632.3333333333334,0.2803065991918309,0,0.0,0,155.78516368416126,1108.5,637.5,169.14490828872147,746.0,634.5,142.42541907960108,927.25,636.0,746.0,634.5,1108.5,637.5,blink,2710,927.5,638.75,1049,11.992
11.996,927.0,636.25,0.2625436294243849,0,0.0,0,159.7503050766692,1110.0,642.0,172.01162751395617,747.5,638.0,147.48898263938224,928.75,640.0,747.5,638.0,1110.0,642.0,blink,2711,928.75,637.75,1049,11.996
12.0,930.8333333333334,634.25,0.2639576880110078,0,0.0,0,162.23948043336287,1119.5,640.5,173.0028901492689,746.5,637.0,151.47607071745688,933.0,638.75,746.5,637.0,1119.5,640.5,blink,2712,933.0,637.75,1050,12.0
12.004,935.75,633.5,0.2751748913550836,0,0.0,0,158.173671244548,1122.5,638.5,171.00292395160966,752.5,637.0,145.34441853748632,937.5,637.75,752.5,637.0,1122.5,638.5,blink,2713,937.5,638.75,1050,12.004
12.008,936.0,633.9166666666667,0.2741386370565257,0,0.0,0,153.17614569057463,1120.5,639.5,163.00306745579974,754.5,636.0,143.34922392534952,937.5,637.75,754.5,636.0,1120.5,639.5,blink,2714,937.5,638.75,1051,12.008
12.012,939.0,635.3333333333334,0.2729012018271137,0,0.0,0,162.64146393789576,1125.0,641.0,176.0113632695344,755.5,639.5,149.27156460625713,940.25,640.25,755.5,639.5,1125.0,641.0,blink,2715,940.25,638.75,1052,12.012
12.016,943.5,633.8333333333333,0.2884028171011495,0,0.0,0,152.1309372533483,1126.0,640.5,168.02678357928536,764.0,637.0,136.23509092741122,945.0,638.75,764.0,637.0,1126.0,640.5,blink,2716,945.0,638.75,1052,12.016
12.02,944.9166666666669,635.1666666666666,0.2903927753968078,0,0.0,0,156.68899547953234,1135.5,646.5,171.0263137648707,758.0,634.0,142.35167719419397,946.75,640.25,758.0,634.0,1135.5,646.5,blink,2717,946.75,638.75,1053,12.02
12.024,953.6666666666669,631.0,0.3118360171447535,0,0.0,0,151.17990448470084,1140.5,641.0,173.04623659588788,767.5,631.5,129.31357237351384,954.0,636.25,767.5,631.5,1140.5,641.0,blink,2718,952.25,638.5,1054,12.024
12.028,950.8333333333334,633.0833333333334,0.2822755230990621,0,0.0,0,156.7258664222359,1144.5,643.5,171.0263137648707,760.0,633.5,142.42541907960108,952.25,638.5,760.0,633.5,1144.5,643.5,blink,2719,954.0,638.5,1055,12.028
12.032,960.25,632.5,0.308286031959821,0,0.0,0,153.24336661782866,1147.5,646.5,175.025712396779,774.5,629.5,131.4610208388783,961.0,638.0,774.5,629.5,1147.5,646.5,blink,2720,959.0,638.5,1056,12.032
12.036,957.8333333333331,633.3333333333333,0.2669660813448748,0,0.0,0,157.1424627068813,1152.0,644.0,172.0,766.0,634.5,142.28492541376264,959.0,639.25,766.0,634.5,1152.0,644.0,blink,2721,961.0,638.75,1056,12.036
12.04,960.5833333333331,633.25,0.2956088863044867,0,0.0,0,158.1785111254756,1150.5,643.5,175.0028571195339,772.5,634.0,141.35416513141735,961.5,638.75,772.5,634.0,1150.5,643.5,blink,2722,961.5,639.25,1057,12.04
12.044,965.75,633.4166666666667,0.2995580219062482,0,0.0,0,154.80705492347658,1155.5,645.0,169.01183390520322,781.0,634.5,140.60227594174995,968.25,639.75,781.0,634.5,1155.5,645.0,blink,2723,966.0,639.25,1058,12.044
12.048,964.25,633.75,0.2889339150896952,0,0.0,0,156.3610957774617,1155.5,645.0,167.0478973228936,776.5,634.0,145.67429423202984,966.0,639.5,776.5,634.0,1155.5,645.0,blink,2724,968.25,638.75,1058,12.048
12.052,972.25,633.0833333333333,0.2995543631054624,0,0.0,0,154.8703932715347,1157.5,642.0,175.0114281982751,788.0,635.0,134.72935834479432,972.75,638.5,788.0,635.0,1157.5,642.0,blink,2725,970.75,638.5,1058,12.052
12.056,972.1666666666669,630.6666666666667,0.2823330896036778,0,0.0,0,153.8211532427352,1162.5,640.0,165.04847772699995,784.0,631.5,142.5938287584705,973.25,635.75,784.0,631.5,1162.5,640.0,blink,2726,972.75,636.0,1058,12.056
12.06,969.0,628.75,0.2841920903067111,0,0.0,0,153.83714711601493,1158.0,636.0,162.0,783.5,632.0,145.67429423202984,970.75,634.0,783.5,632.0,1158.0,636.0,blink,2727,972.75,635.75,1059,12.06
12.064,972.1666666666669,631.1666666666667,0.2793398093129093,0,0.0,0,152.80919113920044,1159.0,637.5,168.0029761641144,786.5,634.5,137.6154061142865,972.75,636.0,786.5,634.5,1159.0,637.5,blink,2728,972.75,634.0,1059,12.064
12.068,969.3333333333331,628.4166666666667,0.2802089954531442,0,0.0,0,157.7835888123622,1163.5,637.0,163.01226947687098,781.0,630.5,152.55490814785344,972.25,633.75,781.0,630.5,1163.5,637.0,blink,2729,972.75,633.75,1059,12.068
12.072,978.6666666666669,628.0,0.2960746676488777,0,0.0,0,148.44390682413962,1163.0,636.0,168.01190434013895,795.0,628.5,128.87590930814028,979.0,632.25,795.0,628.5,1163.0,636.0,blink,2730,979.0,632.25,1060,12.072
12.076,977.75,625.75,0.2635457030619713,0,0.0,0,147.36310449614786,1162.5,634.0,157.01273833673497,795.5,626.0,137.71347065556077,979.0,630.0,795.5,626.0,1162.5,634.0,blink,2731,979.0,632.25,1061,12.076
12.08,981.75,625.0,0.2850932287590468,0,0.0,0,147.81845722149143,1168.0,636.5,162.00308639035245,798.5,621.5,133.63382805263043,983.25,629.0,798.5,621.5,1168.0,636.5,blink,2732,983.0,630.0,1062,12.08
12.084,981.9166666666669,627.5833333333334,0.2906041572925369,0,0.0,0,149.22983812211055,1168.5,635.0,163.01226947687098,797.5,629.5,135.44740676735012,983.0,632.25,797.5,629.5,1168.5,635.0,blink,2733,983.0,629.5,1063,12.084
12.088,982.0,625.3333333333333,0.2834431213641913,0,0.0,0,148.82176432139855,1166.0,635.5,160.0281225285106,800.5,623.5,137.6154061142865,983.25,629.5,800.5,623.5,1166.0,635.5,blink,2734,983.0,629.0,1063,12.088
12.092,980.5833333333331,624.9166666666667,0.2749130749679483,0,0.0,0,146.32086585864616,1163.0,633.5,160.00312496948305,800.0,624.5,132.6386067478093,981.5,629.0,800.0,624.5,1163.0,633.5,blink,2735,981.75,629.0,1063,12.092
12.096,981.0833333333331,625.25,0.2676448211940326,0,0.0,0,152.81071689144784,1165.5,633.5,163.02760502442524,798.0,623.5,142.5938287584705,981.75,628.5,798.0,623.5,1165.5,633.5,blink,2736,981.75,628.5,1063,12.096
12.1,981.75,622.25,0.2847206567808004,0,0.0,0,143.94882168880673,1159.0,628.5,158.02847844613325,804.5,622.5,129.8691649314802,981.75,625.5,804.5,622.5,1159.0,628.5,blink,2737,981.75,625.5,1064,12.1
12.104,985.1666666666666,621.0,0.2570097266699515,0,0.0,0,153.31469108119546,1167.0,626.5,166.02710622064097,803.0,622.5,140.60227594174995,985.0,624.5,803.0,622.5,1167.0,626.5,blink,2738,981.75,624.5,1065,12.104
12.108,979.9166666666669,613.6666666666667,0.2476259961028979,0,0.0,0,149.31173294444008,1158.0,617.0,160.0124995117569,803.0,616.5,138.61096637712328,980.5,616.75,803.0,616.5,1158.0,617.0,blink,2739,985.0,624.5,1066,12.108
12.112,990.4166666666666,617.1666666666666,0.2664211509051969,0,0.0,0,150.3761261942499,1167.0,623.0,168.01190434013895,813.0,619.0,132.74034804836094,990.0,621.0,813.0,619.0,1167.0,623.0,blink,2740,990.0,624.5,1066,12.112
12.116,990.6666666666669,622.25,0.2667484146182454,0,0.0,0,153.00594523373468,1174.5,631.5,169.07394831847986,806.0,621.0,136.93794214898952,990.25,626.25,806.0,621.0,1174.5,631.5,blink,2741,990.25,626.25,1067,12.116
12.12,997.8333333333331,624.4166666666666,0.2881201180484464,0,0.0,0,151.90931337595663,1180.0,636.5,172.07265907168403,815.5,622.0,131.7459676802292,997.75,629.25,815.5,622.0,1180.0,636.5,blink,2742,997.75,626.25,1068,12.12
12.124,1000.0,622.0833333333333,0.2897080665408683,0,0.0,0,148.5753775087948,1180.0,634.5,168.02678357928536,820.0,618.5,129.1239714383042,1000.0,626.5,820.0,618.5,1180.0,634.5,blink,2743,1000.0,626.5,1068,12.124
12.128,1003.4166666666669,621.9166666666666,0.2761097692175863,0,0.0,0,155.9240278155193,1184.5,633.0,171.04677722775136,824.0,618.5,140.80127840328723,1004.25,625.75,824.0,618.5,1184.5,633.0,blink,2744,1004.25,627.5,1068,12.128
12.132,1006.1666666666666,623.5,0.2836775205719773,0,0.0,0,148.10408376575828,1187.0,636.0,164.1097193952875,824.5,619.5,132.09844813622905,1005.75,627.75,824.5,619.5,1187.0,636.0,blink,2745,1005.75,626.5,1069,12.132
12.136,1010.75,623.5,0.2823733389199676,0,0.0,0,151.98966400941987,1193.0,637.0,166.04818577750254,830.5,618.0,137.93114224133723,1011.75,627.5,830.5,618.0,1193.0,637.0,blink,2746,1010.25,627.5,1070,12.136
12.14,1010.3333333333331,621.6666666666667,0.2856949248016465,0,0.0,0,148.95969682081235,1191.0,632.5,164.0762018087937,829.5,617.5,133.843191832831,1010.25,625.0,829.5,617.5,1191.0,632.5,blink,2747,1011.75,627.5,1071,12.14
12.144,1017.25,624.3333333333334,0.2648256302221938,0,0.0,0,144.54739882434126,1195.0,638.0,158.11388300841898,840.0,618.0,130.9809146402635,1017.5,628.0,840.0,618.0,1195.0,638.0,blink,2748,1016.25,627.5,1072,12.144
12.148,1016.5,622.6666666666667,0.264595311444504,0,0.0,0,142.14904577781124,1192.0,634.5,156.02884348735012,840.5,617.0,128.2692480682724,1016.25,625.75,840.5,617.0,1192.0,634.5,blink,2749,1017.5,628.0,1073,12.148
12.152,1017.5833333333331,624.75,0.2659929002284477,0,0.0,0,143.5382753989784,1194.5,640.0,153.11760186209813,840.5,618.0,133.9589489358587,1017.5,629.0,840.5,618.0,1194.5,640.0,blink,2750,1017.5,628.0,1073,12.152
12.156,1021.5,626.1666666666666,0.2814995482884949,0,0.0,0,142.78600287332256,1200.5,643.0,155.32224567009067,842.5,619.0,130.24976007655445,1021.5,631.0,842.5,619.0,1200.5,643.0,blink,2751,1018.75,629.0,1073,12.156
12.16,1018.3333333333331,621.4166666666667,0.2494569724350311,0,0.0,0,142.9501975290084,1194.5,635.5,153.16004700965587,843.0,615.0,132.74034804836094,1018.75,625.25,843.0,615.0,1194.5,635.5,blink,2752,1021.5,630.5,1074,12.16
12.164,1021.4166666666669,625.9166666666666,0.273947268937836,0,0.0,0,145.56337375230595,1201.5,645.5,159.02829936838285,841.5,615.5,132.09844813622905,1021.5,630.5,841.5,615.5,1201.5,645.5,blink,2753,1021.5,630.5,1075,12.164
12.168,1031.0,628.5,0.2783300501878118,0,0.0,0,141.20973803305404,1212.5,647.5,153.16004700965587,849.0,620.0,129.2594290564522,1030.75,633.75,849.0,620.0,1212.5,647.5,blink,2754,1030.75,630.5,1076,12.168
12.172,1034.8333333333333,625.3333333333333,0.2654631014281497,0,0.0,0,139.62595097544713,1213.5,644.0,151.11915828246265,855.5,616.5,128.1327436684316,1034.5,630.25,855.5,616.5,1213.5,644.0,blink,2755,1031.25,630.5,1077,12.172
12.176,1031.5,626.1666666666667,0.2673375426656343,0,0.0,0,140.29136193014176,1208.0,641.0,150.33296378372907,854.5,620.0,130.24976007655445,1031.25,630.5,854.5,620.0,1208.0,641.0,blink,2756,1034.5,630.25,1078,12.176
12.18,1035.6666666666663,622.9166666666667,0.2597465508241161,0,0.0,0,138.7387218328682,1210.5,634.0,147.48898263938224,859.5,619.0,129.98846102635417,1035.0,626.5,859.5,619.0,1210.5,634.0,blink,2757,1035.0,626.5,1078,12.18
12.184,1036.4166666666667,620.9166666666666,0.2579518564018415,0,0.0,0,143.96508157280772,1211.5,633.5,155.08062419270823,861.0,616.5,132.84953895290718,1036.25,625.0,861.0,616.5,1211.5,633.5,blink,2758,1036.25,625.0,1079,12.184
12.188,1038.5,619.75,0.2728472372990168,0,0.0,0,140.43257804770334,1216.5,631.0,151.21177202850313,859.5,617.5,129.65338406690356,1038.0,624.25,859.5,617.5,1216.5,631.0,blink,2759,1038.0,624.25,1079,12.188
12.192,1040.1666666666667,616.75,0.2741791554980376,0,0.0,0,141.37960606624785,1218.5,627.0,151.0132444522665,862.5,614.0,131.7459676802292,1040.5,620.5,862.5,614.0,1218.5,627.0,blink,2760,1040.5,620.75,1080,12.192
12.196,1042.5,616.0,0.2793008873097639,0,0.0,0,144.36901899734238,1220.5,626.5,155.00322577288512,864.5,615.0,133.7348122217996,1042.5,620.75,864.5,615.0,1220.5,626.5,blink,2761,1042.5,620.5,1080,12.196
12.2,1046.1666666666667,615.4166666666667,0.2726846684931135,0,0.0,0,142.63274444321704,1219.5,625.0,151.0529708413575,872.5,615.0,134.21251804507656,1046.0,620.0,872.5,615.0,1219.5,625.0,blink,2762,1042.75,620.0,1081,12.2
12.204,1042.3333333333337,612.25,0.2611663905700864,0,0.0,0,140.98979166149974,1218.5,619.0,149.01342221424215,867.0,616.0,132.9661611087573,1042.75,617.5,867.0,616.0,1218.5,619.0,blink,2763,1045.5,617.5,1082,12.204
12.208,1048.5833333333333,610.0833333333333,0.2172572380375323,0,0.0,0,140.93679705780266,1223.0,613.5,148.03040228277433,876.5,613.5,133.843191832831,1049.75,613.5,876.5,613.5,1223.0,613.5,blink,2764,1046.0,614.0,1082,12.208
12.212,1045.5,607.1666666666667,0.2379179936883057,0,0.0,0,140.1935081750866,1222.5,611.0,151.0,868.5,612.0,129.38701635017324,1045.5,611.5,868.5,612.0,1222.5,611.0,blink,2765,1046.5,613.5,1083,12.212
12.216,1046.0,609.25,0.2310953458054332,0,0.0,0,144.5329540067878,1221.5,617.5,149.03019828209315,871.5,610.5,140.03570973148243,1046.5,614.0,871.5,610.5,1221.5,617.5,blink,2766,1049.75,611.5,1084,12.216
12.22,1051.0,605.8333333333334,0.2297772396682366,0,0.0,0,141.5398825952866,1224.5,611.0,147.0136048126159,879.5,607.5,136.06616037795732,1052.0,609.25,879.5,607.5,1224.5,611.0,blink,2767,1050.0,609.25,1084,12.22
12.224,1051.4166666666667,604.9166666666667,0.2542207004821447,0,0.0,0,141.76004104645006,1228.0,607.0,154.0519392932137,875.5,610.5,129.46814279968643,1051.75,608.75,875.5,610.5,1228.0,607.0,blink,2768,1051.5,609.25,1085,12.224
12.228,1049.1666666666667,604.25,0.2325988583539966,0,0.0,0,146.48008589048447,1224.5,606.5,155.0290295396317,875.5,611.0,137.93114224133723,1050.0,608.75,875.5,611.0,1224.5,606.5,blink,2769,1051.75,608.75,1085,12.228
12.232,1050.9166666666667,605.4166666666666,0.2648040537478812,0,0.0,0,147.30708573620166,1224.0,608.5,156.00320509528,879.0,611.5,138.61096637712328,1051.5,610.0,879.0,611.5,1224.0,608.5,blink,2770,1051.75,608.75,1085,12.232
12.236,1052.6666666666667,599.8333333333333,0.2391392080839132,0,0.0,0,142.77177277044274,1225.0,600.5,152.00328943809075,881.5,608.0,133.5402561027947,1053.25,604.25,881.5,608.0,1225.0,600.5,blink,2771,1053.25,606.0,1086,12.236
12.24,1056.0833333333337,601.9166666666667,0.2412681528956766,0,0.0,0,146.9080246939982,1232.5,600.5,155.00322577288512,881.0,611.5,138.81282361511128,1056.75,606.0,881.0,611.5,1232.5,600.5,blink,2772,1056.75,605.75,1086,12.24
12.244,1056.5833333333333,601.5833333333333,0.2580443725695329,0,0.0,0,145.2658160230151,1226.0,599.5,154.00324671902212,888.0,612.0,136.5283853270081,1057.0,605.75,888.0,612.0,1226.0,599.5,blink,2773,1057.0,605.75,1087,12.244
12.248,1057.6666666666663,601.0,0.2573288299824988,0,0.0,0,147.35162847063768,1227.5,601.0,155.0,888.5,609.0,139.70325694127536,1058.0,605.0,888.5,609.0,1227.5,601.0,blink,2774,1058.0,606.0,1087,12.248
12.252,1059.3333333333337,602.6666666666667,0.2240426843824322,0,0.0,0,146.4042262358767,1232.0,606.5,158.07909412695912,887.0,607.0,134.72935834479432,1059.5,606.75,887.0,607.0,1232.0,606.5,blink,2775,1059.5,606.75,1087,12.252
12.256,1060.1666666666667,603.8333333333333,0.2359226218710107,0,0.0,0,147.06189148002463,1232.5,605.5,155.08062419270823,889.0,610.5,139.04315876734103,1060.75,608.0,889.0,610.5,1232.5,605.5,blink,2776,1060.75,606.75,1087,12.256
12.26,1065.0,604.25,0.2164038680630063,0,0.0,0,144.94589226425705,1236.0,608.5,156.1569723067145,894.5,608.0,133.7348122217996,1065.25,608.25,894.5,608.0,1236.0,608.5,blink,2777,1063.25,606.75,1088,12.26
12.264,1063.1666666666667,600.4166666666667,0.2467441384606748,0,125.00000000001377,0,141.66211869868908,1236.5,600.0,153.0130713370593,890.0,608.5,130.31116606031887,1063.25,604.25,890.0,608.5,1236.5,600.0,visual intake,2778,1063.75,606.75,1089,12.264
12.268,1065.1666666666667,603.25,0.2448310761544033,0,374.9999999998748,0,143.43620155993926,1235.5,604.0,149.05368160498418,896.5,609.5,137.81872151489435,1066.0,606.75,896.5,609.5,1235.5,604.0,visual intake,2779,1065.25,606.75,1089,12.268
12.272,1063.0833333333333,602.5,0.2257507882303513,0,187.50000000002066,0,142.80939222705342,1233.0,602.5,148.00337833982033,894.5,610.5,137.6154061142865,1063.75,606.5,894.5,610.5,1233.0,602.5,visual intake,2780,1066.0,606.75,1089,12.272
12.276,1067.0833333333337,602.5,0.2536801950751478,0,312.5000000000344,0,143.65329453681773,1238.5,602.0,149.01342221424215,896.0,611.5,138.2931668593933,1067.25,606.75,896.0,611.5,1238.5,602.0,visual intake,2781,1067.25,606.75,1089,12.276
12.28,1069.1666666666663,605.5,0.2481394347763618,0,488.1406047442196,0,144.37669677705966,1239.5,607.5,153.0294089382822,899.5,612.0,135.72398461583714,1069.5,609.75,899.5,612.0,1239.5,607.5,visual intake,2782,1068.75,608.0,1089,12.28
12.284,1067.5833333333337,603.9166666666667,0.2181862644132204,0,187.4999999999374,0,145.79859221269078,1240.5,605.5,149.00335566691106,897.0,610.5,142.5938287584705,1068.75,608.0,897.0,610.5,1240.5,605.5,visual intake,2783,1068.75,608.75,1089,12.284
12.288,1070.9166666666667,608.75,0.2486606271594831,0,312.5000000000344,0,147.2619808313312,1246.0,608.5,156.00320509528,896.0,618.0,138.52075656738234,1071.0,613.25,896.0,618.0,1246.0,608.5,visual intake,2784,1069.5,609.75,1089,12.288
12.292,1067.5833333333333,604.0,0.2513797526792142,0,380.17265814368056,0,143.68260005916744,1236.5,601.5,149.00335566691106,899.0,616.0,138.36184445142382,1067.75,608.75,899.0,616.0,1236.5,601.5,visual intake,2785,1071.0,610.0,1089,12.292
12.296,1075.8333333333337,607.25,0.2170792340000062,0,0.0,0,140.72541569236,1249.0,606.5,146.00342461736986,905.5,613.5,135.44740676735012,1077.25,610.0,905.5,613.5,1249.0,606.5,blink,2786,1075.5,611.75,1090,12.296
12.3,1076.0,607.8333333333333,0.2465390423827266,0,312.49999999989564,0,144.37163451992654,1246.5,611.5,151.02979838429235,904.5,612.0,137.71347065556077,1075.5,611.75,904.5,612.0,1246.5,611.5,visual intake,2787,1076.25,610.75,1091,12.3
12.304,1075.25,607.6666666666666,0.2382750643578322,0,279.50849718750453,0,148.8348484691964,1248.5,609.0,151.0,904.0,615.0,146.66969693839283,1076.25,612.0,904.0,615.0,1248.5,609.0,visual intake,2788,1076.75,611.75,1091,12.304
12.308,1076.0,606.5833333333333,0.2476205666668187,0,139.75424859375227,0,138.6853487622733,1246.5,606.5,141.00354605470034,907.0,615.0,136.36715146984628,1076.75,610.75,907.0,615.0,1246.5,606.5,visual intake,2789,1076.25,612.0,1091,12.308
12.312,1077.75,609.8333333333333,0.2451282659662435,0,455.0068680800825,0,142.73363464445242,1248.0,610.0,152.0131573252789,907.5,617.5,133.4541119636259,1077.75,613.75,907.5,617.5,1248.0,610.0,visual intake,2790,1076.75,613.75,1091,12.312
12.316,1076.5833333333333,612.0833333333333,0.249185651117357,0,419.2627457810706,0,139.7287682904979,1245.0,611.5,146.00342461736986,907.5,620.5,133.4541119636259,1076.25,616.0,907.5,620.5,1245.0,611.5,visual intake,2791,1077.5,615.25,1091,12.316
12.32,1078.0,611.0833333333333,0.2540833147957138,0,62.500000000006885,0,142.15323121359984,1248.0,610.0,152.0,907.0,620.5,132.30646242719968,1077.5,615.25,907.0,620.5,1248.0,610.0,visual intake,2792,1077.75,615.25,1091,12.32
12.324,1080.9166666666667,612.5,0.2313407051167734,0,419.26274578125674,0,142.2370460879688,1250.5,614.0,153.0130713370593,910.5,618.5,131.4610208388783,1080.5,616.25,910.5,618.5,1250.5,614.0,visual intake,2793,1079.25,616.0,1091,12.324
12.328,1080.1666666666667,611.1666666666667,0.2244259487036374,0,318.68871959958415,0,142.35843598837735,1246.5,613.5,147.00340132119393,914.5,615.0,137.71347065556077,1080.5,614.25,914.5,615.0,1246.5,613.5,visual intake,2794,1080.5,616.25,1091,12.328
12.332,1079.5833333333333,612.5833333333334,0.2306445771181314,0,0.0,0,140.8637046166035,1246.0,615.5,146.00342461736986,912.5,617.0,135.72398461583714,1079.25,616.25,912.5,617.0,1246.0,615.5,blink,2795,1080.5,616.25,1091,12.332
12.336,1081.5,615.25,0.2289007612891561,0,318.68871959958415,0,140.65775176668558,1248.5,619.0,147.0136048126159,913.0,618.5,134.30189872075525,1080.75,618.75,913.0,618.5,1248.5,619.0,visual intake,2796,1080.75,617.5,1091,12.336
12.34,1084.1666666666667,614.0,0.2352761350236738,0,0.0,0,140.2769304577053,1250.5,619.0,147.0136048126159,916.5,616.0,133.5402561027947,1083.5,617.5,916.5,616.0,1250.5,619.0,blink,2797,1083.5,617.5,1092,12.34
12.344,1083.9166666666667,614.3333333333333,0.2291620103336563,0,0.0,0,142.4140418556642,1251.0,619.5,148.00337833982033,916.0,617.5,136.82470537150812,1083.5,618.5,916.0,617.5,1251.0,619.5,blink,2798,1083.5,618.5,1093,12.344
12.348,1084.8333333333333,613.5,0.2299060107018003,0,0.0,0,138.27216610312357,1250.0,616.0,144.0,919.0,618.0,132.54433220624713,1084.5,617.0,919.0,618.0,1250.0,616.0,blink,2799,1084.5,618.5,1093,12.348
12.352,1087.5,617.6666666666666,0.2246414977664183,0,0.0,0,141.79316408174608,1256.0,622.0,148.05404418657398,918.5,620.0,135.5322839769182,1087.25,621.0,918.5,620.0,1256.0,622.0,blink,2800,1085.75,620.75,1094,12.352
12.356,1086.0833333333333,619.0833333333333,0.2298848953320581,0,0.0,0,141.93127734075784,1255.0,623.0,144.05554484295286,917.5,622.5,139.8070098385628,1086.25,622.75,917.5,622.5,1255.0,623.0,blink,2801,1086.0,621.0,1095,12.356
12.36,1086.0833333333337,617.0,0.2360798359253192,0,0.0,0,144.72547803869344,1252.5,621.0,151.0132444522665,919.0,620.5,138.4377116251204,1085.75,620.75,919.0,620.5,1252.5,621.0,blink,2802,1086.25,622.75,1095,12.36
12.364,1086.0,623.3333333333333,0.2253164431048215,0,0.0,0,145.3577002243773,1257.0,629.0,148.12157169028418,915.0,626.5,142.5938287584705,1086.0,627.75,915.0,626.5,1257.0,629.0,blink,2803,1086.25,623.5,1095,12.364
12.368,1086.4166666666667,619.9166666666667,0.2264542641045756,0,0.0,0,141.71597410572952,1251.0,623.5,142.00352108310554,922.5,623.5,141.42842712835352,1086.75,623.5,922.5,623.5,1251.0,623.5,blink,2804,1086.0,626.0,1096,12.368
12.372,1085.75,622.3333333333333,0.2138966097255077,0,0.0,0,141.78302191874357,1255.0,628.0,142.0563268566381,917.5,624.0,141.50971698084905,1086.25,626.0,917.5,624.0,1255.0,628.0,blink,2805,1086.0,627.75,1097,12.372
12.376,1084.75,625.0,0.210389395384841,0,0.0,0,142.7433199370111,1252.5,627.0,145.0551619212498,918.0,629.5,140.4314779527724,1085.25,628.25,918.0,629.5,1252.5,627.0,blink,2806,1086.25,628.25,1097,12.376
12.38,1085.0833333333337,628.6666666666667,0.2247917272834285,0,0.0,0,145.77991091178632,1254.5,636.0,149.05368160498418,917.0,630.0,142.50614021858848,1085.75,633.0,917.0,630.0,1254.5,636.0,blink,2807,1086.25,630.0,1097,12.38
12.384,1086.8333333333333,626.5833333333334,0.2260420964532817,0,0.0,0,142.68908814635694,1255.5,629.5,147.08500943332058,917.0,630.5,138.2931668593933,1086.25,630.0,917.0,630.5,1255.5,629.5,blink,2808,1085.75,632.75,1098,12.384
12.388,1086.9166666666667,631.3333333333334,0.2424710284758898,0,0.0,0,145.204469744633,1258.0,639.0,150.11995203836165,916.0,631.5,140.28898745090436,1087.0,635.25,916.0,631.5,1258.0,639.0,blink,2809,1085.75,633.0,1099,12.388
12.392,1084.9166666666663,629.0,0.2510933667901913,0,0.0,0,143.2211399129555,1255.0,632.5,146.08559134972896,914.0,633.0,140.356688476182,1084.5,632.75,914.0,633.0,1255.0,632.5,blink,2810,1086.25,635.25,1100,12.392
12.396,1085.25,633.9166666666667,0.2379162086139205,0,0.0,0,143.34579976782533,1254.5,641.5,147.08500943332058,915.5,635.5,139.60659010233005,1085.0,638.5,915.5,635.5,1254.5,641.5,blink,2811,1086.25,637.75,1100,12.396
12.4,1085.75,633.5833333333334,0.2497269275693904,0,0.0,0,141.82753967990155,1258.5,641.0,143.22360140703069,914.0,634.5,140.4314779527724,1086.25,637.75,914.0,634.5,1258.5,641.0,blink,2812,1086.25,638.5,1101,12.4
12.404,1088.4166666666667,640.0833333333333,0.2383148768826296,0,0.0,0,145.84343531749505,1262.5,655.0,149.33519344079613,914.0,632.0,142.35167719419397,1088.25,643.5,914.0,632.0,1262.5,655.0,blink,2813,1086.25,641.0,1102,12.404
12.408,1088.0,638.1666666666667,0.2347684174458905,0,0.0,0,148.85851704306768,1262.5,650.0,157.20368952413298,914.0,632.0,140.51334456200237,1088.25,641.0,914.0,632.0,1262.5,650.0,blink,2814,1088.25,643.5,1102,12.408
12.412,1084.5,644.25,0.2507997385335577,0,0.0,0,141.42947763416714,1255.0,658.5,148.4082207965583,913.0,638.5,134.45073447177597,1084.0,648.5,913.0,638.5,1255.0,658.5,blink,2815,1088.25,648.5,1102,12.412
12.416,1090.3333333333333,646.25,0.2456038425071623,0,0.0,0,144.4629459341449,1267.0,662.5,152.3975065412817,914.0,637.0,136.5283853270081,1090.5,649.75,914.0,637.0,1267.0,662.5,blink,2816,1090.5,649.75,1102,12.416
12.42,1092.5833333333333,648.3333333333333,0.2300978998291359,0,0.0,0,148.16382978164097,1270.5,665.0,153.63918770938616,916.0,637.0,142.68847185389575,1093.25,651.0,916.0,637.0,1270.5,665.0,blink,2817,1091.0,651.0,1103,12.42
12.424,1090.5833333333337,649.8333333333334,0.2432619286110568,0,0.0,0,150.60643461482863,1270.0,667.0,158.61904047118682,912.0,637.5,142.5938287584705,1091.0,652.25,912.0,637.5,1270.0,667.0,blink,2818,1092.0,652.25,1103,12.424
12.428,1092.75,650.5,0.2444329092150275,0,0.0,0,145.629039483965,1270.5,668.5,153.73353570382747,915.5,637.0,137.5245432641025,1093.0,652.75,915.5,637.0,1270.5,668.5,blink,2819,1092.0,652.75,1103,12.428
12.432,1091.6666666666667,653.25,0.2230673636447657,0,0.0,0,147.8155853700651,1275.5,673.5,157.91770008456936,908.5,639.0,137.71347065556077,1092.0,656.25,908.5,639.0,1275.5,673.5,blink,2820,1091.0,656.25,1104,12.432
12.436,1085.1666666666663,657.1666666666667,0.2038744052738988,0,0.0,0,148.92675250211624,1268.5,678.5,156.16017418023074,902.5,644.0,141.69333082400175,1085.5,661.25,902.5,644.0,1268.5,678.5,blink,2821,1085.5,656.75,1104,12.436
12.44,1082.0,654.5,0.1994567167705978,0,0.0,0,147.12566443091464,1263.5,673.5,152.74161188098023,902.5,640.0,141.50971698084905,1083.0,656.75,902.5,640.0,1263.5,673.5,blink,2822,1083.0,656.75,1104,12.44
12.444,1073.6666666666663,655.75,0.1921518739548018,1,0.0,0,155.51223826979492,1257.5,674.5,162.36378906640482,892.0,641.0,148.66068747318505,1074.75,657.75,892.0,641.0,1257.5,674.5,blink,2823,1074.75,657.75,1104,12.444
12.448,1074.5,654.6666666666667,0.2408086887661471,0,0.0,0,156.64100431823613,1258.0,667.5,166.86821147240718,891.0,644.5,146.4137971640651,1074.5,656.0,891.0,644.5,1258.0,667.5,blink,2824,1074.5,657.75,1105,12.448
12.452,1069.6666666666663,659.75,0.1772757802706071,0,0.0,0,154.32793486362868,1255.0,675.0,163.48700254148645,887.5,645.5,145.16886718577092,1071.25,660.25,887.5,645.5,1255.0,675.0,blink,2825,1071.25,657.75,1106,12.452
12.456,1062.0,659.25,0.2245257387135971,0,0.0,0,155.11463828507044,1248.0,672.5,162.88953311984167,877.5,650.0,147.33974345029924,1062.75,661.25,877.5,650.0,1248.0,672.5,blink,2826,1062.75,660.25,1106,12.456
12.46,1061.0833333333333,654.9166666666666,0.2454272528277945,0,0.0,0,153.63918784797062,1247.0,667.5,164.68454693747074,877.0,645.5,142.5938287584705,1062.0,656.5,877.0,645.5,1247.0,667.5,blink,2827,1062.0,661.25,1107,12.46
12.464,1061.0,664.0,0.271752643832977,0,1716.1912772184367,0,154.9269282831539,1243.5,682.5,173.23394586512194,878.0,653.5,136.61991070118586,1060.75,668.0,878.0,653.5,1243.5,682.5,saccade,2828,1060.75,668.0,1108,12.464
12.468,1050.25,666.4166666666667,0.2326121358011529,0,2672.194790804288,0,156.28364801398354,1236.0,686.0,170.42300314218147,864.5,654.0,142.1442928857856,1050.25,670.0,864.5,654.0,1236.0,686.0,saccade,2829,1050.25,670.0,1108,12.468
12.472,1037.6666666666663,672.0,0.2540296922630963,0,3439.7719764546323,0,159.45498405729205,1220.5,698.0,173.5655495770978,855.0,653.5,145.34441853748632,1037.75,675.75,855.0,653.5,1220.5,698.0,saccade,2830,1037.75,675.75,1108,12.472
12.476,1014.0,690.3333333333333,0.2460890500979936,0,7338.36238543478,0,156.74381535145116,1202.0,714.5,178.33956375409244,826.0,671.5,135.14806694880988,1014.0,693.0,826.0,671.5,1202.0,714.5,saccade,2831,1014.0,693.0,1108,12.476
12.48,999.9166666666666,722.0,0.2483326596515448,0,8891.929276035511,0,155.04685206484382,1182.0,752.0,184.69434208984316,816.0,698.5,125.39936203984452,999.0,725.25,816.0,698.5,1182.0,752.0,saccade,2832,999.0,725.25,1108,12.48
12.484,975.75,754.1666666666666,0.2527196641686774,0,10412.770104541052,0,159.8248409600416,1164.5,795.5,186.18807695446023,784.0,722.0,133.46160496562297,974.25,758.75,784.0,722.0,1164.5,795.5,saccade,2833,974.25,758.75,1108,12.484
12.488,956.5,782.5833333333333,0.2492825852296099,0,8253.787009610498,0,164.9304535372126,1148.0,825.5,200.4120754844877,762.5,746.0,129.4488315899375,955.25,785.75,762.5,746.0,1148.0,825.5,saccade,2834,955.25,785.75,1108,12.488
12.492,947.8333333333331,791.4166666666667,0.2512627811534895,0,2124.99999999929,0,165.67097460041754,1140.0,833.5,206.34194920083507,753.5,756.0,125.0,946.75,794.75,753.5,756.0,1140.0,833.5,saccade,2835,946.75,785.75,1108,12.492
12.496,942.9166666666669,782.75,0.2639265179793776,0,875.0000000000964,0,162.2710137276721,1141.5,822.5,192.62917743685665,745.0,749.5,131.91285001848755,943.25,786.0,745.0,749.5,1141.5,822.5,saccade,2836,943.25,785.75,1108,12.496
12.5,925.5833333333331,759.4166666666667,0.2665546663464674,0,6962.511220817578,0,168.01343311433186,1123.0,800.5,202.89159667172024,730.0,726.5,133.13526955694348,926.5,763.5,730.0,726.5,1123.0,800.5,saccade,2837,926.5,763.5,1108,12.5
12.504,921.3333333333334,737.4166666666667,0.2663399303358754,0,5683.377626905247,0,172.17203063259942,1123.0,768.0,204.6264889988586,723.5,714.0,139.71757226634023,923.25,741.0,723.5,714.0,1123.0,768.0,saccade,2838,923.25,741.0,1108,12.504
12.508,910.0833333333331,726.5,0.2768011330173612,0,3414.1250709372916,0,171.38140081839308,1116.0,755.5,202.2992832414391,705.5,704.5,140.46351839534705,910.75,730.0,705.5,704.5,1116.0,755.5,saccade,2839,910.75,735.5,1108,12.508
12.512,892.3333333333333,724.6666666666667,0.2803441689171806,0,4374.999999998539,0,169.09158926133964,1098.5,750.0,203.24615617521528,688.0,707.0,134.937022347464,893.25,728.5,688.0,707.0,1098.5,750.0,saccade,2840,893.25,735.5,1108,12.512
12.516,874.25,732.0,0.2607476659674818,0,4375.000000000482,0,170.82741269954585,1078.0,755.5,208.290662296705,673.5,715.5,133.3641631023867,875.75,735.5,673.5,715.5,1078.0,755.5,saccade,2841,875.75,735.5,1108,12.516
12.52,861.0833333333333,756.25,0.2551625065726173,0,6514.706919732411,0,166.82125162898248,1068.0,773.0,208.47062143141417,659.0,744.0,125.1718818265508,863.5,758.5,659.0,744.0,1068.0,773.0,saccade,2842,863.5,758.5,1108,12.52
12.524,857.75,785.0833333333334,0.2558577564537245,0,7675.549654585851,0,166.94602375783947,1062.5,803.5,207.1955597979841,654.0,774.0,126.69648771769484,858.25,788.75,654.0,774.0,1062.5,803.5,saccade,2843,858.25,788.75,1108,12.524
12.528,836.1666666666667,809.3333333333333,0.2605897748369687,0,5731.628259053274,0,173.2335338890831,1047.5,828.5,207.02173798903345,627.5,799.0,139.44532978913278,837.5,813.75,627.5,799.0,1047.5,828.5,saccade,2844,837.5,798.5,1108,12.528
12.532,831.3333333333333,808.4166666666667,0.2528026816840601,0,1187.5000000001307,0,169.4213628554701,1035.5,825.5,205.0219500443794,630.0,800.0,133.82077566656082,832.75,812.75,630.0,800.0,1035.5,825.5,saccade,2845,832.75,798.5,1108,12.532
12.536,814.25,794.6666666666666,0.2620756739420881,0,4375.000000000482,0,170.60255049926064,1014.0,812.0,210.34257771549724,616.5,785.0,130.86252328302402,815.25,798.5,616.5,785.0,1014.0,812.0,saccade,2846,815.25,798.5,1108,12.536
12.54,804.25,765.1666666666666,0.2505139864948248,0,7932.577213618148,0,166.8384136383947,1009.5,781.0,207.0869382650678,601.5,755.0,126.58988901172162,805.5,768.0,601.5,755.0,1009.5,781.0,saccade,2847,806.5,768.0,1108,12.54
12.544,792.25,747.5,0.2786623257849356,0,4437.499999998518,0,167.914411133678,1003.0,765.0,198.01010075246165,586.5,735.5,137.81872151489435,794.75,750.25,586.5,735.5,1003.0,765.0,saccade,2848,806.5,750.25,1108,12.544
12.548,804.75,743.9166666666667,0.264473176871788,0,0.0,0,164.86723102136472,1001.5,758.0,201.0099500024812,611.5,737.5,128.7245120402482,806.5,747.75,611.5,737.5,1001.5,758.0,blink,2849,806.5,750.25,1109,12.548
12.552,807.8333333333333,746.3333333333333,0.2492255384381772,0,0.0,0,165.81632529183634,1002.5,757.0,201.2486024796197,615.0,742.0,130.38404810405297,808.75,749.5,615.0,742.0,1002.5,757.0,blink,2850,808.75,750.25,1110,12.552
12.556,833.4166666666667,788.0,0.2474335622943532,0,0.0,0,169.6585671159018,1040.0,801.5,202.20039564748632,628.5,781.0,137.11673858431726,834.25,791.25,628.5,781.0,1040.0,801.5,blink,2851,834.25,767.75,1110,12.556
12.568,898.4166666666667,781.5833333333334,0.2554254468295672,0,0.0,0,175.43579225144623,1112.5,796.5,207.1183236703117,684.5,774.0,143.75326083258076,898.5,785.25,684.5,774.0,1112.5,796.5,blink,2852,898.5,767.75,1110,12.568
12.572,908.75,763.9166666666667,0.2851625660411577,0,0.0,0,176.35388355694676,1119.0,782.0,204.0,701.5,753.5,148.70776711389354,910.25,767.75,701.5,753.5,1119.0,782.0,blink,2853,898.5,767.75,1111,12.572
12.576,903.6666666666669,751.0,0.2478247641285063,0,0.0,0,179.9242289734567,1120.5,765.0,219.036526634258,690.0,744.0,140.81193131265547,905.25,754.5,690.0,744.0,1120.5,765.0,blink,2854,898.5,758.25,1112,12.576
12.58,891.75,744.3333333333333,0.2717040770059483,0,0.0,0,173.3356622005702,1105.5,763.0,205.00975586542216,683.0,732.0,141.66156853571826,894.25,747.5,683.0,732.0,1105.5,763.0,blink,2855,894.25,758.25,1112,12.58
12.584,881.9166666666666,755.6666666666667,0.2792528013243422,0,0.0,0,172.86061893257823,1089.0,764.0,210.08569680013915,680.0,752.5,135.63554106501732,884.5,758.25,680.0,752.5,1089.0,764.0,blink,2856,884.5,758.25,1112,12.584
12.588,869.25,770.1666666666667,0.2327804015764009,0,0.0,0,164.23431610988797,1082.0,778.0,204.00980368599937,658.5,770.5,124.45882853377658,870.25,774.25,658.5,770.5,1082.0,778.0,blink,2857,884.5,768.25,1112,12.588
12.592,872.75,777.0833333333333,0.2620090190362247,0,0.0,0,171.067215715538,1088.5,786.5,207.06037766796427,659.0,776.5,135.07405376311175,873.75,781.5,659.0,776.5,1088.5,786.5,blink,2858,884.5,768.25,1113,12.592
12.596,891.0,764.1666666666667,0.2605370630773433,0,0.0,0,171.60683150097918,1100.0,775.0,206.15528128088303,684.0,761.5,137.05838172107534,892.0,768.25,684.0,761.5,1100.0,775.0,blink,2859,890.25,768.25,1114,12.596
12.6,889.8333333333334,735.3333333333333,0.2446264343264658,0,0.0,0,175.58273286425265,1107.0,757.0,210.00952359357424,673.5,724.0,141.15594213493105,890.25,740.5,673.5,724.0,1107.0,757.0,blink,2860,892.0,740.5,1114,12.6
12.604,907.3333333333331,715.25,0.2711942281196501,0,0.0,0,177.95034264800805,1119.5,727.0,209.0095691589263,696.0,710.5,146.8911161370898,907.75,718.75,696.0,710.5,1119.5,727.0,blink,2861,907.75,718.75,1114,12.604
12.608,911.8333333333334,698.9166666666667,0.2555697153932476,0,0.0,0,178.41103563126393,1136.5,714.5,209.02152999152983,688.0,692.5,147.80054127099805,912.25,703.5,688.0,692.5,1136.5,714.5,blink,2862,910.75,703.5,1114,12.608
12.612,914.3333333333334,688.0,0.2758928214399769,0,0.0,0,180.74029570024408,1133.5,707.0,211.03791128610044,696.5,678.0,150.44268011438774,915.0,692.5,696.5,678.0,1133.5,707.0,blink,2863,910.75,699.75,1114,12.612
12.616,909.4166666666669,689.4166666666666,0.2635529333736207,0,0.0,0,183.36469305019412,1130.5,707.5,211.0213259365034,691.0,680.5,155.7080601638849,910.75,694.0,691.0,680.5,1130.5,707.5,blink,2864,910.75,699.75,1115,12.616
12.62,898.75,695.75,0.2791710336548483,0,0.0,0,178.71615258198827,1120.5,707.5,215.02092921387907,677.5,692.0,142.4113759500975,899.0,699.75,677.5,692.0,1120.5,707.5,blink,2865,901.25,699.5,1116,12.62
12.624,899.8333333333333,696.25,0.291245728020446,0,0.0,0,181.44033155132144,1117.5,704.0,215.23243250030885,685.0,697.0,147.648230602334,901.25,700.5,685.0,697.0,1117.5,704.0,blink,2866,901.25,699.5,1117,12.624
12.628,899.25,695.4166666666667,0.3030293285993232,0,0.0,0,178.44501796109927,1118.5,705.0,217.1474153656912,680.0,694.0,139.74262055650738,899.25,699.5,680.0,694.0,1118.5,705.0,blink,2867,901.25,699.5,1117,12.628
12.632,901.0833333333331,689.0833333333333,0.287862864420754,0,0.0,0,175.42427288760263,1113.0,692.0,202.35612172603032,693.5,693.5,148.492424049175,903.25,692.75,693.5,693.5,1113.0,692.0,blink,2868,903.25,692.75,1118,12.632
12.636,906.75,689.25,0.2900849649277128,0,0.0,0,185.02927411246475,1117.0,697.0,210.15232570685484,698.5,688.5,159.90622251807463,907.75,692.75,698.5,688.5,1117.0,697.0,blink,2869,906.75,692.75,1118,12.636
12.64,911.5833333333331,684.0,0.2758984938698771,0,0.0,0,180.8845834297372,1124.5,692.5,207.1955597979841,701.5,683.0,154.5736070614903,913.0,687.75,701.5,683.0,1124.5,692.5,blink,2870,906.75,688.0,1118,12.64
12.644,905.5,684.0833333333334,0.2916689317154998,0,0.0,0,181.36024167241985,1122.5,685.5,209.5375861271672,691.0,690.5,153.18289721767243,906.75,688.0,691.0,690.5,1122.5,685.5,blink,2871,906.75,687.75,1119,12.644
12.648,903.1666666666669,679.25,0.296077564769884,0,0.0,0,177.60933001270396,1115.0,682.5,208.40585404445812,696.5,683.5,146.81280598094978,905.75,683.0,696.5,683.5,1115.0,682.5,blink,2872,906.25,687.75,1119,12.648
12.652,904.5833333333331,681.6666666666667,0.2973054424070131,0,0.0,0,174.9481460768128,1120.5,688.0,209.46837470128995,692.0,683.0,140.42791745233566,906.25,685.5,692.0,683.0,1120.5,688.0,blink,2873,905.75,688.0,1119,12.652
12.656,896.8333333333333,693.0,0.2768661799623453,0,0.0,0,176.5690753859174,1109.5,702.0,213.23461257497573,685.0,692.5,139.90353819685905,897.25,697.25,685.0,692.5,1109.5,702.0,blink,2874,903.0,691.25,1120,12.656
12.66,899.0,687.1666666666666,0.3065335295575626,0,0.0,0,173.455021693485,1117.5,697.5,211.1160818128264,682.0,685.0,135.79396157414365,899.75,691.25,682.0,685.0,1117.5,697.5,blink,2875,903.0,697.0,1120,12.66
12.664,902.0,693.0833333333334,0.2934898496943902,0,0.0,0,181.0975187345057,1117.0,699.5,214.39449619801343,689.0,694.5,147.80054127099805,903.0,697.0,689.0,694.5,1117.0,699.5,blink,2876,903.0,697.25,1121,12.664
12.668,906.5,696.75,0.3038574751878095,0,0.0,0,178.7343059289965,1123.0,710.5,216.05786262017867,692.5,692.0,141.41074923781431,907.75,701.25,692.5,692.0,1123.0,710.5,blink,2877,907.0,701.25,1122,12.668
12.672,904.9166666666669,703.3333333333333,0.2965107688907273,0,0.0,0,176.92530848039513,1124.0,718.0,210.0,690.0,697.5,143.85061696079026,907.0,707.75,690.0,697.5,1124.0,718.0,blink,2878,907.75,707.75,1122,12.672
12.676,911.4166666666666,710.5833333333333,0.3050216760486497,0,0.0,0,178.53267460283573,1132.0,725.0,214.03737991294884,693.5,706.0,143.02796929272262,912.75,715.5,693.5,706.0,1132.0,725.0,blink,2879,912.75,715.5,1122,12.676
12.68,919.0833333333334,715.6666666666667,0.2905883586468554,0,0.0,0,181.77527786262036,1136.5,722.5,215.05813167606567,704.5,717.5,148.492424049175,920.5,720.0,704.5,717.5,1136.5,722.5,blink,2880,920.5,720.0,1122,12.68
12.684,930.6666666666666,717.75,0.3042586287921848,0,0.0,0,179.5682412619682,1147.5,728.0,213.15018179677915,717.0,716.0,145.98630072715727,932.25,722.0,717.0,716.0,1147.5,728.0,blink,2881,925.5,720.0,1122,12.684
12.688,926.5,719.1666666666667,0.3109281176821013,0,0.0,0,176.32466818319193,1146.0,729.0,210.2379604162864,707.5,718.0,142.4113759500975,926.75,723.5,707.5,718.0,1146.0,729.0,blink,2882,925.5,722.0,1123,12.688
12.692,923.8333333333334,716.0833333333333,0.293014282769779,0,0.0,0,176.0838387596403,1140.0,726.0,208.153789300123,711.0,714.0,144.01388821915754,925.5,720.0,711.0,714.0,1140.0,726.0,blink,2883,925.5,723.5,1123,12.692
12.696,923.0,736.9166666666667,0.2868174294250931,0,0.0,0,181.1417015650105,1145.5,743.0,221.0,703.0,738.5,141.2834031300209,924.25,740.75,703.0,738.5,1145.5,743.0,blink,2884,925.5,740.75,1124,12.696
12.7,922.8333333333331,746.3333333333334,0.2887439085025429,0,0.0,0,175.9228172926936,1145.5,754.5,215.02092921387907,701.0,744.5,136.82470537150812,923.25,749.5,701.0,744.5,1145.5,754.5,blink,2885,925.5,743.5,1124,12.7
12.704,938.3333333333331,747.6666666666666,0.2926897411466173,0,0.0,0,182.96665925596523,1157.0,756.0,216.0,725.0,747.0,149.9333185119305,941.0,751.5,725.0,747.0,1157.0,756.0,blink,2886,938.0,743.5,1124,12.704
12.708,937.25,739.1666666666667,0.2699520446199264,0,0.0,0,183.79192665899197,1160.0,749.0,214.0,716.0,738.0,153.5838533179839,938.0,743.5,716.0,738.0,1160.0,749.0,blink,2887,941.0,743.75,1124,12.708
12.712,951.0,739.1666666666667,0.2695741656765622,0,0.0,0,177.22945580597147,1169.5,751.0,213.03755537463343,731.0,735.0,141.4213562373095,950.25,743.0,731.0,735.0,1169.5,751.0,blink,2888,945.5,743.75,1124,12.712
12.716,946.0833333333331,739.6666666666667,0.2703862211721086,0,0.0,0,184.8208579690813,1168.0,751.5,216.05786262017867,723.0,736.0,153.5838533179839,945.5,743.75,723.0,736.0,1168.0,751.5,blink,2889,945.5,743.75,1125,12.716
12.72,946.4166666666669,743.25,0.2840953422610407,0,0.0,0,174.16102343295933,1162.5,752.0,207.03864373589775,729.0,743.5,141.2834031300209,945.75,747.75,729.0,743.5,1162.5,752.0,blink,2890,945.75,747.75,1126,12.72
12.724,943.5833333333334,755.5833333333333,0.280865217943051,0,0.0,0,185.0180137544972,1161.0,761.5,222.056299167576,724.5,758.5,147.97972834141845,942.75,760.0,724.5,758.5,1161.0,761.5,blink,2891,945.75,754.0,1126,12.724
12.728,953.6666666666669,755.75,0.2843150656346787,0,0.0,0,177.69862812078168,1169.5,760.5,205.0609665440988,738.5,759.0,150.3362896974646,954.0,759.75,738.5,759.0,1169.5,760.5,blink,2892,954.0,754.0,1126,12.728
12.732,960.1666666666669,750.5,0.2532633708459579,0,0.0,0,180.96294603027928,1181.5,755.0,209.0861066642162,738.0,753.0,152.8397853963424,959.75,754.0,738.0,753.0,1181.5,755.0,blink,2893,959.75,754.0,1126,12.732
12.736,978.25,737.3333333333333,0.2635364162036706,0,0.0,0,171.74302354321787,1184.0,743.0,196.25493624365225,772.0,737.5,147.2311108427835,978.0,740.25,772.0,737.5,1184.0,743.0,blink,2894,978.0,740.25,1126,12.736
12.74,986.0,728.6666666666667,0.2655244742431571,0,0.0,0,175.4813668601289,1196.5,729.5,203.1994094479608,774.5,734.5,147.763324272297,985.5,732.0,774.5,734.5,1196.5,729.5,blink,2895,984.5,738.5,1126,12.74
12.744,989.3333333333331,730.0,0.2606637754332775,0,0.0,0,173.4577499095448,1197.5,732.0,197.1623696347759,780.5,734.5,149.75313018431368,989.0,733.25,780.5,734.5,1197.5,732.0,blink,2896,985.25,738.5,1127,12.744
12.748,984.25,735.3333333333333,0.2589894199562186,0,0.0,0,170.3812291332892,1196.0,734.0,194.0927613281856,773.0,743.0,146.66969693839283,984.5,738.5,773.0,743.0,1196.0,734.0,blink,2897,985.5,738.5,1127,12.748
12.752,985.3333333333334,739.25,0.2576314604992488,0,0.0,0,169.75785769388375,1197.0,738.0,198.16155025635015,773.5,748.0,141.35416513141735,985.25,743.0,773.5,748.0,1197.0,738.0,blink,2898,988.5,738.5,1128,12.752
12.756,987.5,738.5833333333334,0.2678986072184689,0,0.0,0,167.4859598639617,1197.5,734.5,185.21878954360972,779.5,748.5,149.75313018431368,988.5,741.5,779.5,748.5,1197.5,734.5,blink,2899,988.5,738.5,1129,12.756
12.76,998.0,734.0,0.2818181859217129,0,0.0,0,168.28227768990826,1201.5,733.5,191.3164917094185,795.0,741.5,145.24806367039804,998.25,737.5,795.0,741.5,1201.5,733.5,blink,2900,996.25,737.5,1130,12.76
12.764,996.9166666666669,728.5833333333333,0.2644987742695492,0,0.0,0,167.45433738963,1204.0,726.5,192.3148460207896,790.0,737.5,142.5938287584705,997.0,732.0,790.0,737.5,1204.0,726.5,blink,2901,996.25,732.0,1130,12.764
12.768,995.1666666666669,724.5833333333333,0.2662230174097413,0,0.0,0,170.33086466508712,1196.5,723.5,191.3164917094185,796.0,733.0,149.34523762075577,996.25,728.25,796.0,733.0,1196.5,723.5,blink,2902,996.25,732.0,1131,12.768
12.772,988.1666666666669,725.3333333333333,0.2746370397572008,0,0.0,0,166.49595012994064,1193.5,722.5,185.32673849177837,784.5,733.0,147.6651617681029,989.0,727.75,784.5,733.0,1193.5,722.5,blink,2903,989.0,732.0,1132,12.772
12.776,986.5,729.0,0.2594724077340437,0,0.0,0,165.9458292767036,1192.0,728.0,192.3746345025768,780.5,737.0,139.51702405083043,986.25,732.5,780.5,737.0,1192.0,728.0,blink,2904,989.0,732.5,1133,12.776
12.78,986.5833333333334,732.5833333333333,0.2697675242167726,0,0.0,0,164.38453367713964,1186.5,728.0,187.1710447692164,787.5,744.5,141.59802258506295,987.0,736.25,787.5,744.5,1186.5,728.0,blink,2905,989.0,736.25,1134,12.78
12.784,989.4166666666669,734.0,0.2709855868583862,0,0.0,0,164.90365392874816,1192.0,730.5,186.21761463406196,786.5,744.5,143.58969322343438,989.25,737.5,786.5,744.5,1192.0,730.5,blink,2906,987.0,737.25,1134,12.784
12.788,991.1666666666666,734.9166666666667,0.2876925691504128,0,0.0,0,162.15661595191506,1189.5,734.0,185.27007313648903,793.0,742.5,139.04315876734103,991.25,738.25,793.0,742.5,1189.5,734.0,blink,2907,987.0,737.25,1135,12.788
12.792,984.8333333333331,734.3333333333334,0.2652057855150284,0,0.0,0,160.65711658681232,1184.5,732.5,173.64907140552177,787.5,742.0,147.6651617681029,986.0,737.25,787.5,742.0,1184.5,732.5,blink,2908,986.0,737.25,1135,12.792
12.796,968.75,723.3333333333334,0.2697140378540617,0,0.0,0,157.9982423060547,1165.0,720.5,176.47946056127893,773.5,731.0,139.51702405083043,969.25,725.75,773.5,731.0,1165.0,720.5,blink,2909,969.25,725.75,1136,12.796
12.8,964.6666666666669,713.5,0.2741777393654145,0,0.0,0,158.12102332602382,1152.5,712.0,181.70580618131052,777.0,722.0,134.5362404707371,964.75,717.0,777.0,722.0,1152.5,712.0,blink,2910,964.75,717.0,1136,12.8
12.804,962.8333333333334,709.0833333333333,0.2905935952806237,0,0.0,0,151.8037369453366,1146.5,711.0,173.738308959193,779.5,713.5,129.8691649314802,963.0,712.25,779.5,713.5,1146.5,711.0,blink,2911,963.0,717.0,1137,12.804
12.808,958.6666666666669,711.25,0.2806614429902646,0,0.0,0,157.74382755715732,1146.0,714.0,178.54971296532514,776.0,715.0,136.93794214898952,961.0,714.5,776.0,715.0,1146.0,714.0,blink,2912,962.375,715.75,1137,12.808
12.812,959.25,718.75,0.2925308001793808,0,0.0,0,155.08915204962778,1144.0,716.5,176.63804799646084,779.5,727.0,133.5402561027947,961.75,721.75,779.5,727.0,1144.0,716.5,blink,2913,961.75,714.5,1137,12.812
